,video_id,comment,likes
1,0IZS7ucM9qQ,your cooking idea is very easy,0
2,0IZS7ucM9qQ,Mam sir namak h kaise bnega matar pulao 😢😮😅,0
3,0IZS7ucM9qQ,Can we use coconut milk or plain milk instead of water? Does that enhance flavor?,0
4,0IZS7ucM9qQ,Hello Kavita ji ! Can I add kismis in this recipe?,0
5,0IZS7ucM9qQ,Miss Kavita l saw you first time in master chief India 😊😊😊😊😊,0
6,0IZS7ucM9qQ,Jeera na dalne ka reason kya hai?,0
7,0IZS7ucM9qQ,Ma'am onion daal sakte hai ?????,0
8,0IZS7ucM9qQ,Wahh madam ji 😂,0
9,0IZS7ucM9qQ,Mujhe bhi khana hai matar Pulao 😋,0
10,0IZS7ucM9qQ,Thank you for sharing this recipe it was very delicious. Pls let me know if we double the quantity of rice then spice shud be doubled ?,0
11,0IZS7ucM9qQ,Kya lemon juice v add kr skte hai??,0
12,0IZS7ucM9qQ,Really it looks delicious 😋❤,0
13,0IZS7ucM9qQ,Very nice 🎉🎉❤,0
14,0IZS7ucM9qQ,This pulav is always a hit with my family- they wait for me to make it for them ❤❤❤,0
15,0IZS7ucM9qQ,I tried 1st time really yummy,0
16,0IZS7ucM9qQ,Lovely so we do not have to add onion and ginger garlic,0
17,0IZS7ucM9qQ,Ma'am rice or matar cups ke hisab se Kitna hoga,0
18,0IZS7ucM9qQ,Nice recipe...but i will definitely try this ❤👌🙂,0
19,0IZS7ucM9qQ,Maine abhi ye pulao banaya aur achha bana lekin aapne zira dalne ko mana kyo keya.I like zira ki Khusboo.I am missing zira now 😢.Aab to pulao ban gaya Aab mein Kya karo,0
20,0IZS7ucM9qQ,No ignger garlic,0
23,0IZS7ucM9qQ,will definitely try this weekend 😊,0
24,0IZS7ucM9qQ,Am going to make it but without kaju. Hate to use dry fruits in pullao. Am sure it will turn out well like your other recipes that i have followed. Thanks,0
25,0IZS7ucM9qQ,Can qe used soaked boiled dry peas?,0
26,0IZS7ucM9qQ,Easy and time saver,0
27,0IZS7ucM9qQ,Super Speciality matter pulav,0
30,0IZS7ucM9qQ,Moisture waale hi chahiye thode oily,1
31,0IZS7ucM9qQ,One of the best cooking video I have ever seen .Very informative and straight forward,0
32,0IZS7ucM9qQ,"I made this pulav first time, following your recipe, and my husband said ""pulav ho to aisa"", hotel ke tatse se bhi acha laga unhe. Thanks a lot.",17
33,0IZS7ucM9qQ,Maim your recipe very helpful and delicious 😋🤤,0
34,0IZS7ucM9qQ,Bahut badhiya hai try this recipe,0
35,0IZS7ucM9qQ,"I tried this recipe.....it wonderfully worked with correct proportion of rice & water, perfect timing & proper no. of whistles but the rice grains got stick together though nothing got stick on the  bottom of cooker. Only this difficulty am facing. Would you like to guide me to get rid of this?",0
36,0IZS7ucM9qQ,Thank you mam,0
37,0IZS7ucM9qQ,"Made it for my family,  it came out very nicely. Thank you.Why should we not use cumin seeds ?",0
38,0IZS7ucM9qQ,"Where is chilli in the recipe ,it will be plain without chilli",0
39,0IZS7ucM9qQ,I have got interest in cooking from you only.. thank you ma'am,0
40,0IZS7ucM9qQ,Very good recipe.,0
42,0IZS7ucM9qQ,What shall be the best non veg curry for this recipe,0
43,0IZS7ucM9qQ,This is the perfect recipe...I checked out others and in everything onions were added. Thanks,0
44,0IZS7ucM9qQ,Majedar lajatdar aap ki ressipi,0
45,0IZS7ucM9qQ,Aap koun sa rice use karti hain,0
46,0IZS7ucM9qQ,Why we need to wait for water to boil and then cover the lid? Please tell,0
47,0IZS7ucM9qQ,Turns out well every time I make it. Thank you for sharing this recipe!,0
48,0IZS7ucM9qQ,Kabita ma'm I tried it today it turned out really wonderful it looks so yummy and taste also very good..my kid and husband liked it very much ..thanks for making efforts for such recipies ..😊,0
49,0IZS7ucM9qQ,Absolutely easy recipe! Turned out good! I added very finely chopped small carrot for some added colour :),1
50,0IZS7ucM9qQ,Pullao turned out so delicious thankuu,0
53,0IZS7ucM9qQ,Lovely recipe thanks a lot 🥰❤️,1
54,0IZS7ucM9qQ,Bow.Realy amazing.Pripairation isvery nice.,1
55,0IZS7ucM9qQ,Very teste recipes 👍👍👍,1
56,0IZS7ucM9qQ,Very very beautiful 👌🏻👌🏻🥰,1
58,0IZS7ucM9qQ,Awesome recipe 👍,2
59,0IZS7ucM9qQ,Very nice recipe madam.... Loved it,1
60,0IZS7ucM9qQ,Mam aapne aapke veg pulao video me kaha tha ke high flame pe 1 siti abh kehrahe ho 2 siti main confused h gayi mam please suggest kijiye 🙏,0
61,0IZS7ucM9qQ,Hi mamAap ne pulav ki har recipe me pani ka naap alag alag bataya he,0
62,0IZS7ucM9qQ,Kavita ji I am big fan of yours.,1
63,0IZS7ucM9qQ,Apka recipe simple rehti hai acha lagta hai varna etna tham jham dekhate hai baki Youtubers,1
64,0IZS7ucM9qQ,"I love all yr recipes, bcse they r simple n easy. Kp it up.",1
65,0IZS7ucM9qQ,This is such a simple yet tasty recipie. I have made it so many times and each time it comes out so tasty!!,6
66,0IZS7ucM9qQ,"No chilli so no khara, or no spice. It will be only salty",0
67,0IZS7ucM9qQ,"Today iam going to cook matar pulao kavita ji, very nice",1
68,0IZS7ucM9qQ,Is video mein aapane bataya hai ki ek gilas chawal ke liye sa gilas Pani but Maine aapka dusra video dekha tha jismein ek gilas chawal ke liye dedh gilas Pani bataya tha I m confuse,0
69,0IZS7ucM9qQ,Aapka recipe mujhe bahut pasand aata hai didi,1
70,0IZS7ucM9qQ,Hello.chefNice.PuloaChef.Manuel.Bombay,1
71,0IZS7ucM9qQ,"Once in a week, I cook this. Easy to do... Taste delicious...Please post more recipes like this",1
72,0IZS7ucM9qQ,Very delicious 👍❤️,1
73,0IZS7ucM9qQ,Aapki yeh recipe mai har winter try karti hu😋,2
74,0IZS7ucM9qQ,Very very nice cooking,0
75,0IZS7ucM9qQ,Fantastic 👌,1
76,0IZS7ucM9qQ,Veeeeeery yammi bana hai mam...Zabardast... Thanks mam.... From Qatar 🇶🇦,1
77,0IZS7ucM9qQ,Mam main abhi pressure cooker main nahi balki open non stick bartan main bana raha hun tou rice main kitna pani dena hoga finally please abhi bata den?,0
79,0IZS7ucM9qQ,Dear madam your recipes is so good iam watching👀 daily your  video s,1
80,0IZS7ucM9qQ,I followed your recipe.😊It is the best pulao recipe 👌👌,2
81,0IZS7ucM9qQ,Ur instructions are crystal clear.     Thank U ..  . Very helpful for beginners,1
82,0IZS7ucM9qQ,Without adding taste maker how will it taste good?,0
83,0IZS7ucM9qQ,Hi kabita. Thanx a ton . I made it which was  relished by everyone,1
84,0IZS7ucM9qQ,I was searching ur old vdos. Nice to go thru. 🙏🙏,1
85,0IZS7ucM9qQ,"Thanks for this delicious recipe,  how much can I make in a 7 littered pressure cooker and then what will its measurements (no. Whistle,  water and other ingredients)?",0
87,0IZS7ucM9qQ,Aapne namak nhi dala kya,0
88,0IZS7ucM9qQ,"Nice presentation. I would like to suggest  to add 1 tsp kitchen king masala, pinch of sugar & 1 tbsp lemon juice to enhance its taste.",0
90,0IZS7ucM9qQ,Beautiful dish mam testy❤❤❤❤❤❤❤❤❤🙏🙏🙏🙏👍👍👍👍👌👌👌👌👌👌👏👏👏👏👏👏,2
91,0IZS7ucM9qQ,Aap mere favorite😍 ho,1
92,0IZS7ucM9qQ,SIMPLY.. HI FI NHI.... 🥰🥰🥰🥰🥰BHUT ACCHE... SE AP BATATE HO.....,0
93,0IZS7ucM9qQ,AP BHUT ACHHE SHEF 🥰🥰🥰🙏🙏🙏🙏🙏Ho KAVITA JI.....,1
95,0IZS7ucM9qQ,My kid loves this,0
96,0IZS7ucM9qQ,Didi muje bi sikhna he khana bana na kase jaldi demag me yaad ho,0
97,0IZS7ucM9qQ,Bahot hi mast pulav bana tha thank you ma'am,0
98,0IZS7ucM9qQ,Nice n tasty.,0
99,0IZS7ucM9qQ,The measurements you mentioned in this video is for how many people (no. of heads)? Please tell me.,0
100,0IZS7ucM9qQ,Buter use kr skte hy kya,0
101,0IZS7ucM9qQ,"Thanks to you Kavita, we have delicious food every weekend 👍🙂",7
102,0IZS7ucM9qQ,Bahut badhiya,0
103,0IZS7ucM9qQ,I made this pulao for the first time nd it turned out to be perfect.... 😋😋😋😋.. All loved it 😍thank you so much,1
104,0IZS7ucM9qQ,I like your video becoz u explain recipe without wasting time,0
105,0IZS7ucM9qQ,Bina roast kiye banao,0
107,0IZS7ucM9qQ,Very very nice recipe mam 🙏,1
108,0IZS7ucM9qQ,Wow looks so yummy i will surely try it 😋😋,1
109,0IZS7ucM9qQ,Wow nice 😋😋😋,0
110,0IZS7ucM9qQ,Today I tried this recipe.... awesome Thank  you so much 👍,0
111,0IZS7ucM9qQ,"Super duper recipe...,..😋👌👌👌🤗🤗",0
112,0IZS7ucM9qQ,Mam yellow polao ar alu dam plz dekheye,0
113,0IZS7ucM9qQ,Looks simple and delicious but why don't you add atleast 2 green or red chillies to this cause nothing is there for spices in the recipe....,0
114,0IZS7ucM9qQ,Kabita ji👌 apki her recipe itna easy hota hai ki biggner   v bna le,0
115,0IZS7ucM9qQ,"Hello Kabitaji,You explain procedure very nice.  You are decent & very good person.",0
116,0IZS7ucM9qQ,Mam apki wajah se mummy se gali nhi sun ni padti,0
118,0IZS7ucM9qQ,Jeera flavour deta hai,0
120,0IZS7ucM9qQ,Very nice👌👌,0
121,0IZS7ucM9qQ,"Nothing is added for hot taste very little ,green chilly pest is a must .",0
122,0IZS7ucM9qQ,yummy !! I also tried .. it was delicious ...,0
123,0IZS7ucM9qQ,1 no. Mam hme aapki recipes bhot pasnd aati hai,1
124,0IZS7ucM9qQ,Thanks mam first time mei ekdam best bane the,1
125,0IZS7ucM9qQ,Tried this today and it was really amazing. Thanks for the detailed recipe.,1
126,0IZS7ucM9qQ,Pyaz to daali nhi aapne,0
127,0IZS7ucM9qQ,"Your channel is so helpful for bachelor, moms thanks you so much mam 😊",3
128,0IZS7ucM9qQ,Very nice.. helpful...Good video💐💐💐💐💐,0
129,0IZS7ucM9qQ,Congratulations kavita di.. you can deserve it... because you the best,0
130,0IZS7ucM9qQ,Mam i tried it ..it was awesome and very nice ..thanks alot for your videos ..u are the best teacher ..lot of respect,0
131,0IZS7ucM9qQ,Very nice 👌,0
132,0IZS7ucM9qQ,Without cooker … How much Water,0
134,0IZS7ucM9qQ,Nice recipe 👌,0
137,0IZS7ucM9qQ,"God bless you, keep it up",0
138,0IZS7ucM9qQ,"Thanks, Ma'am, Easy methods  of your Recipes helps me in my home Cooking",0
139,0IZS7ucM9qQ,Thanks madam,1
140,0IZS7ucM9qQ,Madam aaj aap achhe lag rahe hai,1
141,0IZS7ucM9qQ,Amazing sbbb festival prr m yhi pulaoo bnati hu,1
142,0IZS7ucM9qQ,This recipe.... I made it so many times.... It works like a charm.... Itna simple magar utna hi tasty banta hain.... Thank you Kavita ji for this wonderful recipe ❤,0
145,0IZS7ucM9qQ,Good recipe superb thanks for sharing it,0
146,0IZS7ucM9qQ,Main bhi aapke hi tip ke sath follow Kiya aur bahut hi acchi Bani thank you so much tips share karne ke liye,1
147,0IZS7ucM9qQ,Thank you so much,1
148,0IZS7ucM9qQ,Mam I am an engineering student and your recipies are the reason why I m called chef of my hostel 😂,2
149,0IZS7ucM9qQ,How lovely voice you have,0
150,0IZS7ucM9qQ,Awesome and mind blowing. Explained very easily and clearly. Simple steps to follow and great results. Thank you so much for this.,1
151,0IZS7ucM9qQ,Ma'am matar ka colour change ho jata hai light green ho jata hai plz koyi tip bataiye ki colour change n ho,0
152,0IZS7ucM9qQ,Medam Maine banaya to rice patile chipk kyo gaye,0
153,0IZS7ucM9qQ,Thank you very easy  and very nice,0
154,0IZS7ucM9qQ,Very nice n easy recipe 👍,0
155,0IZS7ucM9qQ,🤮🤮 jeera kyon Nahin Dala aapane recipe mein mujhe yah puchna,0
156,0IZS7ucM9qQ,"No onion, no ginger-garlic????? Why not???",0
159,0IZS7ucM9qQ,Super tasteI cooked today 😊,0
160,0IZS7ucM9qQ,Very nice 👌,0
161,0IZS7ucM9qQ,Sup banaiye. Ga,1
162,0IZS7ucM9qQ,Good Evening Kavita ji...I like marar Pulao especially your channel ❤️😘😍🎊,0
163,0IZS7ucM9qQ,Awesome 👌 turned out very tasty 😋,2
165,0IZS7ucM9qQ,Perfect cooking...many pulao recipes are either overspiced or has too much of vegetables.,0
167,0IZS7ucM9qQ,Tastyyyy yum yum yummmm🤤🤤🤤🤤🤤🤤😋😋😋😋,0
168,0IZS7ucM9qQ,Kavitaji my f/b a/c is HackedWhatsApp also Blocked by not updating my new number is 8787420070,0
169,0IZS7ucM9qQ,What is javitri,0
170,0IZS7ucM9qQ,"Hello Ma'am,Maine kl bnaya tha cooker me but unfortunately acha nai bna tha...  Sb hasne lge the.",0
171,0IZS7ucM9qQ,Most of the time I do this recipe n my baby loved it,0
172,0IZS7ucM9qQ,Cashew skip ker sak te he,0
173,0IZS7ucM9qQ,"4 years ago, Kabita ji while cooking this recipe, never knew that she would be hitting 10M and would be one of India's biggest channels! So great!!! 👌🙏💛👏👏",0
174,0IZS7ucM9qQ,Pyaz koun dalega?,0
176,0IZS7ucM9qQ,Yummy receip tried today,0
177,0IZS7ucM9qQ,I tried this recipe... Also added in carrots and raisins. It turned out so well. Everyone loved it❤,3
178,0IZS7ucM9qQ,"Very,very,nice",0
180,0IZS7ucM9qQ,Ma'am jeera na daalne ki koi khaas wejeh hai kya?,0
181,0IZS7ucM9qQ,Tasty pulav,0
182,0IZS7ucM9qQ,Both Are Best.....,0
183,0IZS7ucM9qQ,Acha woooo9,0
184,0IZS7ucM9qQ,You are a savior for people like us who are staying in pardes,17
185,0IZS7ucM9qQ,Awesome Kavitaji,0
186,0IZS7ucM9qQ,"Well, what an easy recipe.Your description voice is simiar to one that's heard on board planes.Thank you for making it so simple.",4
187,0IZS7ucM9qQ,This was very nice without much masala..keeping it very healthy and tasty💕💕💕,2
188,0IZS7ucM9qQ,"Dipak,. Sanu,. 😀😃😄😁😆😅😂🤣☺😊😇🙂🙃😉😌😍🥰😘😗😙😚😋😜😝😛🤑🤗🤪🤨🧐🤓😎🤩🥳🤡🤠😏😒😞😔😟😕🙁☹️😣😖😫😩🥺😤😠😡🤬🤯😶🥵🥶😐😑😯😦😧😮😲😵😳😱😨😰😢🤔🤐🤐😬😾😸😼😿😸☠️🤖👹👺💀👻😹😼💀☠️Dipak,. Sahu,. 👒💄👗🌂👙🌊︵‿︵(°□°)︵‿︵🎾🚛🚒🚓🚙🛴🚒🍉🍌🥭🍍🍇🥦🥦🍠🥝🥔🧀",1
189,0IZS7ucM9qQ,Thank you for this lovely recipe. God bless💜🤗,5
191,0IZS7ucM9qQ,Thank You 🙏,0
194,0IZS7ucM9qQ,Mam....agr..khada msaala ( garam msaala ) kisi ko nhi psnd h ...toh hum usko pees kr daal skte h. Ky....usme koi problem toh nhi 🤨😊,0
195,0IZS7ucM9qQ,You're so soft so decent may God bless you and your family.,8
196,0IZS7ucM9qQ,Absolutely yummy....,0
199,0IZS7ucM9qQ,Aapi aawaj bhut saachi haii,1
201,0IZS7ucM9qQ,I like the way u explained,0
202,0IZS7ucM9qQ,I tried it today..  It was yummy so tasty I loved it,5
203,0IZS7ucM9qQ,Ghe mujhe pasan nhai hai,0
205,0IZS7ucM9qQ,Thank you so much,1
206,0IZS7ucM9qQ,Mdm aapki voice bhut pyari h. ❤️❤️❤️🙏🙏🙏 Mdm   rasgolla kse bnaye.... Q ki mere  bnaye hue to mote hi nhi hote. 😂😂 Mtlb ki chasni ni piite,0
207,0IZS7ucM9qQ,Basmati chawal hai ??,0
208,0IZS7ucM9qQ,Amazing recipe thanks for sharing,1
209,0IZS7ucM9qQ,Tried it for the first time.. and the outcome was DELICIOUS. Thanks for the recipe,6
210,0IZS7ucM9qQ,Mission passed thank you mam,0
211,0IZS7ucM9qQ,Simple and tasty,1
212,0IZS7ucM9qQ,Thanks for your guidance which makes dish simple yet tasty,1
213,0IZS7ucM9qQ,Your receipe is very essay to cook Kavita & tasty also.❤️❤️❤️ Lovely🙏🙏🙏🙏🙏🙏🙏 ❤️❤️❤️❤️,0
214,0IZS7ucM9qQ,Mem please fish pkoda bna ne ki recipe bhi btaaiye,0
215,0IZS7ucM9qQ,i tried it. came out perfect.,1
217,0IZS7ucM9qQ,Good pulaw tastey  recipe  mam,1
218,0IZS7ucM9qQ,I like her no nonsense approach... other chefs waste time in trivial talks and start the actual recipe after 4 minutes of chit chat,3
219,0IZS7ucM9qQ,Very nice recipe😋 mein apki sari videos dekhti hu apki sari videos bahut achhi hai 😘 love frm Goa 🌴🌊,0
220,0IZS7ucM9qQ,Mam 25 logo ke liye kitna basmati chawal lagega Or kitna pani??,0
221,0IZS7ucM9qQ,Very nice Madam Aapka voice bahut sweet,0
222,0IZS7ucM9qQ,Wonderful recipe.. Turned out to be one of the best 👍,1
223,0IZS7ucM9qQ,Hot ki cold,1
225,0IZS7ucM9qQ,I tried this recipe and I love it. Very delicious,4
226,0IZS7ucM9qQ,"Looking so tasty,I will try.",0
227,0IZS7ucM9qQ,Why not use jeera we don't eat without,0
228,0IZS7ucM9qQ,Ye ek gass chaval ka pulaw h or agar hame teen glass chaval ka banana h tab kitna pani use hoga koi bataye plz,0
231,0IZS7ucM9qQ,"Hello, friend. It looks so delicious. It helps a lot with cooking.😋😋",1
232,0IZS7ucM9qQ,Really came out yummy.. thank you so much for reiterating the important tips.,1
233,0IZS7ucM9qQ,Kitna acha pulao hai,0
234,0IZS7ucM9qQ,Very nice di,1
235,0IZS7ucM9qQ,Nhi blkul achchcha nhi h aese nhi bnta..,0
236,0IZS7ucM9qQ,Very nice suggestions. Subesh Kumar Sinha,0
238,0IZS7ucM9qQ,Very good 👍👍Cloves also not used...,0
239,0IZS7ucM9qQ,Oo i make and I like your style of saying things......,0
241,0IZS7ucM9qQ,"It,s so much tasty looking omg👌👌👌👌👌👌👌👌👌👌👌👌👌👌👌👌👌👌👌😋😋😋😋😋😋😋😋😋😋😋🤩🙏",1
242,0IZS7ucM9qQ,Thank you 🙂,0
244,0IZS7ucM9qQ,Delicious 👍🏻,0
246,0IZS7ucM9qQ,Nice mater pulao thank u maim,0
247,0IZS7ucM9qQ,Who watch in 2021,1
248,0IZS7ucM9qQ,Nice recipe & tips.,0
249,0IZS7ucM9qQ,Wah  bhut hi aasan trika bataya aapna dhanyavaad,0
250,0IZS7ucM9qQ,Yummy very nice,0
251,0IZS7ucM9qQ,Proud jeera Dal sakte hain,1
252,0IZS7ucM9qQ,Aap mircha dalna bhul gai kya 😁😁,0
253,0IZS7ucM9qQ,Delicious food,0
254,0IZS7ucM9qQ,Very nice me v try krungi,0
255,0IZS7ucM9qQ,Nice 👌🏻👌🏻👌🏻,0
256,0IZS7ucM9qQ,Apke bolne or samjhane ka tarika bohot hi anokha hai..thank u Mam😍,0
257,0IZS7ucM9qQ,Yummy and easy to make 👌👍🙏,1
258,0IZS7ucM9qQ,Thnk u mam I tried first time n it's cooked awesome... Mmmmuuuuaaaahhhhhh lov u a lot mam... Bht acha bana mera pulao,1
260,0IZS7ucM9qQ,Today I made this and my family loved it❤️ thank you so much👍,0
261,0IZS7ucM9qQ,Very nice Di agar 2 glass chawal hai to Pani Kitna dallay or peeli moongi daal ki khichri ki recepi b btao di,0
262,0IZS7ucM9qQ,Aap ne to mirchi dali nahi 😁😉,0
264,0IZS7ucM9qQ,If dont want to cook in cooker then how to do,0
265,0IZS7ucM9qQ,Very easy  and tasty,1
267,0IZS7ucM9qQ,upar se fried onions daalkar serve karen toh aur bhi tasty ho jaata hai. Peas pulao is my favourite. I like to eat it with toor dal fry or chole. :-),0
268,0IZS7ucM9qQ,Nice ❤️❤️❤️❤️❤️❤️❤️❤️❤️❤️❤️,1
269,0IZS7ucM9qQ,Main bahut achcha banaya aap ki tric se bahut achcha hai,2
270,0IZS7ucM9qQ,Your recipes very good,1
271,0IZS7ucM9qQ,Woww Yummy And so easy Looking awesome and delicious.,0
272,0IZS7ucM9qQ,Bina cooker ke kaise banaye 😂😂,0
273,0IZS7ucM9qQ,Very delicious and my favorite Rice Mam. Thank you so much upload this Rice Recipe..,5
274,0IZS7ucM9qQ,Amazing recipe 👍👍👍,0
275,0IZS7ucM9qQ,The rice you use on daily basis & the one u use to make pulao/biryani - could you let me know the brand pls?,0
278,0IZS7ucM9qQ,Very nice reciepe. I 'll try.,1
279,0IZS7ucM9qQ,I tried this Recipe n it came out really well.. Thank You For Sharing These Amazing Recipes With Most Important Tips n Tricks 🙏❤️,1
280,0IZS7ucM9qQ,"Aapki aawaj bahot achhi hai .. aur aap bahot achhe se samzati hai....,,,👌",0
281,0IZS7ucM9qQ,Awesome 🥰🥰🥰,1
283,0IZS7ucM9qQ,Mouth watery 😋,1
285,0IZS7ucM9qQ,Good looking 👍❤️,0
286,0IZS7ucM9qQ,Very nice video mam. For matar pulao which side dish will be the best ?,0
288,0IZS7ucM9qQ,Thanks you so much mam ✌️,0
289,0IZS7ucM9qQ,Tej pta v nhi h ghee v nhi h bhut sare chij nhi h to kya kre,0
290,0IZS7ucM9qQ,Matter nhi h hamre yha kux or dal skte b ...,0
291,0IZS7ucM9qQ,good time cook,0
294,0IZS7ucM9qQ,Amazing ma'am,1
295,0IZS7ucM9qQ,Thanks mam....I had tried that,0
296,0IZS7ucM9qQ,Bohot swadisht polaav banaa h👌,1
297,0IZS7ucM9qQ,"Wow I tried n that looked awesomeN very tasty my son loved that, I will make it again thank u maam",9
299,0IZS7ucM9qQ,I tried and came out to be awesome.. thank you so much!!,2
300,0IZS7ucM9qQ,Easy ....thank u,0
301,0IZS7ucM9qQ,"Hello madam,i tried it today. My all family members love it. Its raste amazing,😋😋😋",1
302,0IZS7ucM9qQ,Thanks madam🥰,0
304,0IZS7ucM9qQ,I am very amateur when it comes to cooking but I followed your recipe extremely carefully and the results were Amazing ❤ loved it...Thank you,2
305,0IZS7ucM9qQ,Chili use ni ki ap ne,0
307,0IZS7ucM9qQ,Thank you bhabi ji. Aap ka recipe bohut hi kamal ka hai,0
308,0IZS7ucM9qQ,16m views 😵,0
309,0IZS7ucM9qQ,Hello mam app ka sara recipe acha lag te hai,1
310,0IZS7ucM9qQ,I like this channel trying to learn how to prepare Indian foods the easy and healthy way.,0
311,0IZS7ucM9qQ,This recipe is very good I love it,0
312,0IZS7ucM9qQ,Kanitaji namaskar.  What a perfect measurement.  I prepare  n its quite nice. Thanks.,0
313,0IZS7ucM9qQ,I have also tried 2/3 times. It came superb. Ty so much kabita ji. 🙏🏼🙏🏼❤❤,1
314,0IZS7ucM9qQ,What to add for spice....??,0
315,0IZS7ucM9qQ,"I wish you were my neighbour so easy, hasslefree and healthy as well",2
316,0IZS7ucM9qQ,Wah so simple. 👍👏👏👏🤤,0
318,0IZS7ucM9qQ,Kaju  ko skip kr skte h kya,1
319,0IZS7ucM9qQ,"Thank you mam, looks yummy 👍👍👍",1
320,0IZS7ucM9qQ,Thanku mam..aap bahut achhe se batati hai aur wo aasani se samangh me aa jata hai...maine aapka mitha palow v try kiya bahut tasty bana,1
321,0IZS7ucM9qQ,Looking delicious,1
322,0IZS7ucM9qQ,I like all your recipe and I like to see over and over again,0
323,0IZS7ucM9qQ,Bohot accha,1
324,0IZS7ucM9qQ,how to make this in open pot? what should be the ratio of water? and should i cook it on low flame or high flame?,0
325,0IZS7ucM9qQ,nice recipe,0
327,0IZS7ucM9qQ,Can u  pls.share moong dal halwa  without milk.,0
328,0IZS7ucM9qQ,Nice and simple. I like your recipees,2
329,0IZS7ucM9qQ,Nice recepi mam tq,0
330,0IZS7ucM9qQ,afgw8dffgalf7faosvskf,0
333,0IZS7ucM9qQ,Kabitaji how to make tofu?,1
334,0IZS7ucM9qQ,Bahut Achcha Laga aapka recipe,0
335,0IZS7ucM9qQ,Just Wow....I can't believe that mere hath se itna achha rice bana aaj... Thank you so much....it was very testy.... N.. Nice look alsoVery nice recipe...👍,3
336,0IZS7ucM9qQ,I tried this recipe just amazing thank you so much ❤,12
337,0IZS7ucM9qQ,Bahut hi achcha banata aapka mutton pulao,0
338,0IZS7ucM9qQ,"Bohut easy hai ye toh ,nice",0
339,0IZS7ucM9qQ,I also tried this recipe..turned out really delicious..,3
340,0IZS7ucM9qQ,"KabitaJi, i tried this Pulao in today's lunch. Truly, awesome ❤️ My Mother and Neighbour loved this Pulao. I served with your Paneer Ki Sabzi posted recently. It was a 'deadly combination'. Everyone enjoyed. All credits to you for sharing such delicious recipes. ❤️❤️❤️",14
341,0IZS7ucM9qQ,No spice? Chilly or chilly powder?,0
342,0IZS7ucM9qQ,mujhe yeh bahut pasand hai,0
343,0IZS7ucM9qQ,I have tried it today ....its awesome 👌,0
344,0IZS7ucM9qQ,You are my all time favourite❤️,0
345,0IZS7ucM9qQ,Mirch kb daalna hai,0
346,0IZS7ucM9qQ,I made puloa just as u said but the taste was bitter😭 don't know ❓.,0
348,0IZS7ucM9qQ,kavita you look so fucking hot,0
349,0IZS7ucM9qQ,Very nice 👌,1
350,0IZS7ucM9qQ,"After COMPLETING my School Life I Come Raipur For Higher Education. But I Didn't Know How To Make Food, Your Viedeo Help me A lot, Thank U Mammm, I Also missed My Mom When I Cook",1
351,0IZS7ucM9qQ,Zeera q nhi dale zeera dalne se to or acha test aayega na ?,0
352,0IZS7ucM9qQ,Outstanding,1
353,0IZS7ucM9qQ,Very nice repices 😘😍😘😍😘😍😘😍😘😍,2
355,0IZS7ucM9qQ,App ka video mujhe bahat achhi lagi,0
356,0IZS7ucM9qQ,It was perfect thank you,1
357,0IZS7ucM9qQ,Hey it just turn the way it should yummy ...tummy..its a good and quick recipe for people.on the go...,10
358,0IZS7ucM9qQ,Di aap ne kaun sa basmati rice liya hai uska naame kya h,0
359,0IZS7ucM9qQ,Cawal Ko Phale Sei Panii Mei Rakh Dena Chaiye Kya,0
360,0IZS7ucM9qQ,Bad idea to add some sugar?,0
361,0IZS7ucM9qQ,I tried just.its very nice.good proportions.thank you....,0
364,0IZS7ucM9qQ,Ma'am aapne salt use nahi kiya??,0
366,0IZS7ucM9qQ,Change your photo please and your recipes are mind-blowing you are the best,0
367,0IZS7ucM9qQ,Tried this recipe and was mouth watering. Thank you,6
368,0IZS7ucM9qQ,I tried it today it was awesome . thanks mam for this simple recipe,3
369,0IZS7ucM9qQ,Got accolades from parents and sister. Thanks for such a simple & nice recipe. :-),1
370,0IZS7ucM9qQ,Simple and best,0
372,0IZS7ucM9qQ,Came ok madam. People didn’t like as it was plain with out masala spice 😟,0
373,0IZS7ucM9qQ,Mattar pulavu  delishes and super dish wow aveshom recipie,1
375,0IZS7ucM9qQ,You explain very well. Love all your recipes 😍,1
376,0IZS7ucM9qQ,Made this dish for lunch today.Easy and simple recepie.For 2 cups rice 4 whistles is ok??,0
378,0IZS7ucM9qQ,"I tried your recipe today, it came out really yummy. Thanks 😊",1
379,0IZS7ucM9qQ,Thank you will try tomorrow.  Nice measurements given. 👍,0
380,0IZS7ucM9qQ,Hello mam....i tried it today and it came out to be perfect.....infact all ur recipes are easy and delicious,0
381,0IZS7ucM9qQ,Aap ki har recipe jhaksh,0
382,0IZS7ucM9qQ,Nice Kabita lagey raho👍🌹,0
383,0IZS7ucM9qQ,Mam Mithi pulao plz dekhe na,0
384,0IZS7ucM9qQ,Kitna tasty bana,1
385,0IZS7ucM9qQ,I made this very delicious matar pulav my family loved it thanks for the recipe 😍🤩🤩🤩,0
387,0IZS7ucM9qQ,Hello Kabita!I just subscribed ! I love Indian food and Indian people. Thank for your work! I will try to make some of your recipes! Good luck! Cheers from Spain ! 👍🥘,0
388,0IZS7ucM9qQ,Thank sharing minds,0
389,0IZS7ucM9qQ,nicee video mam,0
390,0IZS7ucM9qQ,Madam can I use onions in it,0
391,0IZS7ucM9qQ,Made this tonight. Was such a flavour packed but simple pulao! Thank you so much for such perfect explanation :),1
392,0IZS7ucM9qQ,mam Kitni siti deni h rice cooker ko agar Quantity of rice 3 glass krde tohh...??plz ans,0
394,0IZS7ucM9qQ,mam ky basmati k badly saada chawal use krsakhty hai,0
395,0IZS7ucM9qQ,Acha nhi bna,0
396,0IZS7ucM9qQ,"Made it for dinner today in the rice cooker, it tastes amazing.  Thank you.",5
397,0IZS7ucM9qQ,Madam aap ka fridge kitne litre ka hai,0
398,0IZS7ucM9qQ,Thankyou so much kabita,0
399,0IZS7ucM9qQ,Nice did me from uk,1
400,0IZS7ucM9qQ,Vry nice i try this recipe its really good,0
401,0IZS7ucM9qQ,If we dnt have pressure cooker?,0
402,0IZS7ucM9qQ,Thank u for the recipe 😘,0
403,0IZS7ucM9qQ,K Bina namak k khaye mam,0
404,0IZS7ucM9qQ,Namak nai dalega Kya,0
405,0IZS7ucM9qQ,I made this pulao today.. omg it's just too good my husband loved this pulao so much all thanks to you for sharing this recipe 🤗,7
406,0IZS7ucM9qQ,aap bhout mast dishes banata ho,0
408,0IZS7ucM9qQ,Mam agr hame iski quantity ko badhana ho to kya hum sabhi ingredients ko ussi ratio me bdha denge???Jese 8 10 logo ke liye,0
409,0IZS7ucM9qQ,Kavita ji why 1 whistle for otger rice varieties but 2 whistles for peas pulao,0
410,0IZS7ucM9qQ,Hai. I tried ur samosa. Nice n tasty it was.U have a wonderful voice. Like to listen to ur voice.,0
411,0IZS7ucM9qQ,For your voice claps👌👍🙏 Aap singing bhi karte hoge. So Soothing to ears. 😊,0
413,0IZS7ucM9qQ,"First of all I thank you so much for showing us delicious receip, I love your cooking so much it will be so tasty and so easy to cook ,who ever don't know to cook surely they will see your video and they will learn very easily, and yoy explain so nice we're everyone can understand,when ever I want to cook I always see only yours video and start cooking thank you so much madam for sharing all your receipes.",2
414,0IZS7ucM9qQ,Namk last m add karna h matar fry hone k bad add kar skte h kya,0
415,0IZS7ucM9qQ,"Thank you Mam,  I have referred your receipt during pandemic situation ...",1
419,0IZS7ucM9qQ,most sweet and humble😊on all shows I have seen,3
420,0IZS7ucM9qQ,ma'a iski curry ki recipe bhi to btaiye?,0
421,0IZS7ucM9qQ,"My daughter who is 7 years old watched this video with me and wanted to write  her comment for you ""that she likes your voice and you explained it well"".",118
422,0IZS7ucM9qQ,Your instructions are really good. Thank you so much. Just a small request if you could more frequently mention as and when you switch the flame from high to medium or low.,2
423,0IZS7ucM9qQ,This is superv recipe to pulaw for home made,0
424,0IZS7ucM9qQ,Madam aap khana bahut acha banati ho,0
425,0IZS7ucM9qQ,Aacha bnaya aapne,0
426,0IZS7ucM9qQ,"I tried your matar pulao recipe in pressure cooker, it turned out well and tasty.",10
427,0IZS7ucM9qQ,"kabita ji , great  i like your all recipes, my self single person but now a very good cook thanks you very much keep it up best wishes & also very nice to see when your kids also at programe.",0
428,0IZS7ucM9qQ,Wow.........wonderful look... Well done....,0
429,0IZS7ucM9qQ,Plz summarise the entire ingredients & cooking method ( snap shot) in the last of your video again. So that we may remember it. Otherwise for a beginner like me i have to watch entire video again & again.,0
430,0IZS7ucM9qQ,Mam agar chota chawal le rhe h to bhi 2siti lagana parega?,0
432,0IZS7ucM9qQ,Hum humesha apko follow karte ..hai ap bahuth ache sae samjhati hai .  Thank u simple simple gharelu recipes k liye..😊,0
433,0IZS7ucM9qQ,Ms kabita  u r amazing,0
434,0IZS7ucM9qQ,Mam how much water should we put if we use jeeraser rice,0
435,0IZS7ucM9qQ,Ur explanation just like airhostes explanation,0
437,0IZS7ucM9qQ,very nice video,0
438,0IZS7ucM9qQ,Thank you ma’am lockdown m Ek dish to sikh gye ty,0
439,0IZS7ucM9qQ,Fantastic 😋😋😋😋😋,1
440,0IZS7ucM9qQ,nice recipe mam..............even i tried this but in a different way yesterday,0
441,0IZS7ucM9qQ,"Excellent pulav by color and taste! One thing to mention, please never put whole cashew howsoever the assurance of quality. Split it, so you will clean any black spots inside for hygiene.",16
442,0IZS7ucM9qQ,Realy nice and  simple vidoe,0
443,0IZS7ucM9qQ,can we use another Rice instead of Basmati..,0
444,0IZS7ucM9qQ,I tried ur dish it was awesome thanks..,4
445,0IZS7ucM9qQ,Thank you so much,0
447,0IZS7ucM9qQ,mujhe to bht achi lagai ye recpie,1
450,0IZS7ucM9qQ,"Aapka video dekha maine abhi...try karte hai,dekh kar bahot acha lag raha hai...",0
451,0IZS7ucM9qQ,Thanks so much,0
452,0IZS7ucM9qQ,Will make it for dinner...,0
453,0IZS7ucM9qQ,I think ... No new of salt to make this,0
454,0IZS7ucM9qQ,I tried it and my husband loved it Thank you so much 😊,2
455,0IZS7ucM9qQ,Apka naam kabita h ya kavita,0
457,0IZS7ucM9qQ,😋😋😋😋😋😋 ek dum tasti hai,1
459,0IZS7ucM9qQ,It turns very tasty I tried it thankyou mam..,0
460,0IZS7ucM9qQ,"Nice presentation,.",1
461,0IZS7ucM9qQ,I tried it it was just amazing,0
462,0IZS7ucM9qQ,i want to make white pulao but i have already cooked the rice. What to do ?,1
463,0IZS7ucM9qQ,Excellent and very simple method 😍,1
464,0IZS7ucM9qQ,i tried it and the taste was awesome.. thank you so much for giving an idea of the exact quantity of water...nice recipie,11
465,0IZS7ucM9qQ,Super ji mam,0
466,0IZS7ucM9qQ,Mst pulau h y,0
467,0IZS7ucM9qQ,Can we use soya chunks instead of peas?,1
468,0IZS7ucM9qQ,"I tried this recipe today and it can out so good, yummy, Thanks",0
470,0IZS7ucM9qQ,Thanku 👩❤much,0
471,0IZS7ucM9qQ,Can we add green chillies?,0
472,0IZS7ucM9qQ,Yea spice hai ky ???,1
473,0IZS7ucM9qQ,Chawal pulao soft Kaise banaen,0
474,0IZS7ucM9qQ,"Mam, Am I avoid cashewnuts",0
475,0IZS7ucM9qQ,Tere baap ne kabhi banaya tha kya,1
476,0IZS7ucM9qQ,Thank you I tried this and its delicious 😊,1
477,0IZS7ucM9qQ,Thank you bhn,1
478,0IZS7ucM9qQ,Very bad tip,0
479,0IZS7ucM9qQ,Everytime I try to make pulao or biryani. It ends up sticking or over cooked. How to avoid that?,0
480,0IZS7ucM9qQ,Very nice recipe,0
481,0IZS7ucM9qQ,Acha hai thanks,0
482,0IZS7ucM9qQ,Resipi bhi achhi hai or aapki Aawaz or bhi achhi ...... thanks for the. Cooking,0
483,0IZS7ucM9qQ,Amazing recipe. Thank you. Everyone ended up over eating,1
485,0IZS7ucM9qQ,Thankyou mam mujhe nii aata tha pulao banana but apne bhot acchi treh btaya🥰🥰,1
486,0IZS7ucM9qQ,Nice aroma sister,0
487,0IZS7ucM9qQ,Same aise hi mai bhi bnati hu,0
488,0IZS7ucM9qQ,Yar yah hindu b kasa kahna kahty hain hahaha na masala na koi spices lolz safaid chawal ...so boring matar chawal..Kabhi Pakistani kahna dekhna ...tab pata chalay ga matar chawal kasay banty hain.,0
489,0IZS7ucM9qQ,Very nice ji,0
490,0IZS7ucM9qQ,Great recipes.,0
491,0IZS7ucM9qQ,Mam apka.respy bhut esy hota h or testi bhi,0
492,0IZS7ucM9qQ,behan ji chawal jud kiun jate hain,0
493,0IZS7ucM9qQ,https://www.youtube.com/channel/UCICmpAzWsWgEqIphReh2WYABest Beauty Tips & Henna Designs,0
494,0IZS7ucM9qQ,Ap to lajawab hai ma'am.....😊koi match Nahi apka aur apki recipes Ka......,0
496,0IZS7ucM9qQ,Es ma red chilli nai dalnikia,0
497,0IZS7ucM9qQ,MATAR PULAO VERY NICE PRESENTATIONVERY VERY TASTY,0
498,0IZS7ucM9qQ,Kya ye wala pulao chicken ke sath khaa sakte hai,0
500,0IZS7ucM9qQ,Chawal konsa mam?,0
502,0IZS7ucM9qQ,"Thank you so much ma'am for this recipe, I made it today and it's so tasty 😊",1
504,0IZS7ucM9qQ,I love peas pulaav 😍😍 very simple way to cook this  🤩.....,1
505,0IZS7ucM9qQ,Please mak e burn garlic rice,0
506,0IZS7ucM9qQ,Mem agar ham roj wale chawal le to kya esi trah banega ya begad Jayga,0
507,0IZS7ucM9qQ,Mene aaj hi ye pulav banaya..aur it's really delicious...muze doubt tha k kaise Hoga kya Hoga ??😅 But accha huaa...,1
509,0IZS7ucM9qQ,"2 /3 kg chaval ko kitana samugri/ material lagega, please reply",8
510,0IZS7ucM9qQ,Thanks dear😊,0
511,0IZS7ucM9qQ,Kisi b chawal k.leay itna he pani chaey plzzz reply,0
512,0IZS7ucM9qQ,Rahul achaa,1
514,0IZS7ucM9qQ,Ese khichdi kahete hai,0
515,0IZS7ucM9qQ,Didi aap bohot acchi resipe btate ho 😘😘😘,0
516,0IZS7ucM9qQ,Thank you Ma'am...I learned cooking pulao by watching your recipe ... Thanks a lot ❤️,1
517,0IZS7ucM9qQ,Pani km h. Rice m .or do siti  jayada lgva rhe ho,0
518,0IZS7ucM9qQ,Thank you mam mere Ghar mein aaj Koi nahin main matar pulao banaya aapko dekhkar,0
520,0IZS7ucM9qQ,Too much irritated by juhi's add,0
521,0IZS7ucM9qQ,Masha Allah nyc,0
522,0IZS7ucM9qQ,Very simple,0
523,0IZS7ucM9qQ,Please add suggestions or links for Currey as well.,0
524,0IZS7ucM9qQ,l Love ur cooking👨‍🍳,0
525,0IZS7ucM9qQ,I love ur cooking,0
526,0IZS7ucM9qQ,Hari mirch nahi dali,1
527,0IZS7ucM9qQ,nice and easy recipe mam.thank u,1
528,0IZS7ucM9qQ,Wow perfect matar pulao recipe kabitas ji 👌👌🌹,2
529,0IZS7ucM9qQ,Or Mirch nahi daal neka,2
530,0IZS7ucM9qQ,Can I use another rice to switch basmati,0
532,0IZS7ucM9qQ,Mam aapka method lajawab...and lajij hai...I m always following ur recipe...5 star,0
533,0IZS7ucM9qQ,Mja aa gya Maine bnayeShi bn gyeMere chaval low quality the,5
534,0IZS7ucM9qQ,Add some raisins and some onions to elevate it to next level. it will bring much needed sweetness to pulao. its my personal twist to this awesome recipe. i have made it several times and my family loves it. thanks for this amazing recipe.,14
536,0IZS7ucM9qQ,Thankyou for sharing this video,0
537,0IZS7ucM9qQ,thanks! it tastes nice and is healthy cos i put g n g and turmeric,0
540,0IZS7ucM9qQ,Very nice mam,0
541,0IZS7ucM9qQ,I made matar pulao tdy...it tasted awesome but thoda kaccha reh Gaya...2 whistle Lagaya tha and  10 minutes rice bhigoya BHI tha...what cud b the reason Kavita ma'am?,0
542,0IZS7ucM9qQ,Ghee ke jagah riphayan Ho sakta hai,0
544,0IZS7ucM9qQ,"Thank you kavita di, yesterday I made this recepi , this is super easy and tasty",3
545,0IZS7ucM9qQ,You are a wonderful cook didi .....This is my 4th dish of yours in a row now...It's turned out yummy..I am blessed to have come across your channel....You have made my cooking easy to do for my family. Thanks a ton for all the hard work that goes into this.😃,0
546,0IZS7ucM9qQ,"Bohot atcha laga..Thanks..aisa lagta hai ki kabhi aapke wahan aao khana khane ke liye...,,😄",0
547,0IZS7ucM9qQ,can we add sugar?,2
548,0IZS7ucM9qQ,Bahut hi aacha.,1
550,0IZS7ucM9qQ,Api cooker k beghr kitna time lagy ga,0
551,0IZS7ucM9qQ,"Your recipes and cooking tips are just apt for busy schedules....quick, reasonable yet delicious❤❤ love you kabita ma'am",0
552,0IZS7ucM9qQ,Made it without Cashwe..  Tastes good,0
555,0IZS7ucM9qQ,Pagal lgti ho tum,0
557,0IZS7ucM9qQ,Mem agar ham ghar ke narmal chawal le rahe hai to kya esi trah bna sakte hai khrab to nahi benega,0
558,0IZS7ucM9qQ,Mem agar ham ghar ke narmal chawal le rahe hai to kya sem pro,0
559,0IZS7ucM9qQ,Frozan kya hota h,1
560,0IZS7ucM9qQ,Woo😘I m going to make this..😍😍,0
561,0IZS7ucM9qQ,Who is watching today,0
562,0IZS7ucM9qQ,Thank  you mam your recipe is very beautiful,0
563,0IZS7ucM9qQ,You are great,0
564,0IZS7ucM9qQ,bahut aacha,0
565,0IZS7ucM9qQ,It's looking yummy,0
566,0IZS7ucM9qQ,"Aap bahut achhi tarah se samjhati hai,Aapki aawaj bhi mitthi hai.",0
567,0IZS7ucM9qQ,Ekdam  easy me yahi  banati hu,0
568,0IZS7ucM9qQ,Cooker na ho to,0
569,0IZS7ucM9qQ,"Lovely mam,😊😊",0
570,0IZS7ucM9qQ,What is  your name man?,0
571,0IZS7ucM9qQ,Namak ko bhul gai,0
572,0IZS7ucM9qQ,I love jana dishes.. Kabita ji... U r the best,0
573,0IZS7ucM9qQ,Easy recipe,0
574,0IZS7ucM9qQ,👌receipe mam,0
575,0IZS7ucM9qQ,We are fallow this medhod with your help thanks mams,2
576,0IZS7ucM9qQ,Are madam mirch to dali hi ni,0
577,0IZS7ucM9qQ,Or kitna pani,0
578,0IZS7ucM9qQ,Mujhe 5people ke liye bnana hain to kitna lu baskathi chawal,0
579,0IZS7ucM9qQ,1glass me kitne people hote,0
582,0IZS7ucM9qQ,Sooay bine banani raispi,0
584,0IZS7ucM9qQ,Madam hari mirch kyu nahi add kiya bina mirch k hume ye thori si adhoori lagi par please aap humare comment se sad mat hoiyega,0
585,0IZS7ucM9qQ,I luv matar pulao,0
586,0IZS7ucM9qQ,Rice k lye pani double nh lena?,0
587,0IZS7ucM9qQ,You know what ?  I tried this today and for the first time itself I was successful.  With in minutes its over .. Now second half  I did this again and it is simply superb.  So simple receipe . I Loved it.    Any good gravy for this ??,5
588,0IZS7ucM9qQ,Simple and very nicely explained,0
589,0IZS7ucM9qQ,Very good tips,0
591,0IZS7ucM9qQ,Main Bhi Banaya Matar Pulao lunch mein bahut bahut bahut testi Shukriya recipe batane ke liye,0
593,0IZS7ucM9qQ,U r the great cooking teacher & inspiration of mine 💕💕💕💕💕 Lovely explained of this #pulao. ... thank you sooo much ma'am 💕💕💕💕💕💕,29
594,0IZS7ucM9qQ,pulaw mujhe lagta h yeh bimaro ke liye apne banaya h #feeka pulao,0
595,0IZS7ucM9qQ,"Very well explained, thank you for sharing",0
596,0IZS7ucM9qQ,Thank you Mam☺️☺️,1
598,0IZS7ucM9qQ,I love matar pulah,4
599,0IZS7ucM9qQ,What about chilli. No chilli 🤔,0
600,0IZS7ucM9qQ,Mam sirf dikhne m acha ho  isse mtlb nhi hai proper pakna bhi chahiye apki recipe se mere rice kache rhgye,0
601,0IZS7ucM9qQ,Wow so delicious 😀,0
602,0IZS7ucM9qQ,Kabita ji salt kb add karna hai isme?,0
603,0IZS7ucM9qQ,Nice madam good well done,0
604,0IZS7ucM9qQ,Easy and super  tasty thanks,0
605,0IZS7ucM9qQ,I think my mother used to add ginger garlic to it. Do you suggest that?,4
606,0IZS7ucM9qQ,Thank you so much for the tips..,2
607,0IZS7ucM9qQ,Mam kounsa basmati rice bnaya h,0
608,0IZS7ucM9qQ,would appreciate if you could do this in English!!,0
611,0IZS7ucM9qQ,So tasty... I tried this very delicious aapke haato mein jadu hai,0
612,0IZS7ucM9qQ,Ye to chawal bana diya kuch bhi nahi dala,0
613,0IZS7ucM9qQ,Hello mam!! Have you used boiled water or normal water?,0
614,0IZS7ucM9qQ,Spices add nhi kiye apnay,1
615,0IZS7ucM9qQ,Agar ise hum kadhai ya pan mein banaye to taste mein difference aayega kya ?,0
616,0IZS7ucM9qQ,"Yummy and delicious recipe thanku mam , Mere husband ko yeah dish bhut pasand aayi",0
618,0IZS7ucM9qQ,Pulao me whiteness laane k liye kya kre ??,0
619,0IZS7ucM9qQ,Ma'am Normal rule is for 1 glass of rice we should add 2 glass of water naa?,0
621,0IZS7ucM9qQ,You are so sweet mam,0
622,0IZS7ucM9qQ,Matar pasand nhi hai dale ya nhi,0
623,0IZS7ucM9qQ,Super recipe 👌,0
624,0IZS7ucM9qQ,Kati butyfull hai video hai ji like you,0
625,0IZS7ucM9qQ,Waah mam shaandar 😄😄🤗,1
626,0IZS7ucM9qQ,Ye kesa pulao banaya h Mich to Dali hi nhi,0
627,0IZS7ucM9qQ,Apne me hi shi tarika bataya pulao ka barna vidios bahut hai u tube pe sab ke sab biryani bna rhe hai aur nam pulao ka De rhe ek ne to pulao mai pyaj Tak dal Diya batao pulao mai pyaj so disgusting,0
628,0IZS7ucM9qQ,Thank you mam... I also try this .,1
629,0IZS7ucM9qQ,"Hello Mam, Mene Apna Ek Kitchen Open Kiya Abhi Kuch Hafto Phle, Jisme Hum Logo Ko Healthy Food Provide Krte Hai Humara Khana  Bina Oil Ke Prepare Kiya Jata Hai, But Mam Jo Taste Oil Wali Dishes Me Ata Hai Vo Taste Nhi Aa Pa Rha Dishes Me, So Aap Kuch Suggest Kr Sakti Hai Jiske Through BIna Oil ki Sabzi Bhi Tasty Bnayi Ja Sake.Thank You",0
630,0IZS7ucM9qQ,Kavitaji me aapki har recipe  dekhatahu pan AAP jese nahi bana   patahu,0
631,0IZS7ucM9qQ,Mam aapki recipe ke sath sath aapki abaj bhi bahut achi h,0
632,0IZS7ucM9qQ,Use one tea spoon of sugar.,0
633,0IZS7ucM9qQ,delicious !🙋‍♀️🍜,5
634,0IZS7ucM9qQ,Thank you mam or aapne hari mirch to dali hi nhi na,0
635,0IZS7ucM9qQ,Nice recipe,0
636,0IZS7ucM9qQ,Agar double qauntity me rice banana ho to kya sare khade masale bhi double dalne honge?batayiye pls mam,0
637,0IZS7ucM9qQ,Thanks alotI tried it.It was amazing,2
638,0IZS7ucM9qQ,Wow lovely cooking I like it ?,0
639,0IZS7ucM9qQ,Lajawab rasepe,0
640,0IZS7ucM9qQ,Thank you so much,4
641,0IZS7ucM9qQ,Mam Mujhe 10 logo ke liye banane ke liye... Kitne rice aur pani add kru,0
642,0IZS7ucM9qQ,Very testy resipi mam,0
644,0IZS7ucM9qQ,"Hi madam, your measurements is so exact i make masala rice often,it comes out really very well.Thanks 🙏🙏🙏",1
645,0IZS7ucM9qQ,Very nyc mem,0
647,0IZS7ucM9qQ,Dii 2 whistles means how much cooking time ?,0
648,0IZS7ucM9qQ,Maine try kiya.....rly yummmm,0
649,0IZS7ucM9qQ,Mem kounsa rice liye ho brand ka name,0
650,0IZS7ucM9qQ,Thanku so much kabita ji nice recipe,0
652,0IZS7ucM9qQ,"Ma'am aapne  apni vdo me pehle wali me 1glass rice k liye 1and the half  glass isme kam pani quon daala ,please reply",0
654,0IZS7ucM9qQ,Isme fool gobi or shimla mirch or hona tha,0
655,0IZS7ucM9qQ,Waao delicious ..moo me paani agay mere to,0
657,0IZS7ucM9qQ,Thanks yaar,0
658,0IZS7ucM9qQ,Are     you   guri,0
660,0IZS7ucM9qQ,Mai na app k Channl ko Abi Abi just subr kiya hai,0
661,0IZS7ucM9qQ,I had made pulao and family members where very happy,3
662,0IZS7ucM9qQ,May i know how much liter cooker is this?,0
664,0IZS7ucM9qQ,Can't understand how they make it now the gravy in it!!,1
665,0IZS7ucM9qQ,Do visit 'Status' restaurant in Nariman point Mumbai outside they hv counter -hv biryani n make it thanks,0
666,0IZS7ucM9qQ,Super 💗💗💗🔥🔥🔥🔥,1
667,0IZS7ucM9qQ,Dried peas chalega?,0
668,0IZS7ucM9qQ,Wow! Aap bhut achha pulao banati h  very tasty,1
669,0IZS7ucM9qQ,Looks great,1
670,0IZS7ucM9qQ,"Your video is nice but the way you present seems lil bit unmatched. Like it seems like straight and rude ,it’s not your intention though!!",0
673,0IZS7ucM9qQ,Thank you mam..,0
675,0IZS7ucM9qQ,amazing.. very simple way to cook delicious foods..5 stars,10
676,0IZS7ucM9qQ,It's so easy & tasty,1
677,0IZS7ucM9qQ,Delicious recipe,1
678,0IZS7ucM9qQ,Mam Isme namak kyu dala jata hai ???,0
679,0IZS7ucM9qQ,agr cocker seti wala na ho tw ktna tym dain??????.plzzzz help me,0
680,0IZS7ucM9qQ,I like your show...and you just said what needs to be...not talking tooo much extra things...i just love it,4
681,0IZS7ucM9qQ,Maine bhi bnya bahut hi badiya tha thanks for teaching me this kind of recepe,2
682,0IZS7ucM9qQ,Matar paneer k sath matar pulav aaj ka dinner menu.. thanks in advance 😊,2
683,0IZS7ucM9qQ,"You know honestly to say, I'm feeling hungry ....",2
685,0IZS7ucM9qQ,Agr isme hm paneer ke pieces dal de to process change krna pdega kya pulao bnanae ka,0
686,0IZS7ucM9qQ,"Aj Banaunga plain Polao,Very Testing food for me",0
687,0IZS7ucM9qQ,Beautiful racpy,0
691,0IZS7ucM9qQ,Mam agr chawal chipke chipke ban gye h to kase iski biryani banegi,0
692,0IZS7ucM9qQ,Nice recipes,1
693,0IZS7ucM9qQ,Nice 👌 very yummy 😋😋,1
694,0IZS7ucM9qQ,It is very nice for my daughter birthday,0
695,0IZS7ucM9qQ,Kindly tell me aap ny mirchain ni daali to kia ye taste m pheeka ni lgta???,0
696,0IZS7ucM9qQ,When it is polao...slight sugar is required.,1
697,0IZS7ucM9qQ,I tried this today and turned out to be awesome 😍😍😍 thanks so much,6
698,0IZS7ucM9qQ,Thanks. Mam,1
699,0IZS7ucM9qQ,bahut hi badiya recip thanku madam,0
700,0IZS7ucM9qQ,Bt chawal bi aysy white rhen to kia kren?,0
701,0IZS7ucM9qQ,Agr hm mirchain daalna chahin....,0
702,0IZS7ucM9qQ,Aap ny mirchain to daali ni? To kia ye pheeky hon gy?,2
703,0IZS7ucM9qQ,Easy... Making it this Saturday for lunch with punjabi aloo dum.,1
704,0IZS7ucM9qQ,Nice kabita,0
706,0IZS7ucM9qQ,"Actually ma'am i think ap bihar se ho..,..bihar me usna chawal bahut khate h log ...aor wo chawal der se pakta h ......mai chawal pasa k banati hu....but wo gila ho jata h ....ap plz kuch tips Dijiye...,.......usna chawal jldi gila nai hota h",0
707,0IZS7ucM9qQ,Usna chawal kaise banate h,0
709,0IZS7ucM9qQ,Great recipe kabita ji thanks badia bane ekdum rice simple and best,1
710,0IZS7ucM9qQ,Your channel motivates us to cook that's why it is the best cooking channel,4
711,0IZS7ucM9qQ,Easy dish thxx,0
712,0IZS7ucM9qQ,Jeera avoid why..,1
713,0IZS7ucM9qQ,wow Mom you,0
714,0IZS7ucM9qQ,Mam please soya caap sticks banana bataiye please I am waiting this vedio,0
716,0IZS7ucM9qQ,Onion khan hai😱,0
718,0IZS7ucM9qQ,Aeeeee where is onion and tomato,0
719,0IZS7ucM9qQ,Apa bindi lagao mam ji bcoz ur married and.bindi lagane se aur p achha lagenge,0
721,0IZS7ucM9qQ,Apki recpi mast h but apka Ghar bahut accha h di,0
722,0IZS7ucM9qQ,Simple and delicious 🙌,2
723,0IZS7ucM9qQ,Di ty so much😘😘😘😘,1
724,0IZS7ucM9qQ,https://youtu.be/n-SoXiGPqBc,0
725,0IZS7ucM9qQ,Very good mem,0
726,0IZS7ucM9qQ,I have tried today.....its awsm....thanks for this simple yet yummy recipe mam.,1
727,0IZS7ucM9qQ,Aapki sari hi recipe's Bhut acchi Hoti hai 😅,1
728,0IZS7ucM9qQ,Thanks so much better recipe,2
729,0IZS7ucM9qQ,Wow ma'am nice 👍 recipe,4
730,0IZS7ucM9qQ,hi di 44 bache or 14 logoka kitne chawol lagega?,0
732,0IZS7ucM9qQ,Yaar tum to sakshat annpurna ho,1
733,0IZS7ucM9qQ,superb recipe..😍❤,0
734,0IZS7ucM9qQ,Hats off mam👒👒,2
736,0IZS7ucM9qQ,Ek question he k.. agar chawal double lenge to masala bhi double lena padega? Pls batayiye...,0
737,0IZS7ucM9qQ,Ma'm very very thanks to u.. meri nyi nyi shadi ho gayi he aur aaj hi maine ye rice banaya..ekeam hotel jaisa bana he... huge huge thanks...,0
738,0IZS7ucM9qQ,5 ltr coocker me kitno citi leni he?,0
740,0IZS7ucM9qQ,Veery nice 👌🏼👌🏼✌🏻✌🏻,5
742,0IZS7ucM9qQ,I love matar pulao ❤️,0
743,0IZS7ucM9qQ,Simple and yummy,0
744,0IZS7ucM9qQ,Lekin aap hamesha Bolte ho na 1 whistle and 1 n half glass pani .phir yaha pe alag?,0
745,0IZS7ucM9qQ,Very nice resipi,0
748,0IZS7ucM9qQ,Very nice. I shall do this recipe.  Thanks.,0
749,0IZS7ucM9qQ,Bahut Achcha,0
750,0IZS7ucM9qQ,Nice recipie deedhi...Please support me all,0
751,0IZS7ucM9qQ,Why the gee was in green colour,0
752,0IZS7ucM9qQ,No salt ????,0
753,0IZS7ucM9qQ,"Dear Kabita, you are awsome.... really i had never seen such an easy and beautiful looking rice ever and ever.... thank you so much for uploading and sharing....",2
754,0IZS7ucM9qQ,eak pilet comment me rakh do hum be test karen Miss,0
755,0IZS7ucM9qQ,eak pilet comment me rakh do hum be test karen Miss,0
757,0IZS7ucM9qQ,Very yummy Today I made thisMy family liked it Tysm mam 😍😍😍,0
760,0IZS7ucM9qQ,"Thanks a lot mam... U have really made ours life, who doesn't know much about cooking, easy..... God bless u and ur family.... Maam.... Happy holi",0
762,0IZS7ucM9qQ,"Wonderful, tasty and easy recipe. Love it.",2
763,0IZS7ucM9qQ,gas to on kiya hi ni🤣🤣,0
764,0IZS7ucM9qQ,Uble huye chawlonse bana sakte he kya,0
765,0IZS7ucM9qQ,your all recepes are very helping,0
766,0IZS7ucM9qQ,Niceeeeee.......,1
767,0IZS7ucM9qQ,Brilliant and so easy. Hats off Ms Kabita.,1
768,0IZS7ucM9qQ,I see all recipe of yours.. And also tried.. Just amazing.. And loved by all.. I become fan of yours..,1
769,0IZS7ucM9qQ,Nice. Easy to make.,0
770,0IZS7ucM9qQ,Nice mein Holi par banaye,1
771,0IZS7ucM9qQ,thankyou mam,0
772,0IZS7ucM9qQ,Nice recipe,0
773,0IZS7ucM9qQ,Delicious food,1
776,0IZS7ucM9qQ,Your voice is so good and clear,3
777,0IZS7ucM9qQ,Nice  and easy,1
779,0IZS7ucM9qQ,Mam aapki sabhi recipe bahot delicious hoti hai mujhe aapke method se bani hui sabhi recipes bahot bahot bahot jayada tasty lagti hai...Thank you mam for share delicious recipes.😄,1
780,0IZS7ucM9qQ,Your instructions are very loud and clear and sweet too. Love watching your recipes.,1
781,0IZS7ucM9qQ,Bohot atcha,0
782,0IZS7ucM9qQ,I love you mam aap ki respi kafi achhi lagi mujhe mane try bhi Kiya,0
784,0IZS7ucM9qQ,Wah madam g wah.... Perfect for bachelors..... Will try it this weekend,0
785,0IZS7ucM9qQ,Texture bht badiya,0
787,0IZS7ucM9qQ,"All Veg pulao recipe is nice, quick,easy and very very taste",0
788,0IZS7ucM9qQ,WowVery nice  easy to make and delicious test,0
789,0IZS7ucM9qQ,"Maine try Kiya bahut easy aur yummy recepie hai compare to navratan pulao , thnx for this recepie",1
790,0IZS7ucM9qQ,Good  resipi,1
791,0IZS7ucM9qQ,Which brand's rice do you use?,0
792,0IZS7ucM9qQ,Mam Kashmiri Pulao Recipe please,1
794,0IZS7ucM9qQ,bilkol mari tarha bana te hu,0
795,0IZS7ucM9qQ,Nic sis bnaye chool,0
796,0IZS7ucM9qQ,Sister I tried it at home made very well but one thing i.e after eating a little feeling of dry spice in neck,1
797,0IZS7ucM9qQ,mam I tried this recipe it was v v tasty and exactly like restaurant taste the water to rice ratio which u mentioned helped me a lot,2
798,0IZS7ucM9qQ,What is mace ( javitri) ?,1
800,0IZS7ucM9qQ,Easy and testy 😆😆 thanks...,1
801,0IZS7ucM9qQ,Very easy and tasty recipe,1
803,0IZS7ucM9qQ,Love from Bangladesh,1
804,0IZS7ucM9qQ,Wow so easy,1
805,0IZS7ucM9qQ,ab hume kya pata kay 2 seete kya ha. ap without pressure cooker kay bataya plz,1
806,0IZS7ucM9qQ,Very Very Guuuuuuuuuuuuuuuud,1
807,0IZS7ucM9qQ,🙏💕 thanku mam,1
808,0IZS7ucM9qQ,isme mirch to Dali hi nahi,1
809,0IZS7ucM9qQ,Don't we need to add chilli to this.Sure??,0
810,0IZS7ucM9qQ,owsem reacepy thank you so much mem,2
811,0IZS7ucM9qQ,Thank you Kabita for sharing this recipe.  I made this today. Really so amazing and very tasty  like yours pulao . thanks again,1
812,0IZS7ucM9qQ,Waw yummy ☺😊😊,0
813,0IZS7ucM9qQ,Mast💮💮💮💮💮🏵️🏵️🏵️🏵️🏵️💐💐💐💐💐🌸🌸🌸🌸🌸🌻🌻🌻🌻🌻🌻🌻🌻🌻🌻,0
814,0IZS7ucM9qQ,Plese make for me,0
815,0IZS7ucM9qQ,Why we are doing subscribe and like They give you moneI want my answer in dhokla recipie,0
816,0IZS7ucM9qQ,Khadi kese banati h please tell,0
819,0IZS7ucM9qQ,Maine eid pe ye bnaya the bhot hi acha bna tha,0
821,0IZS7ucM9qQ,Really very good. Your explanation is marvelous.,1
823,0IZS7ucM9qQ,Aaj Mene ye recipe try ki.. bht aacha bna very tasty or bht easy h n quickSbhi Ko pasand aaya ghr meThanks kabita ji,1
824,0IZS7ucM9qQ,Very  simple rcp make it very fast... thanks to u share your rcp😋,1
826,0IZS7ucM9qQ,Nice to look,0
827,0IZS7ucM9qQ,Kabita ji aj maine pulav bnaya same apke method se or mere husbsnd to mera bht tarif kr rahe t... or bole ki y kabita ji k kamal h... kr k .. thankuuuu so much mam..for this recipie,4
828,0IZS7ucM9qQ,Didi agar do gelas chaval bnana Ho to kitna pani dalna hai,1
830,0IZS7ucM9qQ,Thanks diii 😘😘😘😘😘bahut achha bna Maine banaya,1
832,0IZS7ucM9qQ,Om Sai Ram 🙏🙏🙏🙏🙏👌 ... 👍 ... 🙏,0
833,0IZS7ucM9qQ,Once again I am thankful to you. too delicious 😋😋 😋 ....,3
834,0IZS7ucM9qQ,nice pulao recipe,1
835,0IZS7ucM9qQ,very nice Karachi beautiful good,1
836,0IZS7ucM9qQ,Can this be done in a rice cooker? Thank you. 🙏,4
837,0IZS7ucM9qQ,Bahut khoob well define process and easy also.good luck.,0
839,0IZS7ucM9qQ,suuuuper mem,0
841,0IZS7ucM9qQ,I'll try mam....,1
842,0IZS7ucM9qQ,achha laga!!! ba nene ke like bhi share hoga!!!,0
843,0IZS7ucM9qQ,Main aaj hi dinner mein Banaya very tasty recipe tasty recipe👌👌👌👌👍👍👍👍👍👍👍,1
844,0IZS7ucM9qQ,U hv not added green chilli,1
845,0IZS7ucM9qQ,U hv not added green chilli,1
846,0IZS7ucM9qQ,Mai abhi bana rahi hu,1
848,0IZS7ucM9qQ,Thank u Sister I also try it in my home Thanks for showing this recipe,3
850,0IZS7ucM9qQ,Looking so yummy,1
852,0IZS7ucM9qQ,Awesome mam..very nice and easyly recepi ..and sweety voice mam ..,2
853,0IZS7ucM9qQ,"You are really simple, nice and cute",4
854,0IZS7ucM9qQ,Bahut achi banai h maym,1
855,0IZS7ucM9qQ,Omg! Srsly I didn't know that peas pulao will be so easy tonight will try and let you know the results ma'am😉😊,2
857,0IZS7ucM9qQ,Jeera use ni kr skte kya??,1
858,0IZS7ucM9qQ,Good job ...mam....,0
859,0IZS7ucM9qQ,Your all recepies are good and also showing process.,0
862,0IZS7ucM9qQ,Nice and testy,0
864,0IZS7ucM9qQ,Ma'am love your recipies.... me being a beginner could prepare awesome delicacies because of you ... but in this recipe I don't know why but my rice got burnt. I used normal rice not basmati rice is it because of that ?? Or should I add more water ?? Can you please tell how to prepare this in an open pan and not in a pressure cooker?,1
868,0IZS7ucM9qQ,Maine ye respi try ki bahut hi Aachi bani very very thanks,0
869,0IZS7ucM9qQ,Hi mam ek liye kitna quantity lagega,1
870,0IZS7ucM9qQ,Mirchi hi nahi dala apne,0
871,0IZS7ucM9qQ,Arwa chawal ke liye kya ratio hai water aur rice ka,0
872,0IZS7ucM9qQ,O tired this it's just simply grt yummy,3
874,0IZS7ucM9qQ,I made it today n it turned out awesome .... Thanks 😊,2
875,0IZS7ucM9qQ,Did not use chilli powder ?????,0
876,0IZS7ucM9qQ,Which rice do you use?,0
877,0IZS7ucM9qQ,Wao so sweet muh mai pani aa gaya g thanks,0
878,0IZS7ucM9qQ,Ma'am main agar polao ka chawal MATLAB govindo bhog rice use karu to kya acha Banega? Kitna sitti lagana hoga cooker mein ?pls bataye,0
879,0IZS7ucM9qQ,"i tried it today ma'am and turned damn good.credit goes to you ma'am..I have one doubt,if we add 2 glass rice them how much water we need to add and whistle????As i need to prepare for my whole family...",1
880,0IZS7ucM9qQ,Radhe radhe,0
881,0IZS7ucM9qQ,Radhe radhe,0
883,0IZS7ucM9qQ,"Very nice & easy too , many thanx",0
886,0IZS7ucM9qQ,very nice... lekin apne ginger garlic paste... onion.. laung.. miri. . Yeh to dala hi nahin😮,0
890,0IZS7ucM9qQ,Madam doosro me tasoi me roz kya banta gain nazara n mare apne gharon me khane ya dhyan de kyoki Jo log log doosro me gharo me take jhank karte chorus sendhmar nichler str me log kaehlaters,0
891,0IZS7ucM9qQ,thanks mam nice video short and sweeet.....,0
892,0IZS7ucM9qQ,Love from iraq kavita,2
894,0IZS7ucM9qQ,I made it everything was good but taste little bit garbar hogaya,0
895,0IZS7ucM9qQ,Mirchi nahi daali aapne,0
896,0IZS7ucM9qQ,Bahuth clearly and simply bataya aap ne thank u superb,9
897,0IZS7ucM9qQ,Is cashew necessary in this dish??? What if I want to skip cashew?? Will it taste the same please reply,0
898,0IZS7ucM9qQ,Tikha kuch dala hi nhi 😂,0
900,0IZS7ucM9qQ,Ma'am plz Mujhe induction pressure cooker me Khana kaise Bnate h??  R kya precautions n advantage h reply kre plz r koi recipes Bnate hue btaye it's a request,0
901,0IZS7ucM9qQ,Mm javitri kya hai,0
902,0IZS7ucM9qQ,Happy Good video sister Happy. Lohri sister,5
903,0IZS7ucM9qQ,Javitri skip kar sakte hai mam?,0
904,0IZS7ucM9qQ,NiceTasy recipi,1
905,0IZS7ucM9qQ,I tried this peas palao at my home...its awesome n so tasty...thank u for sharing this..please share more more tasty recipes 👍👍👍👌😘😘😘,3
906,0IZS7ucM9qQ,Aap product review v kro Didi.,1
907,0IZS7ucM9qQ,Thank you madam,3
909,0IZS7ucM9qQ,Maine banaya tha kal garam Masala ka taste aagya tha  jabke saari chiz Maine itne hi daala the jitna video me h 😑,0
910,0IZS7ucM9qQ,Hello mam.me bahut try Karti hun but rice khila khila Nahi hota chipak jata he.kya karun plz help,0
911,0IZS7ucM9qQ,very. nice ji.,0
912,0IZS7ucM9qQ,NICE ONE AND YOUR WAY OF TALKING VERY CUTE LIKE YOUR VOICE,5
913,0IZS7ucM9qQ,Very very very tasty pulao,0
914,0IZS7ucM9qQ,bahut achha hai,1
915,0IZS7ucM9qQ,Masale nahi dlne kya,0
916,0IZS7ucM9qQ,https://www.lookchup.com/read-blog/116272,0
918,0IZS7ucM9qQ,wow so simple 🤗🤗,0
919,0IZS7ucM9qQ,I love it😊😊😊😊,0
920,0IZS7ucM9qQ,Wooo tomorrow i will try,0
921,0IZS7ucM9qQ,Vere nice cuking,0
922,0IZS7ucM9qQ,"Spr,ginger , garlic paste ny dhal na Kya already it is nce",1
923,0IZS7ucM9qQ,Very nice recipi,2
925,0IZS7ucM9qQ,Wow pulao tasty h 😍😍😍 zarur banaungi mai,2
928,0IZS7ucM9qQ,Isme  kismis bhi dal skte he kya,0
929,0IZS7ucM9qQ,Agar 1k. G chawal raha mam toh v same  process.. or agar chawal sona masuri  rahe toh,0
930,0IZS7ucM9qQ,Very nice#InfoAnand,0
932,0IZS7ucM9qQ,Main Tumhara plough ka recipe Banaya aur mera pyar ka recipe bahut accha Warna thank you for this video,8
934,0IZS7ucM9qQ,Kukar na ho to k see banai mem,0
935,0IZS7ucM9qQ,Easy hai lakin mast hai,0
936,0IZS7ucM9qQ,Thanks you so much mam you're too good love your recipies,0
937,0IZS7ucM9qQ,Mam your recipes r good nd Technics are good,2
938,0IZS7ucM9qQ,Kismis kidhar se Aya last me ma'am ???,0
939,0IZS7ucM9qQ,Mam apke vidio ki saund bhut km ata h,0
940,0IZS7ucM9qQ,Di chkundar ka Kaba try kariye  or Hume naye tarike se sikhay plz di,0
941,0IZS7ucM9qQ,Nice kabita di,2
944,0IZS7ucM9qQ,"Yes,me new year ke din banongi",1
946,0IZS7ucM9qQ,Very nice Kavita ji bahut sunder pulav hai,2
948,0IZS7ucM9qQ,Kavita ji mujhi apki sabhi recipe achi lgti hai,0
949,0IZS7ucM9qQ,Badiya rice banaya mam,1
952,0IZS7ucM9qQ,Acha mam is respi ke liye hm koi or rice le sakte h,0
953,0IZS7ucM9qQ,Thank you Kavita ji apki recipe k help se maine Apne sasural me sb ka Dil Jeet liye h,1
955,0IZS7ucM9qQ,Thik thik h,0
956,0IZS7ucM9qQ,Mirch to dali hi nhi 👎👎,0
957,0IZS7ucM9qQ,"Thanks alot dear ,I made it and it was just suupperrbbbb😋",0
959,0IZS7ucM9qQ,Ham us sebi ache bna lete hai,1
960,0IZS7ucM9qQ,Mam isame masale nahi dale,0
961,0IZS7ucM9qQ,So testy mane banaya,0
962,0IZS7ucM9qQ,Wow I will try,0
965,0IZS7ucM9qQ,"I tried this it was very tasty, everyone loved it. It tastes super with spicy curry",2
968,0IZS7ucM9qQ,*_EASY&TASTY_*,4
970,0IZS7ucM9qQ,I am so foody or aapki dish dek kar tho pani hi aa jata hai,0
971,0IZS7ucM9qQ,main kal hi ishe banaugi 😋😋,0
973,0IZS7ucM9qQ,thanx from best way for understand.....,4
976,0IZS7ucM9qQ,apne isme mirchi nhi dali,0
977,0IZS7ucM9qQ,Looking very nice.,1
978,0IZS7ucM9qQ,Maine Aj banaya Yeh recipe bhut acha bana h thank you mam,1
979,0IZS7ucM9qQ,Rice konse h mem,1
980,0IZS7ucM9qQ,Nice cooking,0
981,0IZS7ucM9qQ,mirch to dali hi nhi,0
984,0IZS7ucM9qQ,Video bahut achchhi hai,0
985,0IZS7ucM9qQ,VERY EASY AND TASTY RECIPE 😄🍲👍✌,9
986,0IZS7ucM9qQ,Didu 100 gm rice mai Kitna pani dalna h,0
987,0IZS7ucM9qQ,Jeera or white paper bhi jata h,0
989,0IZS7ucM9qQ,Very oswame,0
990,0IZS7ucM9qQ,Bhut hi acchi lagi ye recipe apka sara recipe acchi hi hoti hai,0
992,0IZS7ucM9qQ,mam ye fika pach lagega is m mirchi nahi h paccho k thik h,0
993,0IZS7ucM9qQ,Maine bhi ye try ki thi osm and VERY testy🏅🏆🏆🏆🏆🏆🏆🏆🏆🏆🏆🏆🏆🏆🏆🏆🏆🏆🏆🏆🏆🏆🏆,3
994,0IZS7ucM9qQ,Nice.madamHusain,1
998,0IZS7ucM9qQ,Mene bhi isi trah banaya h bahut h mazedaar bana thanks,0
999,0IZS7ucM9qQ,Gonna try it soon😊..Which curry would be the best combination for this pulav?,4
1001,znefLMNyVE8,"Thank you mam I was searching this recipe but every recipe was so boring but your recipe is about to say no words, but your recipe is awesome and mouth watering and mouth tempting lovely mam lovely recipe thank you I can't say no words to say thank you again ☺️😘😊",1194
1002,znefLMNyVE8,"Tried the recipe and it turned out really good, very close to what we eat from sweet shops . I am not that good at cooking but your explanation made it really easy. Everyone liked it.",0
1003,znefLMNyVE8,Mashallah cute my favorite hai,1
1004,znefLMNyVE8,MAAM HM BNATE H TO CHENA BALLS TOOT JATA H SUGAR SOLTUION M,1
1005,znefLMNyVE8,Great recipe🎉🎉🎉❤,0
1006,znefLMNyVE8,This looks so good 😍 By the way which saffron are you using? I recently got Lion Saffron from Amazon and the colour came out really nice.,0
1007,znefLMNyVE8,Mam aapko share kijiye na ots makhane haldi aur pure meve mix karke Kesar bagaira dalkar jo aap dudh mein uthate hain aur FIR uska powder Banakar rakhe the FIR dudh mein uthate Hain FIR usko Gud Dal ke khate Hain wali recipe aap fir se share Karen 4 sal pahle mujhe Mili Thi vah recipe,0
1008,znefLMNyVE8,Mam gaye ki jaga bhais k dudh se bna le kiya qki hum gaao m h hmra pure bhas ka dudh aata h,0
1009,znefLMNyVE8,Thank you mam,0
1010,znefLMNyVE8,Very nice  👍,0
1011,znefLMNyVE8,Maddam aap topic kaha se late ho,0
1012,znefLMNyVE8,Vinegar or lemon?,0
1013,znefLMNyVE8,Nice Inspiring..,0
1015,znefLMNyVE8,Aap bahut achi ho ma'am,0
1016,znefLMNyVE8,Meri rasmalai baar baar Tut jati hai chasni mai daalne mai,0
1017,znefLMNyVE8,Bahot hi lajavab mam 👌👌,0
1019,znefLMNyVE8,Thenkyou mem bohot malaydar recipe batay apne 🤤,0
1020,znefLMNyVE8,Ham recipe dekh ke banaye lekin mera rasgulla Tut gya 😢😢😢😢,0
1023,znefLMNyVE8,Kon kon 2025 me dekh raha hai,5
1024,znefLMNyVE8,Agr doodh automatically normal temperature ki wajh se fatt jaye to kya bna skte h,0
1025,znefLMNyVE8,Mam can we add lemon juice instead of vinegar?,0
1026,znefLMNyVE8,Mam kya cornflour ki sthan pr ararot use kr skte h,0
1027,znefLMNyVE8,Hindi me btaya kro kuch chijo ke name Konclave smajh ni aaya,0
1028,znefLMNyVE8,Your. Recipe. Very good  thank you,0
1029,znefLMNyVE8,Corn flower it's wrong,0
1030,znefLMNyVE8,Mam ye makke ka aata dalne se to hard lgta h kr teste b ni aata aap corn flour kaise add kr lete ho,0
1032,znefLMNyVE8,Kaise recepi deti h ap log maine same process kiya tab bhi sari ras malai tot ke sheere me mi gyi😢,1
1033,znefLMNyVE8,Corn flour nahi dala to chale ga kay mere pas nahi hai,0
1034,znefLMNyVE8,Di milk nhi fata hai.. bilkul bhi.. mera to waste ho gya..,0
1035,znefLMNyVE8,Cornflour ki jgh kuch or daal skte hn kya?,0
1036,znefLMNyVE8,Ma'am mene waking powders use kiya tha chena me usse kharab ho gya,0
1037,znefLMNyVE8,Mera chena dahi jaisa bn gya esa kyu hua hoga,0
1038,znefLMNyVE8,Kya ISME soda dal sakte,0
1039,znefLMNyVE8,Dood full cream ya simple,0
1040,znefLMNyVE8,D0 me maida dal sakti hu,0
1041,znefLMNyVE8,Agar app is video ko hindi me bna lete to kiya ho jata,0
1042,znefLMNyVE8,Vinegar keya hota he,0
1043,znefLMNyVE8,Aapke cooking style se bohot kuch seekhne ko milta hai 👌”,0
1044,znefLMNyVE8,Wow mam amazing banayi hai mam 👌👌❤❤,0
1045,znefLMNyVE8,Nimbu use nahin kar sakte hain kya,0
1046,znefLMNyVE8,2:38 pani toh nikal hi nhi rha tha😂,0
1050,znefLMNyVE8,Cornflour ka koi alternative hai?,0
1051,znefLMNyVE8,Ras malai is better version of Bengali rasgulla.,0
1053,znefLMNyVE8,3 tpsp Vinegar daalne par b fatt nahi raha hai 1 ltr doodhKya karu batao,0
1054,znefLMNyVE8,Kya ismein bhains ka dudh use bhi nahin le sakte vinegar ki jagah nimbu bhi to dal sakte hain,0
1055,znefLMNyVE8,Mam maida use karne ki permission dedeijiye na😂??or ye bi batayi maida use karne se vo acchi banegi ya nhi?,0
1057,znefLMNyVE8,Very nice recipe,0
1058,znefLMNyVE8,Very beautiful,0
1059,znefLMNyVE8,very nice receip,0
1060,znefLMNyVE8,Can we use jaggery powder instead of sugar?,0
1061,znefLMNyVE8,Pehli video dekhty hy channel subscribe kr deya...,0
1062,znefLMNyVE8,Yar bana to kuchh bhi le par time bahut lgta hai 😢 aur se fir shubah sham ka khana,0
1063,znefLMNyVE8,Lemon se milk nhi phad skte  kya,0
1065,znefLMNyVE8,Mera spong km soft hua h 😢,0
1066,znefLMNyVE8,Thank you maam❤,0
1067,znefLMNyVE8,200 rs initial cost hi aa gyi,0
1068,znefLMNyVE8,"Ras malai is my and my husband’s favourite dish, but it’s very costly here in Hyderabad, i followed your recipe and got a wonderful ras malai. Thanks for giving such an elaborated and easy to make dish. Love ❤️ from Hyderabad, India 🇮🇳.",0
1069,znefLMNyVE8,Hamare to spongey hue nahi bahot soft the uthane me tut rahe,0
1070,znefLMNyVE8,Cornflour wala aata ya dusra reply plzzzz,0
1071,znefLMNyVE8,Bahut detail se aapane recipe dikhai hai aur tips bhi de de hai ❤❤,0
1072,znefLMNyVE8,Maam corn flour na ho toh maida ya rice flour use kr skte h,0
1074,znefLMNyVE8,"Hi, I made rasmalai the way you said and it came out to be delicious. Thank you so much for sharing this recipe here.",1
1075,znefLMNyVE8,"Khila bhi do, 🥲",0
1076,znefLMNyVE8,Didi ye mere ghar pe pahucha do na 😋😋,1
1078,znefLMNyVE8,Main to bhaisn ka dudh pita hu par 😮,0
1079,znefLMNyVE8,Beautiful recipe,0
1081,znefLMNyVE8,Kya ham cornflour ki jagah maida daal sakte hai,0
1082,znefLMNyVE8,Agar cornflour nahi h to maida dal sakte h kya,0
1083,znefLMNyVE8,Bahut achha video aur recipe ma'am,0
1085,znefLMNyVE8,Har koi nahi bana sakta mem.  Video dekhte huye aisa lagta hai ki hum banayenge easy hai. Magar hakiqat me aisa nahi banta har kisi se😮,0
1086,znefLMNyVE8,Corn flour ki jagah maida use kar sakte hai kya,0
1087,znefLMNyVE8,This rasmalai mithai looks so yummy thanks for sharing this beautiful recipe mam 🤩,1
1088,znefLMNyVE8,Mere husband ki fav. Dish 😊,1
1089,znefLMNyVE8,Jhooth kyu batati hai waise koi sponge nhi bnta hai,0
1090,znefLMNyVE8,Very nice ❤❤,0
1091,znefLMNyVE8,Acha nh boht Acha bnate ho ap Har chej.❤❤❤❤❤❤,0
1092,znefLMNyVE8,Tatri se bhi dudh ko fad skte hai kya,0
1093,znefLMNyVE8,Mam kya ham vinegar ki jagah nimbu ka ras dal sakte hain,0
1094,znefLMNyVE8,Very nice. Looks delicious Mam meri rasmalai  hard bani hy,0
1095,znefLMNyVE8,Can we use apple cider vinegar instead of white vinegar,0
1096,znefLMNyVE8,Cornflour one tspn ya tbspn add karna hai please tell 🎉,0
1097,znefLMNyVE8,Chhena ko haath se maslne ki jagah miksi me chala sakte hai kya,0
1099,znefLMNyVE8,My favourite sweet,0
1100,znefLMNyVE8,"Don't follow this recipe, the mithai turned hard even after following all the steps correctly I hate it. DON'T FOLLOW THIS RECIPE.",0
1104,znefLMNyVE8,Vinneger kitne ka aata h 😊,0
1105,znefLMNyVE8,Total wrong recepi aapne kaha 3 &  half cup water maine utna hi liya same banaya pura rabdi bhi achha bana pr ye balls pure jal gye same step follow kiya fir bhi next time se barabar measurement batayiga 😢😢😢,0
1106,znefLMNyVE8,Very easy trick,0
1107,znefLMNyVE8,Hmare yah ek log 20+ khata hai ye,0
1108,znefLMNyVE8,Cornflour dalna compulsory hai kya ...? Nahi ho toh kya add kr sakte hai ?,0
1110,znefLMNyVE8,Maine bhi bnaya tha ...bht tasty bani hai...spongy,0
1112,znefLMNyVE8,Corner flower make ka ata hi hota he na meme,0
1113,znefLMNyVE8,Very nice 👍🏻❤️🤤🤤,0
1114,znefLMNyVE8,Bhaut hi good recipe 🎉🎉🎉 mein bhi try karugi 🎉 thanks for simple recipe ❤❤❤,1
1115,znefLMNyVE8,Mere rasgulle fat gye dhakte hi,0
1116,znefLMNyVE8,Didi apki voice bohut acchi hai,0
1118,znefLMNyVE8,Yummy😋😋😋😋 food,0
1119,znefLMNyVE8,Kya hum custard powder ki rabdi bana skte hai?,0
1120,znefLMNyVE8,* man you are so knowlable about cooking This recipe are so good I will try this tomorrow and give feedback too you …… Thank you ❤❤,0
1121,znefLMNyVE8,Mai asi rasmalai Bani Dok tok come Bni,0
1122,znefLMNyVE8,How i have to came in online maam,0
1123,znefLMNyVE8,Maam kaal meine rasmalai banai but wo ghat matlab bohot ghat hogai kya aap mujhe online class le sakte hai,0
1124,znefLMNyVE8,Nice recipe,0
1125,znefLMNyVE8,Ma aj banungi,0
1126,znefLMNyVE8,Can I add haldi for colour??,0
1127,znefLMNyVE8,Khane se zyada banane mein vkt zyada haii,0
1128,znefLMNyVE8,Wow nice recipe,0
1129,znefLMNyVE8,Kya redimade mavase malai bana sake hai,0
1131,znefLMNyVE8,Today I made this 🎉,0
1132,znefLMNyVE8,"Aaj Maine ye rasmalai bnayi apke bataye timing, trick se,mere family bhut khus ho gye delicious bna,thank u mam❤❤🎉🎉🎉",0
1133,znefLMNyVE8,M bhi banaungi 😊❤,0
1134,znefLMNyVE8,Apko aaj kal celebrity masters chef me dekh rhe h ❤,1
1135,znefLMNyVE8,Mera to vinegar se nahin fatata dudh😢,0
1136,znefLMNyVE8,Very nice recipe tai ❤️♥️,0
1137,znefLMNyVE8,Chena chashni m daalte hi phel gya kya krein ??,0
1138,znefLMNyVE8,Shivratri par Bhole Baba ko bhog lagaungi. Aapki hi recipe se rasmalai banaugi 😊,0
1139,znefLMNyVE8,Agar corn flour na ho to,0
1140,znefLMNyVE8,wow mam very nice par mere ghar pe itni mehnat koi nahi karega 😅,0
1141,znefLMNyVE8,I wish i could attach a picture… i followed each step without any changes. Trust me guys it is better than any top sweet shop. Top notch recipe. I am blown away with the resultsss thank you so much kabita ji ❤️,0
1142,znefLMNyVE8,Chana broke slightly..and is very soft,0
1143,znefLMNyVE8,DAROOD MUHAMMAD O ALAY MUHAMMAD MASHALLAH SALAMAT RAHAIN MOUTH WATERING RECEPIE ABUTURAB SHAH FROM AMERICA I SUBSCRIBE YOUR CHANNEL AND LIKE,0
1145,znefLMNyVE8,Chasani main dalne ke baad meri ras malai fat gyi... Aisa kyun hua?,0
1146,znefLMNyVE8,Thankyou aunty 😊💕,0
1147,znefLMNyVE8,Thankyou aunty 😊💕,0
1149,znefLMNyVE8,Thank you mam ❤❤,0
1150,znefLMNyVE8,Thank you mam ❤❤,0
1152,znefLMNyVE8,Thank  you 🙏🙏,0
1153,znefLMNyVE8,Kabita your hand is so delicious,0
1154,znefLMNyVE8,Bhanji I m sorry aise nahin banaa sakte,0
1155,znefLMNyVE8,Nice video tHNzC,0
1156,znefLMNyVE8,So yammy ❤❤❤❤❤,0
1157,znefLMNyVE8,Can we replace sugar with jaggery?,0
1158,znefLMNyVE8,Mam cornflour nhi h to kya kren,0
1159,znefLMNyVE8,Toot Gaya sara 😢,0
1160,znefLMNyVE8,Thank you very much for your yummy recipes ❤,0
1162,znefLMNyVE8,Pan cake ki receipe dijiya na,0
1165,znefLMNyVE8,Bhais ka dut Nehi hoga kya😅,0
1166,znefLMNyVE8,Can I use apple cider vinegar instead of white vinegar,0
1167,znefLMNyVE8,Madam main bhi aaj yah rasmalai TRAI ki bahut achcha banaa,0
1168,znefLMNyVE8,It's beautiful recipe ❤❤❤,0
1169,znefLMNyVE8,Cup ki Jagah grams m batao chini😂,0
1170,znefLMNyVE8,Madam itna lamba video ni hona chahiye itne se process k liye...,0
1171,znefLMNyVE8,H hotel hay hai Kay,0
1172,znefLMNyVE8,Corn flour matlab makke ka aata na 😅,0
1174,znefLMNyVE8,Last me muh me pani aa gya 😂,0
1177,znefLMNyVE8,😋😋 main bhi try karugi,0
1179,znefLMNyVE8,Khila do mam rasmali 😂,0
1180,znefLMNyVE8,Mam meri rasmalai dukaan jesi soft nhi bani thori hard hai .. iska kya solution hai?,0
1182,znefLMNyVE8,Bina vineger k btao,0
1183,znefLMNyVE8,Bekar bilkul b achi nai banti tut jate h gulab jamun,0
1184,znefLMNyVE8,I tried and it turned out really well...,0
1185,znefLMNyVE8,Mam ab tak do bar banaya phir bhi acha nahi aye. Jo rasgula hi woh hard hojata.. 😢😢😢. Sabhi steps maine follow kiya correct se.😢😢. Rabri toh achi banti hi. Phir se main kabhi nahi try karungi. Fed up..,0
1186,znefLMNyVE8,Food colour name,0
1189,znefLMNyVE8,Itna time waste Karne ke bajaye Bahar se lekar kha lenge 😅,0
1190,znefLMNyVE8,Super tasty,0
1191,znefLMNyVE8,Mene bnayi thi but wo to Pani m ghul gyi,0
1192,znefLMNyVE8,Very nice look 👍🙏,0
1193,znefLMNyVE8,Very clear method thanks,0
1194,znefLMNyVE8,"Maine bhi aapki recipe try krke bnayan bahut achhi bhi ,, I am happy ❤❤",0
1196,znefLMNyVE8,Aap ne ye nhi bata ya ki milk me water dalna ha ya nahi,1
1197,znefLMNyVE8,Chini ki matra aap weight me bataye... Cup ke hisab se samajh nahi aa raha... Aapka cup aur hamara cup ek hi size ka nahi ho sakta😮😮😮,1
1198,znefLMNyVE8,Maine aaj 2 2 bar try ki dono bar bekar 1st time hard bahut 2nd time soft itni chashni me dalte hi tut gyi 😢 mai cooking me achhi hu life me 1st time kuchh bekar bnaaa 😢,0
1199,znefLMNyVE8,Can I use Amul gold instead of cows milk?,0
1200,znefLMNyVE8,Aapki mujhe sari videos acchi lagti hai.... aur bahut acche se main.... dekhti..... hun aur aapka batane ka.... tarika sabse best hai thank you .....for sharing❤❤❤❤❤❤,1
1201,znefLMNyVE8,Very for chine,0
1202,znefLMNyVE8,Didi mane bhi try kiya tha bot hi tasty bna tha thnku so much for your recipe ❤,0
1204,znefLMNyVE8,Keya mam rusmalai ko 1 day ke liye store ker sakte hi,0
1205,znefLMNyVE8,I tried using amul gold milk. But even after addion of 3 tsp vinegar. Dudh nahi fata. Even I tried to boil it after vinegar too.,0
1207,znefLMNyVE8,Mam we can skip kesar in rasmalai,0
1208,znefLMNyVE8,❤❤❤❤ very good,0
1209,znefLMNyVE8,2L milk 140 rupees Keshar badam pista 50 rupees Sugar 250 g 10 rupees Gas kharch 40Total kharcha= 140+50+10+40                            240 rupees Total rasmalai bani 9*30= 270Isase achha market se lelo😂😂😂😂,0
1210,znefLMNyVE8,Short video upload Karo please,0
1211,znefLMNyVE8,Very yummy 😋 aunty ji 😮😮😮😮😮😮😮😮😮😮😮😮,1
1212,znefLMNyVE8,"Maine aaja ji try kiya lekin songy nahi bana , milk full cream lena hai ki norma",0
1214,znefLMNyVE8,Maim mera rasmalyi suger syrup me jane ke baad boil hone par fut jata hai kya kare,1
1216,znefLMNyVE8,Mene banaya fha but mera bhot thick ho gaya ta bilkul sofr nhi hua same aapne kiya ahi vaise he kiya fa maam pls boliye na kya kru or yeh chasni meri bhot thick ho gyi ti or yeh colour bhi cng ho gaya tha vi pani wax ke jesa ho gya tha,0
1217,znefLMNyVE8,My best ras malai,0
1218,znefLMNyVE8,Wow mam Bohot achi banai  ras malai,0
1220,znefLMNyVE8,Aapan mas Dhara chamar cartoo,0
1221,znefLMNyVE8,Corn flour na ho to kya mix kre,0
1222,znefLMNyVE8,Wow awesome 😎,0
1224,znefLMNyVE8,Please give me your number I like you and miss you same time I love you ❤❤,0
1225,znefLMNyVE8,Healthy sharing 👌👌,0
1226,znefLMNyVE8,Mam mera sugar ka pain suk gaya or latak gaya chini tho kese kya kr na hai mam please reply,0
1227,znefLMNyVE8,Can we use Milk powder instead of Cornflour,0
1228,znefLMNyVE8,Mene banai thi ye achi bani thi,1
1229,znefLMNyVE8,Vinegar dalke dudh fate nahi to kya kare,0
1231,znefLMNyVE8,Thankyouuu chef❤❤❤❤❤,0
1232,znefLMNyVE8,Bakwas recipe hai sari rasmalai kharab bani 👎👎👎,0
1233,znefLMNyVE8,Rabdi me castard pawder dal sakte he ..kya mam..plz tall me..,0
1234,znefLMNyVE8,isay acha hi paneer lao 🤷‍♀️usi mi banayai r fir milk mi add kray r cornflour k badlay suji b add kr sktai hi 🤷‍♀️,1
1235,znefLMNyVE8,Chasni me pura fhel gya sahi se nhi bana😂😂,0
1236,znefLMNyVE8,Rasmalai break ho gyi h,0
1237,znefLMNyVE8,Hello mam....very nice recipe....muje iss rakshabandhan par rasmalai banani hai....rabadi thik karne k liye kya hum thodasa custard powder use kar sakte hai kya...,0
1240,znefLMNyVE8,Didi aap music  khan se use karte ho,1
1241,znefLMNyVE8,Ban gya ban gya sab kha lo❤❤,1
1242,znefLMNyVE8,❤❤❤❤❤😮😮😮😮😮😮🎉🎉🎉😊M k  i😊,0
1243,znefLMNyVE8,Hlo ma'am meri rasmalai gol gyi 😢or pehle jab bnayi thi woh bhut hard thi😢... Proper btaiye ma'am kya mistake rhi abki baar dough jo h bhut moisturizer h..osme maine corn flour b daala per b rasmalai gol gyi Pani me ..maine thodi choti bna kr try ki fir ab Dhoop me dough ko sukha rhi ho jisse aata sakht ho jaye or rasmalai gole na or soft b bne,0
1244,znefLMNyVE8,"Pagal aurat tumhare Karan Mera mithai jal gaya aadha k,g milk barbad ho Gaga be sharm😢😢😢😢😢😢😢😢",0
1245,znefLMNyVE8,Cornfloor ki jagah meda dal skte h kya,0
1246,znefLMNyVE8,4 se 5 dhakkan dalna pdta hai warna nhi phat pata,0
1247,znefLMNyVE8,"✌✌🎉🎉swadish,yum,yum,thnks🌹",0
1248,znefLMNyVE8,Mere to chasni me hi toot gye,0
1249,znefLMNyVE8,Nice didi❤😊🎉,0
1250,znefLMNyVE8,Don't use corn flour it's spoil your rasmalai,0
1251,znefLMNyVE8,Itna sara doodh aur 9 hi rasmalai😮😮😂,0
1252,znefLMNyVE8,Very nice 👌👌,0
1253,znefLMNyVE8,Plate k niche kitchen towel rakhte to itna pakadna nahi padta,0
1254,znefLMNyVE8,"When I made Rasmalai, it went into Rabri and got shrunk. Why did this happen?",0
1255,znefLMNyVE8,Thank you mam aapke mawa cake recipe se mera mawa cake bahot achha bana,0
1256,znefLMNyVE8,Recipe bahot achhi he mene try ki mam par mere chena ball chashni me pighal gaye kyu mam,0
1257,znefLMNyVE8,Milk ko lemon aur vinegar ke alawa aur kisse faad sakte hai?,0
1258,znefLMNyVE8,"i tried it ,but when i put mava balls in chasni, all balls spread in whole vessle😑",0
1259,znefLMNyVE8,I try today it's testy to make❤,0
1262,znefLMNyVE8,Aap ke ghar vali ke maje hai  itna kuch aacha khane ko millta hai,0
1263,znefLMNyVE8,Very nice recipe,0
1265,znefLMNyVE8,Joe chashni Bach ka use Kya Kya karenge,0
1266,znefLMNyVE8,"Mere muh moh toh dekhte he paani aa raha hai ,looking tasty 🎉🎉",0
1267,znefLMNyVE8,Sab paani mein ghul gayi :(,0
1268,znefLMNyVE8,Hi di Vinegar se fataya hua chena...kya bacche tiffin mein alag se kha sakte hein?? Mein to Pharmacy se Powder lati hu,0
1269,znefLMNyVE8,Bina corner floor jaruri hai,0
1271,znefLMNyVE8,Haldi pavdar😂,0
1272,znefLMNyVE8,tried the recipe yesterday and it absolutely rocked ❤❤,0
1274,znefLMNyVE8,Mujhe jo bhi bnana hota h mai aapki hi video dekhti hu aap pe trust ho gya h really  aapki btayi recipe hi achhi bnegi...,0
1275,znefLMNyVE8,Vinegar na ho to kya daale,0
1276,znefLMNyVE8,Wah maza a gaya ma'am maine banai bth parfect bani❤❤❤,2
1278,znefLMNyVE8,I tired it today but successfully it is failed 😔😢,0
1279,znefLMNyVE8,Mam ky me sirf kaju aur Almond add kr sakti hu,0
1280,znefLMNyVE8,Great informative indeed 👍,0
1281,znefLMNyVE8,Meri sadi apki jesi women se ho❤❤❤❤❤,0
1282,znefLMNyVE8,Agar corn floor na ho to,0
1283,znefLMNyVE8,Mam Maine yah chhena cloth ki jagah Channi Mein Rakha tha to Jyada soft Ho Gaya Kya Karen,0
1284,znefLMNyVE8,Good afternoon Mam aap kahan per rahte ho,0
1285,znefLMNyVE8,Good afternoon Mam main abhi recipe likh rahi hun Aaj banaungi mere bacchon ko yah recipe bahut pasand Aati Hai thank you mam,0
1286,znefLMNyVE8,Meri fevrt h ❤❤❤❤❤..bt maam bnane m bahut tym lg rh ..khame m to 15sec m kha jau😅😅😅😅..❤❤❤❤❤❤❤ try krenge bt,0
1287,znefLMNyVE8,Mam corn flour ki jagah pr aur kya daal skte h,0
1288,znefLMNyVE8,Cournflour na ho to kya kre,0
1289,znefLMNyVE8,"Ye Jo khana ,mithai ,drinks ,wagerah wagerah banane ka channel chalate hai unke  Ghar wale kitnze lucky hai roz roz tasty chije milti honge khane ko",0
1290,znefLMNyVE8,Vinegar naa ho to aap ada tispoon phitkri daal skte hai same kaam krta hai😊,0
1292,znefLMNyVE8,"Thankyou beta, shandar rasmalai banai hai ❤❤❤",1
1294,znefLMNyVE8,Chene me maidaa kyu daalte hai?????,0
1295,znefLMNyVE8,Mem mere to chene ke bol chasni me dalne ke baad usi me ghul gye please mem batao ki vo hard rhe 😢,0
1296,znefLMNyVE8,Thank u mam ..i tried this recipe today and it turned out to be awesome,0
1297,znefLMNyVE8,Agar vinegar nahin hai to lemon  juice ka istemal kar sakte hain,1
1299,znefLMNyVE8,Meri rashmalai chasni me hi ghul gyi  Asa. Kyu hua 😢,0
1300,znefLMNyVE8,"One of my favorites, Looks delicious, spongy and soft......",0
1301,znefLMNyVE8,Super ❤❤❤❤❤,0
1302,znefLMNyVE8,Kya ham cornflour ki jagah rice flour use kr skte hain???,0
1303,znefLMNyVE8,Kya doodh khud phat jye uski nhi bna sktey kya,1
1304,znefLMNyVE8,Aapke husbend or bacche lucky h 🥹,0
1306,znefLMNyVE8,"Mam, I made it yesterday from readymade paneer and before making I didn't taste the paneer. Turns out the paneer was sour(not stale) and due to which the rasmalayi also became sour. I've already made this in large quantity, is there anything I can do to make it better? Please give me some suggestions.",0
1307,znefLMNyVE8,Chena mein Pani  sa ho gaya balls kesey banao,0
1308,znefLMNyVE8,Nice Food mam,1
1309,znefLMNyVE8,Mam agar con flor na ho to kya use kare 😅,0
1310,znefLMNyVE8,Haldi daalne se uska taste to nhi aayega?,0
1312,znefLMNyVE8,Thankuu so much ma'am..... Informative tips,0
1313,znefLMNyVE8,2 logo ke liye kitna dhoodh le,0
1314,znefLMNyVE8,Sexy rasmalai,0
1315,znefLMNyVE8,why cant we just put them in the milk directly?,0
1316,znefLMNyVE8,doe we use full fat or half fat i usually buy semi skimmed milk with less fat please let us know if its full fat or semi skimmed thank you,0
1317,znefLMNyVE8,Champai rajag dal sakte hai mam,0
1318,znefLMNyVE8,what if my milk accidentally curdled without vinegar or lemon? can i still make this,0
1319,znefLMNyVE8,Can we use alum instead of vinegar,0
1320,znefLMNyVE8,Mam maine banai h and believe me same aisi hi bani h thanks,0
1321,znefLMNyVE8,Balls ko sugar water k jagah normal water  me paka sakte h,0
1323,znefLMNyVE8,thank you mam m try ki same bana h,0
1325,znefLMNyVE8,Mam meri rasmalai hard ho gaye h kyu,0
1326,znefLMNyVE8,Maida aad kela tr chalele ka,0
1327,znefLMNyVE8,Osm 😍 bahut hi achcha h bta Rahi h aap❤,0
1328,znefLMNyVE8,Bahut badhiya😋👏👏👍💞,0
1329,znefLMNyVE8,Agar cornflour na ho toh kya Dale,0
1330,znefLMNyVE8,Good morning and,0
1331,znefLMNyVE8,Mam agr corn flour nhi h to,0
1333,znefLMNyVE8,Mam nibu se dudh ko fad skte h koi problem to nhi ayegi,0
1334,znefLMNyVE8,Such detailed recipe! Thanks a lot for this. Gonna make it soon.,0
1337,znefLMNyVE8,Maine try ki thi Bohat achi bani thi maine doodh fadne ke liye nimbu use kiya tha aur phir Ache se dho liya bohat tasty aur easy recipe Thanks you KABITA's Kitchen ❤🎉,0
1338,znefLMNyVE8,Mede ki jgh Ararot bhot acha rhta h,0
1339,znefLMNyVE8,Mne bhi abhi abhi bnaya h...bhot achi recipe h,0
1340,znefLMNyVE8,Thank u so muchh mam mai life mai first time try it was so delicious desert mashallah  love it ❤😊,0
1341,znefLMNyVE8,God bless uh mam.❤‍🩹 4:41,0
1342,znefLMNyVE8,Are re To ab me Jake market 1 rasmalai leke kha leta hu 👍,1
1344,znefLMNyVE8,Mene bnai h ye dekhkar bht tasty bni thi.. yummy,0
1345,znefLMNyVE8,mere pure kharab ho gya h,0
1347,znefLMNyVE8,5 gante me bankar tyar hoga😂😂,0
1348,znefLMNyVE8,Maine aaj try kiya man pr mera chila bhot deela  ho gya tha 2spoon cornflower dale tohi bhot deela pn tha usme ky krna chahiye tha plz muze bataiye next time fhir se muze banana hai plz reply de mam,0
1349,znefLMNyVE8,1/2cup sugar kitne grm hogi ma'am?,0
1350,znefLMNyVE8,My chenna balls were tasting like paneer after getting it out from sugar syrup 😢,0
1353,znefLMNyVE8,Thankyou so much,1
1354,znefLMNyVE8,Mam corn flour na ho to kya use kre,0
1355,znefLMNyVE8,Very V nice recipe dii aap ke tarha so beautiful love u di god bless you 🙏🙏,0
1356,znefLMNyVE8,Vinegar se bhi dudh nahi Fata ji,0
1357,znefLMNyVE8,Acha ma'am dhudh me nimbo kitna Dena chahiye,0
1358,znefLMNyVE8,Mene bhi banai bahut tasty bani hai meri bhi ❤😊,1
1359,znefLMNyVE8,Mere se nahi phata mem dudh vinegar se,0
1360,znefLMNyVE8,Agar nibu use kre to kitna kre,0
1361,znefLMNyVE8,Aunty corn flour ki jagah kya Dale please batao naaaa,0
1363,znefLMNyVE8,Meri to rash malli fut gai😢,0
1364,znefLMNyVE8,Agar nimdu water se milk path le to hoga ya nahi,1
1365,znefLMNyVE8,You are nice recipe,0
1366,znefLMNyVE8,It's So Yummy 😋 I'll Try it,0
1367,znefLMNyVE8,Maine bnaya pr vo chasni me dalne par melt ho gya 😢😢😢,0
1368,znefLMNyVE8,Itne pese m to aahijati. H matket m😂,0
1369,znefLMNyVE8,Agar mera pass corn flour NH hai to normal ata Dal sakta ho,0
1370,znefLMNyVE8,Agar vinagar NHi hai to lemon use Kar saketa hai,0
1372,znefLMNyVE8,Nhi achi bani rasgulla phat kr Pani me mil gya,0
1373,znefLMNyVE8,Thanks mem for such a great and easy recipe ...❤😊,0
1374,znefLMNyVE8,Iss se aacha dukan ja ke khrid ke kha lege Paisa v jada lagega or banae ka v tansion dukan wala he thk h mere liye jada he mil jayga khane ko,0
1375,znefLMNyVE8,Iloverasmali,0
1376,znefLMNyVE8,Agar vinger n ho,0
1379,znefLMNyVE8,Agr corn flour na ho to kya Dale mam,0
1380,znefLMNyVE8,So happy❤😮😊,0
1381,znefLMNyVE8,Can we use simple flour,0
1382,znefLMNyVE8,Korn flour na ho to,1
1383,znefLMNyVE8,Humhe to bahat pasand hai,0
1384,znefLMNyVE8,Sach me bahut hi acha bna thanks mam❤❤❤❤❤,2
1385,znefLMNyVE8,Aap bahut acche se each n every detail explain karti hai so sweet of u😊,0
1386,znefLMNyVE8,Dudh ki jagah pr dahi use kr sakte he kya..?,0
1387,znefLMNyVE8,Hello mam.. what to do if the malai has not sucked the milk?,0
1388,znefLMNyVE8,Uar hamare  pas to itne paise hi nhi hote ki itne items khareedein .,0
1389,znefLMNyVE8,One of the topest sweets,0
1390,znefLMNyVE8,Toh itni bakchodi kar rahi hai tu ...seedha paneer hi daal leti pagli,0
1391,znefLMNyVE8,Mam mene ye recipe try kiya h bt rasmalai m thoda khattapan tha pls btaiye uske kese thik kre,0
1392,znefLMNyVE8,Meri rasmalai thori hard ho gyi ...mujhe smjh nhi aara q,0
1393,znefLMNyVE8,Amazing yam’s,0
1394,znefLMNyVE8,"Because frig me rakhkar har mithai sakht ho jaati hai, frin se nikal kar turant nahi khani chahiye.",0
1395,znefLMNyVE8,Corn flour nhi dalenge to chalega mam,0
1396,znefLMNyVE8,Kon sa Wight vaala vinegar,0
1397,znefLMNyVE8,Not nice not telling step by step I have it waste your cooking is 😂😂😂👎👎👎,0
1398,znefLMNyVE8,God bless you and your family ma'am 🎉🎉thank you For this amazing recipe😊😊😊,0
1400,znefLMNyVE8,Mam what can I use instead of corn flour,0
1401,znefLMNyVE8,Soo delicious 😋👌👌👍,0
1402,znefLMNyVE8,Moo me see Pani aara 😊,0
1403,znefLMNyVE8,If we don't have time to keep it for rest for 6hrs. Can we skip it..? Or  can u suggest minimum time pls...,0
1404,znefLMNyVE8,Did u use full cream milk or toned?,0
1405,znefLMNyVE8,Can I use store bought full fat milk for making chenna?,0
1406,znefLMNyVE8,Hi kabita! Can i use panner instead of using chhena?,0
1407,znefLMNyVE8,Bina freeze ke ye kab tak kharab nhi hota,0
1408,znefLMNyVE8,Kon podar kon dalta hi puri rasmalai karab hogai meri,0
1409,znefLMNyVE8,Ye recipe bahut kaam aayi mere ❤,0
1410,znefLMNyVE8,Very nicely explained  thanks,0
1411,znefLMNyVE8,Meri rasmalai to Pani Mein ubalte Waqt ki sari khul gai,0
1412,znefLMNyVE8,Maim address bhejdo khane araha hu,0
1413,znefLMNyVE8,Spungy nahin Banta tight ho gaya,0
1414,znefLMNyVE8,Substitute for cornflour?,0
1415,znefLMNyVE8,Kya chhene ki jagah amul paneer use kar sakte hai kya??? Please bataye,0
1417,znefLMNyVE8,Kaunflu kya hai,0
1418,znefLMNyVE8,Looking so yummy 😋,0
1419,znefLMNyVE8,"Today i will try this recipe, thank you madam",0
1421,znefLMNyVE8,Corn flour ki jagah aur kuch use kar skte h,0
1422,znefLMNyVE8,Meri rasmalai balla chasani me tut ruhi hai any solution,0
1424,znefLMNyVE8,I really want to try,1
1425,znefLMNyVE8,Kornflor nhi dale to bn sakta h qa,0
1426,znefLMNyVE8,Meri mom Ko kuch nahi ata😭😭😭😭😭😭😭,0
1427,znefLMNyVE8,Thank you meme,0
1429,znefLMNyVE8,Mam bols fulne ke baad chipat ho gaye😢,0
1430,znefLMNyVE8,1/2 liter ka measurement  bataiye,1
1431,znefLMNyVE8,Lookingdelicious,0
1432,znefLMNyVE8,Today i made rasmalai. It was awesome.,0
1434,znefLMNyVE8,Kabita ras malai uper se bhurbhuri andr se hard bni milk 2prsnttha usa rahty hai cornflour dala kmi kya thi,0
1436,znefLMNyVE8,Nice clearly understand bhabi ji,0
1437,znefLMNyVE8,I love ras malai 🤤🤤🤤🤤😋😋😋😋😋❤️❤️❤️🥰🥰🥰🥰,0
1438,znefLMNyVE8,Corn Flour ki jgh gram flour daal skte h mam?,0
1439,znefLMNyVE8,Hello Mamthanks for sharing this recipe. I followed your recipe and tried in every Janmastami as a prasad and it turned out awesome. I got the complement that it tastes like hotel made Rasmalai. Thank you 🙂,6
1440,znefLMNyVE8,Mam ager confloor na ho toh meida use kr sakta h,0
1441,znefLMNyVE8,Like me  rasmalai,0
1442,znefLMNyVE8,My rasmalai is not coming spongy and soft.  Why could u please let me know,0
1443,znefLMNyVE8,Bahut  hi  Testy,0
1444,znefLMNyVE8,Chena jyada gila rah jye to kya kre,0
1445,znefLMNyVE8,Chene k liye cow ka milk hi important h,0
1446,znefLMNyVE8,Delicious recipe mam 👌🏼👌🏼👌🏼👌🏼,1
1447,znefLMNyVE8,Mam  aap ka institute kaha per hai,0
1448,znefLMNyVE8,Thank you mam sach me aap jaise  bate ho smajh me ajata h or waise hi bna liya maine god bless you god make a new for you,0
1449,znefLMNyVE8,Thank you mam,0
1450,znefLMNyVE8,Lemon 🍋 use kar sakte kya,0
1451,znefLMNyVE8,Mouthwatering,0
1452,znefLMNyVE8,Substitute of corn flour can anyone tell??,0
1453,znefLMNyVE8,Rasgula tait krne k liye kya dala h aapne g,0
1454,znefLMNyVE8,Substitute of cornflour,0
1455,znefLMNyVE8,I tried with milk it was very tasty,0
1456,znefLMNyVE8,What do you do with the chachani?Can you cook the balls without adding sugar in the water?,0
1457,znefLMNyVE8,When I cooked it with covered lid for 8 mins..the rasmali pedas burned and the syrup became very thick. Why so?,1
1458,znefLMNyVE8,Itna ache se kon batata hai Mam ❤❤pahle bar mai kise ko YouTube pe subscribe ki hu,1
1459,znefLMNyVE8,Yaamy and delicious chasma Ras malai ki recipe share karne ke liya so many thanks,0
1460,znefLMNyVE8,Mam meri rasmalai hard bni,0
1461,znefLMNyVE8,Mam coloring k liye aur ky use kar sakte h???,0
1462,znefLMNyVE8,Jo log aisa recipe banatey hain YouTube pay wo ghar Waley kitney khush naseeb Hain roz new dish khaney milti hai kon kon agree hai ye baat se like karo😅😊😅,63
1463,znefLMNyVE8,Today my bhabhi try this recipe and it turns so delicious 😋...lots of love from Qatar,0
1464,znefLMNyVE8,"Wow,thanks mam",0
1465,znefLMNyVE8,v.testy ma'am ❤,0
1466,znefLMNyVE8,Thanks making rasmalai,0
1467,znefLMNyVE8,Corn flower nhi ho to kya use kre,0
1468,znefLMNyVE8,Panir me Kay Dali h,0
1469,znefLMNyVE8,I made this today and it was super tasty.. PERFECT ❤️,5
1470,znefLMNyVE8,I wanna try it bt I'm scared I'll ruin so much sugar and 2 litre milk😂😂,0
1472,znefLMNyVE8,Is corn flour is maida ??,0
1473,znefLMNyVE8,Chena balls jb chasni me dali toh 3-4 minutes baad tut gyi bilkul chura ho gya🥺 nahi bana mera,0
1474,znefLMNyVE8,Ooh I need to try this! Can I use turmeric as yellow food colouring?,0
1475,znefLMNyVE8,Thank you so much for Telling us Receipe so clear prompt and nicely.  Stay blessed!!!!!!! Keep it up!!!!,0
1476,znefLMNyVE8,"Mam, I really like the recipe. But my chenna balls have become hard after cooking it for good 26 minutes and letting it cool for 15 minutes. What can I do to make it soft again?",0
1477,znefLMNyVE8,Kacha dhoodh ya ubala hua le skte h,0
1478,znefLMNyVE8,Delicious massi jii❤,0
1479,znefLMNyVE8,Excellent heart and tongue touching brief too the point like teacher 😂,0
1480,znefLMNyVE8,Wow super recipemam,0
1481,znefLMNyVE8,My favourite sweet dish❤,0
1482,znefLMNyVE8,Very nice recipe ❤❤,0
1483,znefLMNyVE8,Yummy and delicious recipe I tried today. Love from Pakistan 🇵🇰❤,0
1484,znefLMNyVE8,Tq so much mam mere hathse pehli baar parfect rasgulla bana hai,0
1485,znefLMNyVE8,Agar nibu Dale didi,0
1486,znefLMNyVE8,Mera nhi bna shi🥹,0
1487,znefLMNyVE8,Such a melodious voice.,0
1488,znefLMNyVE8,Mam meri ramali mai mitha nahi ho raha,0
1490,znefLMNyVE8,Mam kiraye per room milega???..  khane ki tnsn khtm ..,0
1493,znefLMNyVE8,Agr cornflour na hu to egg use kr skty hyn kia?,0
1494,znefLMNyVE8,I want to eat😋😋🤤🤤🤤,0
1495,znefLMNyVE8,Mam rasgulle ki chasni mai paka sakte hain,0
1497,znefLMNyVE8,Corn flour na ho to 😣,0
1498,znefLMNyVE8,Look delicious thank you,0
1503,znefLMNyVE8,Very Beautiful Recipe Mam I will definitely try it❤ Thank you mam ap Bahut ache se samjhate ho aur ase samjhate ho ke easy lagne lagta hai process har recipe me... Thank you again ❤,10
1504,znefLMNyVE8,Bahut easy way me samjhaya aap ne madam …maine banaya aur bahut hi badhiya bana h ..than q so much ..u r awesome 🙏💐,0
1505,znefLMNyVE8,Aapke ghar wale ghar p hi 7 star ka maze le rhe hai 😂,0
1506,znefLMNyVE8,Easy way mai btaya thnku ❤️,0
1507,znefLMNyVE8,Bhagwan aisi bhabhi sabhi ko de 😘😘🤗🤗,0
1508,znefLMNyVE8,Your voice is very good,0
1509,znefLMNyVE8,Wow mam maine ise wase he banaya jaise aapne bataya aur mam kya tasty bana tha I love it ❤Thank you mam😊,0
1511,znefLMNyVE8,Mouthwatering 😂😂,0
1512,znefLMNyVE8,I tried this recipe it came out very well. My family enjoyed it ☺thanks ma'am 😍🙏🙏,2
1513,znefLMNyVE8,Shena gila hone par kya karana hai mam,1
1514,znefLMNyVE8,Rabdi ke pede mere boil karte tym thode fat jaate hai..mash mai krti hu Barabar..plz eske baare me bataeye mam,0
1515,znefLMNyVE8,Didi Mera Makhan khila ho gaya kya karun,0
1517,znefLMNyVE8,Balls banane k ly cow ka milk na ho to Buffalo ka le sakte h kya  ?,0
1518,znefLMNyVE8,Bina fridge mein rakhe hue khaenge to taste achha rahega I am Ritesh Kumar,1
1519,znefLMNyVE8,Made rasmalai successfully for the first time...Thank you ji....❤Prvsly...tikka used to break...cornflr hack wrked...you are the best🎉,1
1520,znefLMNyVE8,Fat jata h rasgulla,0
1521,znefLMNyVE8,Corn flour agr na mil paye to kch option h kya,0
1522,znefLMNyVE8,Maza aa gya,1
1523,znefLMNyVE8,U speak as if ....jaise airport pe kuch announcement ho rahi ho,0
1524,znefLMNyVE8,Please made a pain cake recipes,0
1525,znefLMNyVE8,Bhut achha tareeka so thanks mam,0
1526,znefLMNyVE8,Yummy yummy 🎉🎉,1
1527,znefLMNyVE8,Very nice 🙂,1
1528,znefLMNyVE8,Very nice ❤️❤️,0
1529,znefLMNyVE8,Corn flour ki jagah maida use karsakte hain kya?,0
1532,znefLMNyVE8,🙏🙏Madam competitive exam bareyo makkalige sankhye  heli,0
1533,znefLMNyVE8,Amazing recipe,0
1534,znefLMNyVE8,Humare mann me questions aata h ap uska ans just dedete ho👍,0
1535,znefLMNyVE8,Apki aawaj best lgti h & aap har chij ko bhot simple tarike se batate ho👌U are Best🙏,2
1536,znefLMNyVE8,it was yummy pehli baar try kiya result are so amazing,3
1537,znefLMNyVE8,Vinegar ke place pe fitkari use kar sakte h kya,0
1538,znefLMNyVE8,Very very nice recipe mam thanks you.... ❤🥰,3
1539,znefLMNyVE8,Khane ke liye 10 min or banane k liye 2 hours good 👍👍,1
1540,znefLMNyVE8,Cornflour naa ho to,0
1543,znefLMNyVE8,Wow..what a language skills bhenji..Rasmalai is sooo sweet & your voice delivery also sweet ..,1
1544,znefLMNyVE8,Humara milk nhi fat raha h,0
1545,znefLMNyVE8,Hlo mam can we use custurd powder plz reply me,0
1546,znefLMNyVE8,Thank you mam I try this at home and this work 🎉❤,1
1547,znefLMNyVE8,The recipe is great...and so were you...but I'm just confused about one thing....if someday i suddenly think of making rasmalai... it's gonna take a whole day..i mean... I'm gonna lose the craving in that time 😭😂😂,0
1548,znefLMNyVE8,Vinegar ki jagah yogurt use kr skte hein mam plz tell,0
1550,znefLMNyVE8,Wa mam bahut khub 👌👌👍,1
1551,znefLMNyVE8,Pls help me meri rasmalai kachi reh gyi dudh m dalne ke bad chack kiya to andr se kachi lg ri h,0
1552,znefLMNyVE8,Super delicious,0
1554,znefLMNyVE8,Ye conflor kya hota he batadijiye,0
1555,znefLMNyVE8,Hum to haldi dal dete hai,0
1556,znefLMNyVE8,Ek din mujh bi bulao dawat pe😄😄,1
1558,znefLMNyVE8,Pehle se phate huye doodh ka nhi bn skta hai kya?,0
1559,znefLMNyVE8,Thank you for sharing this amazing rasmalai recipe. It helped me alot today as it was my 1st attempt and the result is  so delicious and tasty.,1
1560,znefLMNyVE8,Agar jyada quantity ho to wahi chachni second lot ke paneer balls boil karne ke liye use kar sakte hai kya. Ussee chachni gadhi to nahi hogi . Aur usme aur sugar add karni padegi kya,0
1561,znefLMNyVE8,Amazing 👌👍👍,0
1562,znefLMNyVE8,I MADE THIS FOR HOLI TODAY IT WAS AWESOME,1
1563,znefLMNyVE8,Your recipes so easy and so workfully thank you ma'am for this recipe,0
1564,znefLMNyVE8,can you use rava instead of cornflour ?,0
1565,znefLMNyVE8,Ghar walo ki maza hai roz roz ....mst khana vo bhi free ...😂,1
1567,znefLMNyVE8,Very testi recipe 👌,1
1568,znefLMNyVE8,Ma'am apne 2 liter dudh ko alg alg use kiya h.To 1 liter me banana ho to adhe adhe liter dudh use krna ho to???,0
1569,znefLMNyVE8,"Mam, food colour mean kesar yellow food colour",0
1570,znefLMNyVE8,"If citric acid is added to milk, something will happen.",0
1572,znefLMNyVE8,Am not Indian but I've always wanted to try this dessert and have been looking for a simple and easy recipe for me to follow thank god I found this I will try making it today hope I succeed 🙏,6
1573,znefLMNyVE8,Looking very nice I will try,1
1574,znefLMNyVE8,Very nice recipe,1
1575,znefLMNyVE8,Mre paas vinegar nhi h na confloor ab iski jagah kya use kru 😂😅,1
1576,znefLMNyVE8,Conflor ke jagah par  Arrowroot dal sakte hai,0
1577,znefLMNyVE8,Aapne humus recipe bhut ache explain Kiya or bhut taste BNA hummus or falafel,2
1579,znefLMNyVE8,I like your voice madam more than this rasmalai.,1
1580,znefLMNyVE8,I made this rasmalai it was beyond awesome,1
1581,znefLMNyVE8,Kya hum bazaar se layi  hui paneer use kr skte hai???,0
1582,znefLMNyVE8,Mam dud se bnai tiki hmne pani main dali to wo fat c gai.. hmne guna bhi bht jada or corn flor v dala. Bt fir v asha ni bna..,0
1583,znefLMNyVE8,OMG 12M subscribers for cooking channel...very interesting mam,2
1584,znefLMNyVE8,Bhkkk bc topic dete kya h vedio m batate kya h,0
1585,znefLMNyVE8,Mam bajar ka paneer use kar sakte h.or cornflour na ho to maida use kar  sakte hai.,0
1586,znefLMNyVE8,Kya readymade paneer use nhi kr sakte mam,0
1587,znefLMNyVE8,thankyou always like your recipe,1
1588,znefLMNyVE8,Ma'am meri sari chena balls chasni me khul gyi Syd Maine kuch zada hi full fat milk use kr liya ya fir pta ni kyu jabke Maine 2 spoon maida use Kiya tha dough banate waqt,0
1589,znefLMNyVE8,Rasmalai My Fav Sweet❤,1
1590,znefLMNyVE8,Nice rasmalai,1
1592,znefLMNyVE8,Hi kabita i tried the recipe but sponge was too hard and that is the reason syrup didnt get observed,0
1593,znefLMNyVE8,6 ghante bad khana  padega??,0
1594,znefLMNyVE8,Mam corn flour ki jgh maida use kr skte h,0
1595,znefLMNyVE8,Bina garam ke fateso dudh se bana sake hai kya mam,0
1596,znefLMNyVE8,Hi maam chena ball soft nhi hue aisa kiyu maine same method se banae,0
1597,znefLMNyVE8,Bina vinegar dale bana skte hai ky ?Agr dudh khud hi fat jay toh,0
1598,znefLMNyVE8,Thxxx mam Maine apki video dekh kar bnai  bahut e taste bani,1
1599,znefLMNyVE8,I love u kavithaji🙏,1
1600,znefLMNyVE8,Mam maine 3 spoon vinegar dala phir bhi mera dudh nahi phata,0
1601,znefLMNyVE8,didi Jab Meri didi ka birthday tha To Main 10:00 Baje usko dekhna Shuru Kiya aur Maine 24 minut Dekha aur uske bad Pata Chala 6 ghante chodna tha aunty pahle Nahin bata sakte the AAP Hamara itna time West Kar Diya,0
1602,znefLMNyVE8,Sahi bhai kitne Wale 😂❤️😭😭😭😭,0
1603,znefLMNyVE8,Maine kal hi try super se uper bana h mujhe to believe nhi ho rha h main ghar pe itna perfect rasmalai banai hu but mere pass cornflour nhi to maine nhi use kiya kuch bhi aur fitkiri se dudh ko phada tha but ek bhi rasmalai tuta na h thanks thanks thanks ❤️❤️❤️❤️you are super mam.kash mere pass apka no hota to apke sath pic share karti,1
1604,znefLMNyVE8,Rasmalai m anaj hota h kya or fast m kha sakhte h,0
1605,znefLMNyVE8,"Hey i made it but cheena balls were little hard , now is there any way to make them soft",0
1606,znefLMNyVE8,Mashallah fantastic 🥳🥳🥳🥰🥰🥰😳♥️♥️♥️♥️♥️😘😘😘😘👌👌👌👌👌👌👌👌👌👌😋😋😋😋😋,1
1607,znefLMNyVE8,"Hi , ma'am i use same amount of vinegar but milk doesn't separate",0
1609,znefLMNyVE8,Nise to you darling 😂😂😂😂,0
1610,znefLMNyVE8,Conflower na ho to,0
1611,znefLMNyVE8,omg so good i am gonna try it today thank you❤❤,1
1612,znefLMNyVE8,Muje  ye  recipe khana haiii 🥲🥲,0
1613,znefLMNyVE8,Wow very  😋,1
1616,znefLMNyVE8,Thank u very much for this recipe,1
1619,znefLMNyVE8,Redyment panner use kar sakty hai plz reply,0
1621,znefLMNyVE8,Pls btao na ky hum panir ka paani use kr skte h,0
1622,znefLMNyVE8,Pls btao na ky hum panir ka paani use kr skte h,0
1623,znefLMNyVE8,Vinegar dalnese b dhoodh nahi phatraha🥺,0
1624,znefLMNyVE8,Kavita mam u are the best,1
1625,znefLMNyVE8,Can we make  chena  with curd.,0
1626,znefLMNyVE8,Mam Agr corn flor na mile to kya dale or ararot bhi nhi milta hamare yaha ab  kya dale jo ye pani me ghule nahi.,0
1627,znefLMNyVE8,Faqir 19 wali doodh ki packet 🤣🤣🤣🤣🤣,0
1628,znefLMNyVE8,Hm iske jgh dukan ka paneer b le skte h kya,0
1631,znefLMNyVE8,Rabdi bnane ke liye packet ka milk use krskte hai na,0
1633,znefLMNyVE8,😍😍😍😍😍😍👌👌👌👌💯💯🌹🌹🤍🤍🤍🖤🖤🖤🖤😋😋😋😋😋🥳🥳🥳🥳☺️☺️☺️☺️☺️☺️☺️💋💋💋💋💋💋💋🍧🍧🍧🤣🤣ko,0
1634,znefLMNyVE8,Chena Jada dry ho gaya to kya kre,1
1635,znefLMNyVE8,1 lit me kitne banati hai,0
1637,znefLMNyVE8,Mene corn flour ki jagh meeda dala tha to mene rash gulle pure phat gye 😭😭😭😭😭😭😭😭. Pura ghulge aab me kya karu plzzzzz help me,0
1638,znefLMNyVE8,Aagar corn flour nhi h to kya kare plzzzz batao . Mene meeda dal diya tha mere rash gulle phat gye😭😭😭😭,0
1639,znefLMNyVE8,Thank you so much mam 😃🤩,1
1640,znefLMNyVE8,Very nice i like,1
1641,znefLMNyVE8,I tried this recipe and it was awesome....,1
1642,znefLMNyVE8,Cornflour ke Alava kuch aur use kr sakte hai??Maida ya chawal ka atta?,0
1643,znefLMNyVE8,Meine vinegar ke bajaye lemon juice use kr lu to kya chena acha nahi banega?,0
1644,znefLMNyVE8,It's too tasty 😋😋😋😋,1
1646,znefLMNyVE8,I love rasmalai,0
1647,znefLMNyVE8,Thodi de do,0
1648,znefLMNyVE8,Today we tried ur recipe ..we are boiling it now,1
1650,znefLMNyVE8,Nice didi... ham apko bahut samay se dekh rhe hain,1
1651,znefLMNyVE8,Mai bhi doob gayi rasmalai mai 😍😂,0
1652,znefLMNyVE8,Ye guleger kya hota ha,0
1653,znefLMNyVE8,Thankyou Kabitaji today I will prepare .....,1
1654,znefLMNyVE8,"Kya talent hai, maza aa gaya video dekh k",1
1656,znefLMNyVE8,Super and yummy 😋 receipe thank you mam,1
1657,znefLMNyVE8,Aur aapke recipe k sare steps bahut  hi acche hote h.. jinko kitchen  ka k v nhii aata hoga woh v achi se aapki video dekh k bna lenge   jaise ki mai  thnk uu so much mam❤️,1
1658,znefLMNyVE8,Aapki awaaz s bahut hi sukoon aur shanti milti h pta nhii q..,1
1659,znefLMNyVE8,Aj mene rasmlai khai ik piec 35 rupes ☺,0
1660,znefLMNyVE8,M to Jrur try Keira rha nhi jag rha ab merse😋😋😄😄😄,0
1662,znefLMNyVE8,Mera pura khrab ho gya,0
1663,znefLMNyVE8,Pagal ho kya,0
1664,znefLMNyVE8,HiI tried it first time in life.All was well 😍Only one thingChaashni got sticky like glue.Do I need to add water during those 15 minutes?,0
1665,znefLMNyVE8,"Mam. Mohit ko bilkul psnd nahi hai , kheta hai karcha badhta hai faltu ka",0
1667,znefLMNyVE8,"mu ma Pani aa gaya ,🤤",1
1668,znefLMNyVE8,Normal vinegar na ho to chings ka chilli vinegar dal sakte hai kya?,0
1669,znefLMNyVE8,Hum banatain hai lekin aapne pura ulta tarika bataye aapne bekar ho jayega pura rasmalai,0
1670,znefLMNyVE8,Love your every recipes❤🌸🥀,1
1671,znefLMNyVE8,Sach me muh me pani aa gyaaaa,1
1676,znefLMNyVE8,What to replace instead of cornflour?,0
1678,znefLMNyVE8,Mam mere rashgulle to kdai m hi fat gye sb. Sari mehnt waste ho gyi 😢,0
1680,znefLMNyVE8,Main ne ye recipe traye hi hun ...par ...mere..rassgule .........konfulavre...ki vajha se..nakrm nhi hue..,0
1681,znefLMNyVE8,Agar 2 liter ka Chena hoga to sugar syrup main kitna pani aur kitna sugar Lena padega,0
1682,znefLMNyVE8,Corn flour ko Hindi me kya kahte hai,0
1683,znefLMNyVE8,Plz clarify if it is full cream milk or low fat,0
1685,znefLMNyVE8,Mai agar chahu to kya jawa aur badam k sath ek ball banake andar daal sakti hu kya rasgulla k??Ya wo chasni mai gir kar bighal jayega?,0
1686,znefLMNyVE8,Ine khane ke liye to hame puri din wetting karna padega😂😂,0
1688,znefLMNyVE8,madam vinegar ghar pe nahi hai mai toh nibo isstemal karonga,0
1689,znefLMNyVE8,I tried ur recipe it came out very tasty tanq so much for ur wonderful recipe,1
1691,znefLMNyVE8,I tried it yesterday but my rasgulla became too hard,0
1693,znefLMNyVE8,Mem kitne Dina rahega,0
1694,znefLMNyVE8,Cornflour ki jgh kuch or daal skte h?,0
1696,znefLMNyVE8,Kya hum ise rat me bana kar rakh sakte haiiii,0
1697,znefLMNyVE8,Kya hum shena ki jagah bazar se paneer lakr use kr skte hain?,0
1698,znefLMNyVE8,Plz reply kre mem bina corn flour bna skte hai kya,0
1699,znefLMNyVE8,Agr corn flour nhi hotoo kya kree mem bina corn flour bna skte h kya,0
1700,znefLMNyVE8,Aap yakin mano har bengali channel pe rasgulla ya rasmalai.. Full fat milk se banaya gaya h... Even kuch ek toh.. Full fat milk me extra ghee add kar rae... 😇,0
1702,znefLMNyVE8,Garmiyon me toh yeh kharab ho jaegyi kyunki bhar rakh ke toh dudh hai kharab ho sakta hai?,0
1703,znefLMNyVE8,Ham na try keya  Bahut acha bana thank you very much 😍,0
1704,znefLMNyVE8,Thank you mam..I tried it but the chena ball was broken while cooking. please suggest some tips,0
1705,znefLMNyVE8,Nice remide 👍👍👍👍❤️,2
1706,znefLMNyVE8,great didi👍,1
1707,znefLMNyVE8,Vinegar kon sa use krna hai ?,0
1708,znefLMNyVE8,Aunty meine exact instructions follow karne ki koshish ki.. But mera thoda sa bhi fula nahi balls chashni mein.. Kaha galat ho sakta hai please batayenge?( I used sooji instead of cornflour bas yehi ek difference and measurements bhi exact hi liye),0
1709,znefLMNyVE8,Agar rasgulle ek din pehle bana le aur rabdi dusre din daale toh koi problem hogi kya,0
1710,znefLMNyVE8,Mam mera chene se jo circle bnaya he vo bhot bikhar rha h plzz tell me me kya kru,0
1712,znefLMNyVE8,Corn flour compulsory h kya,0
1713,znefLMNyVE8,Kya hum direct paneer hi use kar sakte hai ?,0
1714,znefLMNyVE8,Mam it's delicious😋 Today I am going to try this recipe😃mam if saffron is not available in home so what should we do 🤔 Mam Please reply 😄,1
1715,znefLMNyVE8,How to make sugar free rasmalai..,0
1718,znefLMNyVE8,If kesar is not available then what is second option,0
1719,znefLMNyVE8,Mere chena ka moisture hi Katam Nahi ho dry hi nahi hoa,0
1720,znefLMNyVE8,Mam can we use paneer?,0
1721,znefLMNyVE8,Mana chasne m saka to Sara khrab ho gya,0
1722,znefLMNyVE8,Packet milk use kr sakta h ky,0
1724,znefLMNyVE8,Me apni wife se kehta hun ki you tube pe koi achhi si dish dekhkar bna liya kro..date ingredients me lake dunga ..lekin wo kabhi nhi banati ...daal roti sabji bna legi bhagywaan,1
1725,znefLMNyVE8,Aunty agar dudh phele se hi fhata hua hai to kiya wo use kr sakte hai ????????,0
1726,znefLMNyVE8,"Bahot badiya banai hai aapne, muze aagar 50 logonkeliye banana hai to Kitana milk lagega muze",0
1727,znefLMNyVE8,Mam  pani puri ki  Puri recipe bataiye,0
1728,znefLMNyVE8,M b banaunga kal Thanx Kavita ma'am.U have nice voice 😅😄😄,1
1729,znefLMNyVE8,Corn flour ki jagha maida use kar sakte h kya,0
1730,znefLMNyVE8,Mast resipe,1
1733,znefLMNyVE8,Suggest me any cake recepie without using salt,0
1734,znefLMNyVE8,Mem aapki rasmalai bahut achi bani haiMeri favorite swets bhi hai yai meri aisi kismat kaha jo aap jaisi ladies ki bani kha saku mai to abhi un married hu partner ki bahut jarurat hai  tabhi aisay nahi nahi sweta kha sakta hu koi ho to batay ladki ho nazar mai,0
1736,znefLMNyVE8,Super  super,1
1737,znefLMNyVE8,Corn flour n ho toh,0
1738,znefLMNyVE8,Did you know bts please reply,0
1739,znefLMNyVE8,Corn flour nahi ho toh kya use kar sakte hai ??,0
1741,znefLMNyVE8,Cornflour ke jagah Mei kya use kar sakte h?,0
1742,znefLMNyVE8,I don't have enough words to thank you kabita ji... You are just so genius.. Will try this method for sure... 😊👍Awesome rasmalai,6
1744,znefLMNyVE8,"Thank u so very much Kabita Ji for this Yum Yum Yum Yummy recipe 😋😋🤗😘😘❤🙏🏻I'll definitely try this and will share my experience soon, thanks again🙏🏻👏🏻👏🏻👍🏻👌🏻👌🏻🤓😋😋❤",2
1745,znefLMNyVE8,Thanks Mam Very Testy Recipe,0
1746,znefLMNyVE8,Him.corn.flour.ke.badle.maida.dal.sakte.hai,0
1747,znefLMNyVE8,Yein mohtrama gas bahut dikha rhi thi,1
1748,znefLMNyVE8,Kis kis ke mukh  meh  pani aaya 😂,3
1749,znefLMNyVE8,Mam vinegar khatta hota hai,0
1750,znefLMNyVE8,Mam meri rasmalai kuch jyada hi meethi ho gyi uska meethapan kam kaise kare,0
1751,znefLMNyVE8,Khana ka man kar raha ha,2
1753,znefLMNyVE8,Madam may bhi try Kiya but tut geya,0
1754,znefLMNyVE8,Thank you mam ❤️,1
1755,znefLMNyVE8,best method,0
1756,znefLMNyVE8,Conflo kya he,0
1757,znefLMNyVE8,Hello i can use milk powder with water,0
1759,znefLMNyVE8,Mm ekadashi vala mitha pani ghr per  kaise bnate h aap btadijiye,1
1761,znefLMNyVE8,Corn flour ki jagah maida daal sakte hain,0
1762,znefLMNyVE8,Rasmalai se jada apki awaaz sweet h ❤️😘,1
1763,znefLMNyVE8,Corn flour ki jgah maida dal sakte h ki nhi plzzz tell me kabita mam,0
1764,znefLMNyVE8,Chini ka chasni ko kya kre pir?,0
1765,znefLMNyVE8,Yar ye koi Khilado . Maa kasam dekhte hi bukh lag gai,0
1766,znefLMNyVE8,Cornflour nhi hoto,0
1767,znefLMNyVE8,i have a lot of buffalo milk . why can't I use that milk?,0
1768,znefLMNyVE8,Can we use maida place of corn flour,1
1770,znefLMNyVE8,Thank you for this I made this and it's looked like the same and it's tasty🌸,1
1771,znefLMNyVE8,Bahut sundar m try krungi,1
1772,znefLMNyVE8,Maine TRAI ki bahut acchi recipe Bani mujhe bahut pasand I aur mere husband ko bhi thank u didi thank🎉❤,1
1774,znefLMNyVE8,Believe me this was the best rasmalai i hv tried just the problem is I made it in night at 11 clock so i just keep it for 2hour not 6hours so that's why it was a little hard but if I would kept it for 6 hours it will be nice so remember whenever you will make it make in morning so at night u can hv it but the rabdi was soo good but when I will make it next time i will make it in morning.... Thank you soooo much mam for such amazing recipe 💞💕,1
1775,znefLMNyVE8,What if corn flour is not available,0
1776,znefLMNyVE8,I love your voice more than your video ♥️♥️♥️♥️💜💜,1
1777,znefLMNyVE8,"mam aapki recipe se rasgulle bahot hard bane,I followed the exact recipe 😢",0
1778,znefLMNyVE8,"when someone says How u know me, even they know u chutzpeh",0
1779,znefLMNyVE8,Maa aapke hatho me jadu hai meri maa ki tarha,1
1780,znefLMNyVE8,Mere rasmalai ka chena ball  hard ho Gaya tha soft hone ke liye Kya karna chahiye bataeye na please,0
1782,znefLMNyVE8,My mouth started watering after watching this.... I have to try this 😋😋,1
1784,znefLMNyVE8,Can we add ground sugar?It will dissolve faster.,0
1786,znefLMNyVE8,Ye dhudh k rasgule se bnte HI nhi h fat jate h chas Me dalte hi😒,1
1787,znefLMNyVE8,Corn flour skip kr skte h,0
1788,znefLMNyVE8,Thankyou so much mam❤️❤️,0
1789,znefLMNyVE8,Please promote mam please my YouTube channel please please,0
1790,znefLMNyVE8,Super mam this recipe is every niceThankyou for video,1
1791,znefLMNyVE8,Is there any difference between Rasgulla and rasmalai,0
1792,znefLMNyVE8,Rasmalai it same as rasgulla,0
1793,znefLMNyVE8,"Vinegar paani ke saath milake daale, so that woh dilute ho jaye, warna woh rasgulla rubber jaisa bann jaega. Dilute karne se zyada behtar banenge.",1
1794,znefLMNyVE8,Meri sari khul gai,0
1798,znefLMNyVE8,Beautiful Kavita Bhabhi 🙏🙏🙏,1
1799,znefLMNyVE8,Wow looks so delicious !😊,1
1800,znefLMNyVE8,Aapke ghr wale roz roz etne pase west krne dete h,0
1801,znefLMNyVE8,I tried this recipe but the chena rasgula melted 😥,0
1802,znefLMNyVE8,Hello mam maine aaj try kiya toh mere saare rasamsli fat gayi. Aisa kyu hua,0
1803,znefLMNyVE8,Kya main wheat flour use kar sakta hu corn flour ka jakha me ???,0
1806,znefLMNyVE8,Mam corn flour daalne se recipe kharab nhi hogi n ?,0
1807,znefLMNyVE8,Can I use maida instead of corn flour?,0
1808,znefLMNyVE8,Wonderful recipe.. Thanks,1
1809,znefLMNyVE8,Plzz ans me can I use pecked milk,0
1810,znefLMNyVE8,Ma'am maine do br ye recipe try Kiya h or dono br tikki me rbdi absorb ni hua aesa kyu andr se tikki dry hi tha,0
1811,znefLMNyVE8,Nice sharing 👍👍👍👍👌👌,0
1812,znefLMNyVE8,agar cornflour na ho to,0
1813,znefLMNyVE8,9  rasmalai 4 ghante me banai,0
1814,znefLMNyVE8,Very nice di.corn flour nhi ho to kya le di,0
1815,znefLMNyVE8,Delicious 😋 😋 😋 😋 😋 😋 😍😍😍😍😍😍😍😍😍😍😍😍😍👌👌👌👌👌👌👌👌👌👍👍👍👍👍👍👍👍👍👍👍👍👍👌👌👌👌👌👌☺️☺️,1
1816,znefLMNyVE8,Bohot jyada spongy ho gaya maine banaya tha aaj.... can you please tell me why?,0
1817,znefLMNyVE8,Can we make rabdi with buffalo milk,0
1818,znefLMNyVE8,Hii mam Toady very disappoint from Ur videoI tried this recipe and it's became hardI kned a Doug for 30 mints after that,0
1820,znefLMNyVE8,"mam aap bahot jaldi jaldi bolte ho,plz thoda dheere bola karein",0
1821,znefLMNyVE8,Rasmalai se Jada to aap aawaj mitti,0
1822,znefLMNyVE8,Meri rasmalai ke fate hue doodh ke gole sahi se nahi bane vo toot gaye na hi vo fate hue doodh ka jo aata he vo sahi se nahi bane vo thora gila rah   gaya,0
1823,znefLMNyVE8,"Hey Kabita's Kitchen, 🙏Everything ok? Enjoyed this amazing video, ❤ go through my   and 👍 it, Dhanyabad, Fiblee Support Team.  ☺",0
1825,znefLMNyVE8,Agr already dhoodh fta hua h to,1
1826,znefLMNyVE8,Thank you dear for this yummy recipe 🥰🥰😘😋,0
1828,znefLMNyVE8,But vinegar is not available,0
1829,znefLMNyVE8,Bahut bahut dhanyawad aapko madam 🙏,0
1830,znefLMNyVE8,Aap bahut ache se explain kiye hai Rasmalai ke bare me chene ko sirf hands ka use karna hai aur koi cheej se masal sakte hai  madam 🙏,0
1831,znefLMNyVE8,Mam isme phle se hi fata hua milk le skte h n bina vinegar k ase hi fat gya tha plzz reply,0
1833,znefLMNyVE8,Konsa vinegar use karna h ... Apple vinegar use kar sakte hain??,0
1834,znefLMNyVE8,"I tried it and followed exactly same steps and measurements, it came out perfect. Thank you for this amazing recipe!",3
1835,znefLMNyVE8,Thank you l don't believe ki I made so tasty,1
1836,znefLMNyVE8,Thank you mam for this rasmalai recipe,1
1837,znefLMNyVE8,Thanks mam l can't say no words to say thankyou again,2
1838,znefLMNyVE8,How much is ek cup cheeni in quantity,0
1840,znefLMNyVE8,Mam I m your biggest fan  luv 😘 u mam,1
1841,znefLMNyVE8,Thenks mam ise ham bart mai bhi kha sakte hai bilkul sudhd hai,0
1842,znefLMNyVE8,Thanks ma'am,1
1843,znefLMNyVE8,buhat ashi lgi video,1
1845,znefLMNyVE8,Nice work and it's my favourite,1
1846,znefLMNyVE8,Amul contains buffalo's milk.,0
1848,znefLMNyVE8,Naturally fatta hua milk use kr skte hai?,0
1850,znefLMNyVE8,Or ab toh pan cakes bhi bachi hui chasni se,1
1851,znefLMNyVE8,Wow yummy 😋,1
1852,znefLMNyVE8,Cornfloor ya ararot na ho to kya use kr skte ?,0
1853,znefLMNyVE8,"Maine try Kiya ye recipe bt ye bahot bekar bna rasogulla ne rabdi absorb nhi kiya jbki maine ek cheez ko garm hi rakha tha rabdi ko, aur toh aur 1 din m hi rabdi sticky ho gyi please give me reply ki mujhse kya glti huyi",0
1854,znefLMNyVE8,Meri wife na ghar me kuch banati h or na ghar ka khana pasand krti h ...hrr time chalo bahar ....chalo bahar ....rehdi pe kha legi lekin bahar ka chahea ....ye kuch mental disorder bn chuka h aaj kl .....kapde pahan k taiyar ho k bahar ka khana khane jana .......or Mard ko ghar ka he khana acha lagta h ...bahot se log 80 km up down krte h daily sirf ghar k khane k lea ....,0
1855,znefLMNyVE8,Mam bohot acha laga he hame,1
1857,znefLMNyVE8,Maida dal sakte h corn flour k jagah,0
1858,znefLMNyVE8,Wow so nice 👍🙂,2
1860,znefLMNyVE8,Mza aa gya didi,4
1862,znefLMNyVE8,Thank You ❤️,3
1863,znefLMNyVE8,My Favorite Childhood Delicious Sweet 😋 🥰😘👌👍My Dad Use to take me in sweet shop after school 😊🍬,1
1866,znefLMNyVE8,"Yummy recipe ma’am ,agar vrat ke liye banana ho to kya without any thing mix bana sakte gain",0
1867,znefLMNyVE8,Main bhi try kr liya lekin sponge nahi bana,0
1868,znefLMNyVE8,Wo so mouth watering,1
1869,znefLMNyVE8,Cornflour ki jagah par aur kya daal sakte hai,0
1870,znefLMNyVE8,Thanku so much mam,0
1871,znefLMNyVE8,Mere muh me to paani aa raha hai,0
1872,znefLMNyVE8,Very very nice 👌👌👌👌👌,0
1873,znefLMNyVE8,Me first time try kr rahi hu 🥺,0
1874,znefLMNyVE8,Cute voice😘,1
1875,znefLMNyVE8,Agar hum corn flour use nahi karenge to chalega kya,0
1877,znefLMNyVE8,Nise you to,0
1878,znefLMNyVE8,Confirn kya chij hoti h,0
1882,znefLMNyVE8,Thanku Mam it's very good,0
1884,znefLMNyVE8,Agar corn flour Na Ho To Maida Dal sakte hain kya,0
1886,znefLMNyVE8,vinger kha milega,0
1887,znefLMNyVE8,Hey ma'am i want to make rasmalai of 2 litre milk so could you tell me the ratio of sugar and water to use for sugar syrup?? Like 2 litre i'll use for chena and around 1 litre for the rabdi,0
1888,znefLMNyVE8,Mam agarcorn floor na ho to,0
1889,znefLMNyVE8,thank you so much Kavita ji,0
1890,znefLMNyVE8,Mam please reply me,0
1891,znefLMNyVE8,Kesar ke jagah per custard powder Dal sakte hain,0
1893,znefLMNyVE8,Ye keese pta chalega mam ki chena ball pk gye he chashni  me d'Alenge tab,0
1896,znefLMNyVE8,How do we check it if it's cooked,1
1897,znefLMNyVE8,"Hello Kabita , apki recipe dekhne k liye video shuru hota hai , mai apki awaz mai kho jati hu , app kitna piyara bolti hai .. I Love 💕 your voice .. God Bless You nd Your Family ..💕🌹🌹❤️",0
1898,znefLMNyVE8,Rasmali fat jata hai koi nuska bataiya pls,0
1899,znefLMNyVE8,Cornflour ki jagh maida use ke skte h,0
1900,znefLMNyVE8,Kaash me apke hatho ka bana kha pata😋😋😋😋,0
1901,znefLMNyVE8,Meri rasmalai chasni m ghul rhi h  mene 3 chamach alarot bhi daal lia chena ko tight krne ke liye ..1 ghante se chena ko tight krne m lgi hu nhi hora yaar koi flowing consistency bhi nhi h...Abhi ke liye mene uski fridge m rkh dia h.. please somebody suggest me what to do with that!!! I'm tired making this 😭😞...Please,1
1902,znefLMNyVE8,I love  your recipe,0
1903,znefLMNyVE8,Cornflour na ho to kya kare,0
1904,znefLMNyVE8,Mam vinegar nhi ho to challega,1
1905,znefLMNyVE8,NASA  video,1
1906,znefLMNyVE8,Ap bahut pyar se samjhate ho 🥰 we will make it 🥰,1
1907,znefLMNyVE8,Thank you.mouth watering recipe.Will surely try 👌👍,1
1908,znefLMNyVE8,Mam satry se bhi to faad skte h doodh ko,0
1909,znefLMNyVE8,Very nice madam....ur real teacher....thanks,1
1910,znefLMNyVE8,Flight announcement 👌👌👌👌,0
1911,znefLMNyVE8,Sab koi banane ke liye dekh rha h or m aadhi raat ko curiosity ki wajah se dekh rha hu 😂... Coz i like rasmalai most ❤️,0
1912,znefLMNyVE8,Testy and yammy sweet mam👌👌👌👌👌👌👌👌👏👏👏👏👏👏👏👍👍👍👍👍❤❤❤❤❤❤🙏🙏🙏❤🙏,1
1913,znefLMNyVE8,Maja aa gaya sikh ke. Bahut achhe se sikhaya aapne. Very very thank you. 🤩🤩🤩😇😇,0
1914,znefLMNyVE8,Bohot umda aur lazeez lagrahi hai👍,1
1915,znefLMNyVE8,Wow what a way of ur understanding......,1
1918,znefLMNyVE8,"Bahut badhiya ,bhijwa deti to aur accha hota 🙏🙏",0
1920,znefLMNyVE8,New subscriber. I love your videos.,1
1921,znefLMNyVE8,It was very bad,0
1922,znefLMNyVE8,Vinegar ke alava nimbu se dudh ko phad sakate hai?,0
1923,znefLMNyVE8,Corn flour ke alawa koi option me h kya mam,0
1924,znefLMNyVE8,Abhi se hi mooh me pani aagya,0
1925,znefLMNyVE8,Mame mer  ras malai vo   tait hogai,0
1926,znefLMNyVE8,Nimbu use kr skte h 1 ltr doodh me kitna nimbu dal skte h,0
1927,znefLMNyVE8,Kitne din rakh sakte h isko,0
1928,znefLMNyVE8,Isko dobara garm karke kha sakte h,0
1929,znefLMNyVE8,U r voice iz so swt,0
1930,znefLMNyVE8,Didi tond milk or full cream?,0
1932,znefLMNyVE8,Mam you are inspiration of many❤️❤️,0
1933,znefLMNyVE8,Nice recipe.  I will definitely try.,1
1935,znefLMNyVE8,I love rasmalai ..u know ..I watched l love it,1
1937,znefLMNyVE8,I tried this it's just osm I really like it❤️❤️,2
1938,znefLMNyVE8,Thank you mam 💞☺️,0
1939,znefLMNyVE8,Muj hames hi aap ka viedo aacha lagta hai mam😍,3
1940,znefLMNyVE8,Finally I got the perfect  video of rasmalai,16
1941,znefLMNyVE8,I will also try @ home 🍪🍚🥟,0
1942,znefLMNyVE8,Thanks a lot mam,1
1943,znefLMNyVE8,Superb recipe..👍,0
1944,znefLMNyVE8,Venigar kya hota hai,1
1945,znefLMNyVE8,Agar kisi ka pas vineger na ho to bhar se gharid ka laiyi,0
1946,znefLMNyVE8,Kash online khaa bhi sakte,0
1947,znefLMNyVE8,Aj mene bhi bnaya bilkul apki recipe ki tarah sch me bhut hu yummy bne the ma'am 💖,1
1948,znefLMNyVE8,Wah  😊Wah 👌👌,1
1949,znefLMNyVE8,Corn flour nhi hai te maida use kr skti hu khya,0
1950,znefLMNyVE8,Super delicious,0
1951,znefLMNyVE8,How to make pancake from chasni?,0
1952,znefLMNyVE8,Mam plz share us vdo of pancake .,0
1953,znefLMNyVE8,Great job mam,0
1954,znefLMNyVE8,Raw dudh lena h ya pani wala,0
1955,znefLMNyVE8,Bohott accha explain kartye ho mam..☺️,1
1956,znefLMNyVE8,Mam mene ye ras malai bnai thi aaj but wo sari tut gayi Again bnane ke liye me kya karu 😭😭😭😭😭Reply me first plzz maam,0
1957,znefLMNyVE8,Wwaaahhhh... kiya bat hai madam ....mai toh rasmslai se ziyada apke explain me fida hogaya hoon...bhut khoob....thank you 😂😂😂😂❤️❤️❤️,0
1958,znefLMNyVE8,Vvvvvvgood rash mali,0
1959,znefLMNyVE8,Hello  di  aaj Rasmali try ki amazing 👏 👌👌👌sari family  members  nay bahut like kiya thanks  di❤❤❤❤,1
1960,znefLMNyVE8,Mari bhi rasmalai bahut achhi bani aapke karn party me to chha gaya aapka rasmlai,0
1961,znefLMNyVE8,"It was bad adding cornflower please dont listen to her, it is good without cornflower .",0
1962,znefLMNyVE8,Aunty bal ke jhar ke ajati,0
1963,znefLMNyVE8,Mai har baar banati hu to usmai lemon ka test reh hi jata hai jis say poori mehnat kharab ho jati hai😫😩🥺aisa kiyu???,0
1964,znefLMNyVE8,Aunty yaha bhej va do,0
1965,znefLMNyVE8,Corn flour Dala jaruri h,0
1966,znefLMNyVE8,Looking delicious 😋,0
1967,znefLMNyVE8,Mam mere rasgulla mein chashni andar nahi jati plz tell tips,1
1968,znefLMNyVE8,Muh me Paani Aa Gaya Mataji😋 Mashaallah Gajab Bana Hai..👌,7
1969,znefLMNyVE8,👌👌👌very nice,0
1970,znefLMNyVE8,Mam mera chena chasni m boil kete time bikhar jata,0
1971,znefLMNyVE8,Very nice recipe,0
1973,znefLMNyVE8,App ne kaha tha na didi reply zarror send karna ham kar diya rasmalai achii nahi lagi,0
1974,znefLMNyVE8,Agar corn flour na ho to?? Ky kare,0
1975,znefLMNyVE8,Doodh phata hi nahi,0
1976,znefLMNyVE8,Bahuth clear hai aapka explanation. Thank you mam..... ❤️,2
1979,znefLMNyVE8,Maam ye chasni m ghul jaate hain kya kre??,0
1980,znefLMNyVE8,Cornflower ki jagah meida use kar sakte h,0
1981,znefLMNyVE8,"mam chena thoda gila lagraha hai kya karen? cornflour dalke acche se mala hai but abhi b thoda gila lagraha hai, jaldi batayen plz",0
1982,znefLMNyVE8,Can we use apple cider vinegar?,0
1983,znefLMNyVE8,Very nice very nice rasmalai,1
1985,znefLMNyVE8,Nimbu dal ke try kiya Khata ho gya 🤣Hamara kaam nahi haiAgr halvya jesha ham logo she ban gya to baazar she koy nahi kharidega,0
1986,znefLMNyVE8,Mera chena kdaa ho jata hai. Fridge mein bhi rakhne per hard ho jati hai . Aisa ku plz reply,0
1987,znefLMNyVE8,Bht time lgta h...but nice 👌🏻👌🏻👌🏻,0
1988,znefLMNyVE8,Apke dudh se bante to bhut achhe lagte,0
1989,znefLMNyVE8,Super mam thank you . You give the recipe nice message,0
1990,znefLMNyVE8,Thank you mam very testi recipe,1
1991,znefLMNyVE8,What can i use instead of cornflor,0
1996,znefLMNyVE8,Mere chena ball chasni pe fel gye hai toh uske liye kuch btao na esa kyu hua,0
1997,znefLMNyVE8,Agar cornflour na ho to nahi dala to chalega kya ?,0
1998,znefLMNyVE8,Paani nikal aya mooh se,1
1999,znefLMNyVE8,I and my sister love rasmalai,0
2000,znefLMNyVE8,Wow aunty yummy yummy lg rha ha bht zda mai try karungi isko ❤️,0
2002,nxUcxHMEUGg,Anyone in 2026,0
2004,nxUcxHMEUGg,Hi you name is w and 😮z,0
2005,nxUcxHMEUGg,one of if not the most cringest most unfunny motherfuckers on this planet,0
2006,nxUcxHMEUGg,Don't you guys know 2026 mein to duniya khatm Hai,0
2007,nxUcxHMEUGg,Tiktok Ban Ho Gaya,0
2008,nxUcxHMEUGg,He is most funny person without using any abusing word's 👍🏻,0
2009,nxUcxHMEUGg,Back in 2029,0
2013,nxUcxHMEUGg,Kon kon ye video 2026 ko dekhra 😂😂😂😂😂😂😂😂😂😂😂😂😂😂😂😂😅😂😅😂😅😂😅😂😂😅😂😅😂😅😂😅😂😅😂😅😂😅😂😅😂,0
2014,nxUcxHMEUGg,2026 april  me kon dekh raha h 😂,0
2015,nxUcxHMEUGg,Kaun-kaun yah video 2026 mein dekhna hai April mein,0
2017,nxUcxHMEUGg,Thank for 475 🎉 subscriber,0
2018,nxUcxHMEUGg,Please respect your  sister OK 😮😂😂,0
2020,nxUcxHMEUGg,Legends watching in 2026 like pls😊,3
2021,nxUcxHMEUGg,4:04  jali na😂,0
2023,nxUcxHMEUGg,2026 ma April one is anyone here who saw this video second time 😅😅,1
2024,nxUcxHMEUGg,Uska Baap hai na bahut ghatiya hai,0
2025,nxUcxHMEUGg,Seeing this again after 6 years,1
2027,nxUcxHMEUGg,Prena didi me ape ki bhot achi fan hu,0
2028,nxUcxHMEUGg,❤❤❤❤❤❤❤❤❤❤❤❤❤❤❤❤❤hindi🎉❤❤❤❤❤❤❤❤❤❤❤❤❤❤❤❤❤❤❤❤❤❤❤❤❤❤❤❤❤❤❤❤❤❤❤❤❤❤❤❤❤❤❤❤❤❤❤❤❤❤❤❤❤❤❤❤❤❤❤❤❤❤❤❤❤❤❤❤❤❤❤❤❤❤❤❤❤❤❤❤❤❤❤❤❤❤❤❤❤❤❤❤❤❤❤❤❤❤❤❤❤❤❤❤❤❤❤❤❤❤❤❤❤❤❤❤❤❤❤❤❤❤❤❤❤❤❤❤❤❤❤❤❤❤❤❤,0
2029,nxUcxHMEUGg,Bhaiya aap jhooth bolate aap nahin pahle aata tha,0
2030,nxUcxHMEUGg,Who is watching in 2026                                          👇👇,1
2035,nxUcxHMEUGg,Anyone 2028?,3
2036,nxUcxHMEUGg,Vah vah film video banai hai aisi cream video to maine jannat dekh liye the mujhe chhutti de do,0
2038,nxUcxHMEUGg,Hi this  was funny video 😁 😂 tike tok it was funny  at  all  I like  this  video  📹  i love you  😍 💋 ❤️ll,0
2040,nxUcxHMEUGg,Hzhhsdwcrvfrggeecgsggshdgbghsvgdbdyhshshhsd vsbdhhdhdhrghd dvhdhhhdbdbdhbs shhdhhdhjhejsgbbzvvz vzbdbbd bxb c.  DyThis etwould ethave er😅s cccccc.            ❤😂🎉🎉😮😮😅😅😅😢🎉😂❤❤ but 😢😮😮😅😅😅😊😢😂❤😂😢😮😅😊😢 I am not going fditdr dfor wax please answer me trigger Insaan,0
2041,nxUcxHMEUGg,Is video mein mirchi khane ke badnishchay bhai ko loose motion hone wale,0
2042,nxUcxHMEUGg,I can also try this challenge with my brother😂😂😂,0
2044,nxUcxHMEUGg,Who was watching in 2026😅,3
2045,nxUcxHMEUGg,My name is Lakhan expert hun aap ek kam karo mere ko bhi le lo,0
2047,nxUcxHMEUGg,Present sir,3
2048,nxUcxHMEUGg,"Na samjhoni Aarya tumhen dwara chhabbees, Jalna dabav aa do 0 Mein Jake, do dheera\nJ",0
2049,nxUcxHMEUGg,Usne aisa padmaraj ke internet2o6,0
2050,nxUcxHMEUGg,Yar subscribe kardo 😢,0
2051,nxUcxHMEUGg,Legends watch after 6yrs 👇😭,1
2054,nxUcxHMEUGg,how to you do edit plsss sayy😢😢😢😢😢😢,0
2056,nxUcxHMEUGg,LOWKEY FEEL BAD FOR NISCHAY BHAIYAA 😭😭😭,0
2058,nxUcxHMEUGg,Who in 2026 😂🎉,0
2060,nxUcxHMEUGg,it is the reason i not use tik tok and started playing cricket with my friends,1
2061,nxUcxHMEUGg,2026 anyone,0
2062,nxUcxHMEUGg,Legends in 2067,0
2063,nxUcxHMEUGg,2026wale attendence lagayo,0
2064,nxUcxHMEUGg,Mujhe Tera pichhwada chahie,0
2065,nxUcxHMEUGg,Me bolna chaha ta hu dghbshkmxshk,0
2066,nxUcxHMEUGg,Legends in 2026 😂,0
2068,nxUcxHMEUGg,2026 wale neeche attendance do👇👇,0
2069,nxUcxHMEUGg,Yo tyyy for 5 billion likes guys,1
2070,nxUcxHMEUGg,😅😂😂😂😂🎉❤😢doctorsffdrrff,0
2071,nxUcxHMEUGg,2026 wale 😂😂👇👇,11
2072,nxUcxHMEUGg,Anyone in 2026 🤳?,0
2073,nxUcxHMEUGg,*Kaun-kaun 2026 mein isko dekh raha hai*😅*,1
2074,nxUcxHMEUGg,Bhaiya Prerna ne Miraj last mein nahin Khai thi aap kyunki Pani Pi rahe the unhone jaldi se Rakh di thi aur vah camere ke samne dekh Kar Hans rahi thi matlab Sharma rahi thi 13:37 .......,0
2075,nxUcxHMEUGg,Yes 2026 mai,0
2076,nxUcxHMEUGg,Any one in 2026👇,0
2077,nxUcxHMEUGg,Didi apne waha pe mirchi khai or mahak yeha hak ai,0
2080,nxUcxHMEUGg,🌹 Tujibvdfhjnnkp 🌹😽 fuhhjikjobcc 🌷 hikkokkobc 🧕,1
2081,nxUcxHMEUGg,Who is watching this video in 2026😂😂😂,4
2082,nxUcxHMEUGg,Prerana didi is so beautiful 🤩❤,1
2086,nxUcxHMEUGg,Who watching in 26 march in 2026,2
2088,nxUcxHMEUGg,Aap donon ki jindagi mirchi khate Hui nikali jayegi😂😢😢😂😂❤❤,1
2089,nxUcxHMEUGg,Ab bade hokar baccha aise hi Karega😂😂😂😂😂😂😂,0
2090,nxUcxHMEUGg,Are to yah fir se nahin khareed Sakta icecream😂😂😂,0
2091,nxUcxHMEUGg,Triggered insaan AAP nah prerna ka Sath chocolate and real challenge karo please 🥺🥰🥺🥺🥺🥺🥰,0
2092,nxUcxHMEUGg,Sjsjjsjsjss,0
2094,nxUcxHMEUGg,Yahahhhahaha,0
2095,nxUcxHMEUGg,This video never gets old 😭 !!!! Love it yaaaarrrr😅❤❤❤❤,0
2097,nxUcxHMEUGg,CAMERAMAN NEVER DIES MEME NO.3,0
2099,nxUcxHMEUGg,Who are watching in 2026👇 Attendance pls 😂,1
2100,nxUcxHMEUGg,Abhishek  bhaiya kahan hai,1
2101,nxUcxHMEUGg,legend watch 6 year😅,0
2102,nxUcxHMEUGg,Prerna didi was very young then,1
2103,nxUcxHMEUGg,Legends after watching this 6 year later 👇😔 Edit : y'all are crazy TYSM for 91 like edit: I hate y'all for so likes,178
2104,nxUcxHMEUGg,Acha kulhari kaha hai,0
2105,nxUcxHMEUGg,Sister you look like 🌹  Rose black pink,1
2106,nxUcxHMEUGg,6:03 Dulhe Ka Sehra❌ Dulhan Ka Sehra✅,0
2107,nxUcxHMEUGg,u chrisssss,0
2108,nxUcxHMEUGg,Shyg 13:20 vvnxijgcx,0
2111,nxUcxHMEUGg,Kaun dekh raha hai in2055,1
2112,nxUcxHMEUGg,Kaun dekh raha hai 2055,1
2113,nxUcxHMEUGg,who miss the old triggu than new😓😓😓🥺,1
2115,nxUcxHMEUGg,I am watchtower at 2026 🎉,0
2116,nxUcxHMEUGg,Are bhai abhi to 2026 chal raha hai,1
2117,nxUcxHMEUGg,legends come here after boards 🤣,4
2120,nxUcxHMEUGg,Fukra insan hai😂😂😂😂😂😂😂😂😅😅,0
2121,nxUcxHMEUGg,Who s after kohli 101 th century,1
2122,nxUcxHMEUGg,Who's watching in 2026 march 😂🤔,1
2124,nxUcxHMEUGg,hmm most viewed video on nischay's channel....,0
2125,nxUcxHMEUGg,Any buddy on March 2026 😂👇🏼Vote here😅😅,28
2126,nxUcxHMEUGg,I. Love.   You❤❤❤❤❤❤❤❤❤❤❤❤❤,0
2127,nxUcxHMEUGg,2026 ya boy,1
2128,nxUcxHMEUGg,5:06  me(his sis) when mom forces me to drink fever ki dawaai,1
2129,nxUcxHMEUGg,haaaaaaaaaaaaaaaaaaaa,1
2130,nxUcxHMEUGg,You are no the only one laughing there is me too if you also then like,0
2131,nxUcxHMEUGg,Who is watching on March 2026? 😂😂❤,13
2132,nxUcxHMEUGg,Hahahahahahahahaha,0
2133,nxUcxHMEUGg,Legends watching in 2026😂😂,1
2135,nxUcxHMEUGg,👍😊👍   \/W\/      / \,1
2136,nxUcxHMEUGg,Triggered insaan most viewed video 😂😂😂😂🎉🎉🎉🎉,1
2137,nxUcxHMEUGg,So now we understand why tiktok was banned in india .. It was not because it was addictive.. But indian people ruined and made tiktok like a trash brainrot app .. tiktok would be so better now without these indian tiktoks ngl ..,2
2138,nxUcxHMEUGg,Mai nahi hasi,0
2140,nxUcxHMEUGg,Who watch this video on 2026,0
2141,nxUcxHMEUGg,Nischay chilli maachis ki tili,1
2145,nxUcxHMEUGg,2026 vala like karo😂,2
2146,nxUcxHMEUGg,Really tum legends hi attendance lagao,0
2148,nxUcxHMEUGg,Please please 🙏 Next challenge with girlfriend 🙏 😭,1
2149,nxUcxHMEUGg,🎉🎉😅😊😂😂😂😂❤fujfgo,0
2150,nxUcxHMEUGg,Who is watching in 2026 😂😂,3
2151,nxUcxHMEUGg,Nischay  hai 2026 me ye video dekhne ke baad aisa laga ke time bohot jaldi beet gaya!😢,0
2152,nxUcxHMEUGg,Who is watching this video in 2030?  Attendance here .✓,0
2155,nxUcxHMEUGg,Kon kon 2026 me fabruary me dekh raha h 😅,0
2157,nxUcxHMEUGg,This video is to much funni😅😂,1
2159,nxUcxHMEUGg,Face wash wali video mein nishchay bhaiya aap hase the ❤❤❤❤😊😊😊😊😊❤😂😂,0
2161,nxUcxHMEUGg,Bhai Main to 2026,0
2162,nxUcxHMEUGg,I miss these times when his content was actually good 😔,2
2165,nxUcxHMEUGg,Popooler vdo in 2026,0
2166,nxUcxHMEUGg,Who is watching this in 2026😂😂😅🎉,0
2167,nxUcxHMEUGg,Oldest video 😂,1
2168,nxUcxHMEUGg,Hiiiiiiiiiii😮,2
2169,nxUcxHMEUGg,WHO IS BACK IN 2026,0
2172,nxUcxHMEUGg,Jkjihjhhhhgg,0
2173,nxUcxHMEUGg,Most popular video of triggered insaan channel🙌🏻,0
2177,nxUcxHMEUGg,Me who watching this on 3rd feb 2026❤❤❤❤❤❤😅😅😂😂😂😂😂😊😊😊🎉,2
2179,nxUcxHMEUGg,Jay shree Ram ji Jay bajrang bali Jay sita maa Jay lakshman ji Jay saraswati mata Jay brahma ji Jay lakshmi mata Jay vishnu ji Jay HAR har Mahadev Jay parvati mata Jay Jay shree Krishna Radha Rani ji,1
2180,nxUcxHMEUGg,Anyone's 2026❤,4
2182,nxUcxHMEUGg,bichara bacha,1
2183,nxUcxHMEUGg,I am watching in 2026,2
2184,nxUcxHMEUGg,2027 wale attendence llagao,18
2188,nxUcxHMEUGg,Legends watch in 2027 even tho it's 2026😭,34
2189,nxUcxHMEUGg,Who watching this video in 2030😅,0
2190,nxUcxHMEUGg,Who watching this on 2026,0
2191,nxUcxHMEUGg,Legend's .... Jo 2026 main dekh rahe hai vo 👇🏻,1
2192,nxUcxHMEUGg,Who is watching this video in 2026,0
2193,nxUcxHMEUGg,Video se jada aapki hasi per maja aata hai,0
2194,nxUcxHMEUGg,Pagal ❤❤2025 😢2026🎉🎉,1
2196,nxUcxHMEUGg,Jai Siya Ram ❤,0
2197,nxUcxHMEUGg,Har Har Mahadev 🙏💕,0
2200,nxUcxHMEUGg,Jo Jo khud se bol reha hain dekhte hain main hasti junior ta nehi,0
2201,nxUcxHMEUGg,Who's watching this video in 2026Legends only!✨,13
2202,nxUcxHMEUGg,The fact that this video has the most views among all from this channel!! 💗🥹,0
2203,nxUcxHMEUGg,Who is watching 2026,0
2204,nxUcxHMEUGg,Wait does nischay has braces in this video?,2
2205,nxUcxHMEUGg,Bhi bihan ki jore bohat mazi dar hai,0
2207,nxUcxHMEUGg,Who miss tiktok 😩,1
2208,nxUcxHMEUGg,Bhai aap mere ko challenge kar do main nahin Hasti Kisi bhi video mein aapki Main fan hun aur main aapki video dekh dekh kar main Bina hansne wali ban gai hun aap mere ko challenge karo,0
2209,nxUcxHMEUGg,Shaadi kab ho rahi hai,1
2210,nxUcxHMEUGg,Legends are watching in 2026 17 January,13
2211,nxUcxHMEUGg,kon kon iss ko 2026 ma Dekh Raha ha,0
2212,nxUcxHMEUGg,Best video ever family malhan❤❤❤❤❤❤❤,0
2213,nxUcxHMEUGg,Best video ever,1
2214,nxUcxHMEUGg,Prerna di is Legend😂😂😂😂❤,0
2215,nxUcxHMEUGg,TRIGGED INSAAN YOUR MY FAVORITE YOUTUBER,0
2218,nxUcxHMEUGg,11:37 do kaali chipchaliya 😂hahahaha😅😂plz 📍,0
2219,nxUcxHMEUGg,Who's watching this on 2026 😂😅,0
2220,nxUcxHMEUGg,This is so funny,0
2221,nxUcxHMEUGg,Can't believe i used to laugh at this,1
2222,nxUcxHMEUGg,Iski Chaddi black Rang Ki Hai Jaiswal Hai hamare pass aur Kuchh Nahin aur Iske sir per topiyon Ki Mala bheekh Lagi hui hai aur tabiyat Thodi Si Apne bacchon ko😅😅😅😅 De Datar kya hota bacchon ko bhi 😂😂,1
2225,nxUcxHMEUGg,Yah to Tatti Hai😂😂😂😂😂😂 vah bhi real wali agarbatti lagakar plastic ka Katkar O my God yah to Tatti hai this is real tatti😊😂😂😂😂??😅,1
2226,nxUcxHMEUGg,2026 wale attendance lagao😂,6
2227,nxUcxHMEUGg,Watching in 2026,4
2229,nxUcxHMEUGg,2026 wale aap ka ab kau dear re h,1
2230,nxUcxHMEUGg,Anyone Watching This video on 2026,0
2231,nxUcxHMEUGg,2026 10 January,0
2232,nxUcxHMEUGg,Ultra legend are watching in 2026😅❤😂,2
2233,nxUcxHMEUGg,Legends are watching in 2026 ❤❤❤😂🎉😂😂❤,0
2234,nxUcxHMEUGg,Prerna didi hari mirch Khao Bhaduri Banakar,0
2235,nxUcxHMEUGg,Legends.... where are you ❤❤😂😂2026 wale attendance lagao😂😂,834
2237,nxUcxHMEUGg,Who watching  this on 2026,1
2238,nxUcxHMEUGg,Who WATCHING 2026 😅,6
2239,nxUcxHMEUGg,Who is watching this on 2026😂,1
2240,nxUcxHMEUGg,I am in 2026,0
2241,nxUcxHMEUGg,bhai itni funny video😂😂😂😂😂😂😂😂😂😂😂😂😂😂😂😂😂😂😂😂😂😂😂😂😂😂😂😂😂😂😂😂😂😂😂😂😂😂😂😂😂😂😂😂😂😂😂😂😂😂😂😂😂  😂😂😂😂😂😂😂😂😂😂😂😂,0
2242,nxUcxHMEUGg,2026 present,0
2245,nxUcxHMEUGg,Who is watching from 2026,0
2246,nxUcxHMEUGg,Who's watching this on 2026,0
2247,nxUcxHMEUGg,Who is watching this on 2026❤🎉😊,0
2248,nxUcxHMEUGg,Bhai me 2026 me dekh raha hu😅,0
2249,nxUcxHMEUGg,Bhai aap sa. Melna hai 😊😊,0
2252,nxUcxHMEUGg,Who watching this on 2026,13
2253,nxUcxHMEUGg,Anyone in 2026,1
2254,nxUcxHMEUGg,2026 Wale attendance lagao 😂😂😂😂😂😂😂😂😂😂😂😂😂😂😂,1
2255,nxUcxHMEUGg,Im in 2025 december31st wachting this🤣,1
2256,nxUcxHMEUGg,Kaunsa video hain yeh ??,0
2258,nxUcxHMEUGg,Tregdhi.  Kaucrhor,0
2259,nxUcxHMEUGg,😂😂😂😂😂😂😅😅😅😅😅😅😅😅😅😅😅10:33 I can't control my laugh 😂,0
2260,nxUcxHMEUGg,You know what hunger feels like.You know what helplessness feels like.Today someone is living your past.And you are choosing to watch do some charity u r earning in crores.,0
2261,nxUcxHMEUGg,kheel na nishay,0
2262,nxUcxHMEUGg,ap ka baab ye game khelega,0
2263,nxUcxHMEUGg,dono bewakoof nahi hai but triggu ne ice cream mr meat granny xic remake granny legacy granny the shop,0
2264,nxUcxHMEUGg,Really enjoyed broo!!!❤️,0
2265,nxUcxHMEUGg,Who are watching in 2026😂😂😂,0
2266,nxUcxHMEUGg,Who's watching this video 2026 😂😂 0:46,31
2267,nxUcxHMEUGg,Is video ka l:30 ko sabse slow motion dekho,0
2268,nxUcxHMEUGg,Dimag se pedal log 😂😂😂😂😂,0
2269,nxUcxHMEUGg,Dimag se pedal log 😂😂😂😂😂,0
2270,nxUcxHMEUGg,Dimag se pedal 😂😂😂😂,0
2271,nxUcxHMEUGg,Please please prerna didi aap wow challenge Karen jo bhi vah bole vah out ho jaega,0
2272,nxUcxHMEUGg,Eye No mouth Ha Ha,0
2273,nxUcxHMEUGg,Your sister is very cute 😍,0
2274,nxUcxHMEUGg,Bhaiya ham kha lenge mirchi,0
2275,nxUcxHMEUGg,Niscay is being so honest with Snapchat filters😂😂😂,0
2276,nxUcxHMEUGg,Please number,0
2277,nxUcxHMEUGg,Anyone who is watching in 2026 😅,0
2280,nxUcxHMEUGg,Kon Kon. 2026 ma dakh ra ha,0
2281,nxUcxHMEUGg,Pooooooooooooooooooooooooooooooooooooooooooooooooooooooooooooooooooooooooooooooooooooooooooooooooooooooooooooop,0
2282,nxUcxHMEUGg,I am seeing this video in 2025 but i like this video 😊😊,0
2283,nxUcxHMEUGg,Bhai pls like the ones who want gta 6 so that creators see my comment,0
2284,nxUcxHMEUGg,Who is watching this in 2026😂,0
2287,nxUcxHMEUGg,Yah to tatti aur kya hai❤😅😅😅😅😅😅😅😅,1
2288,nxUcxHMEUGg,how is watching in 2025 December 😂😂,1
2289,nxUcxHMEUGg,Tiktok to India mein ban hai,0
2291,nxUcxHMEUGg,Aisi baat to Maine kahin Dekhi hi nahin hai,0
2292,nxUcxHMEUGg,Ananya ka boyfriend,0
2295,nxUcxHMEUGg,Plzzzzzzzzz roast  bindass Kavya❤❤❤❤❤❤❤❤❤❤❤❤❤❤❤❤❤❤❤❤❤❤❤,0
2296,nxUcxHMEUGg,Happy marriage life sorave da ❤🎉,0
2300,nxUcxHMEUGg,Hii anyone in 1947 😂😂😂,1
2301,nxUcxHMEUGg,Who's watching it in 2026😂,0
2302,nxUcxHMEUGg,Gungun aap mujhe bahut acche lagte ho,0
2304,nxUcxHMEUGg,hi       pARISHAY,1
2306,nxUcxHMEUGg,Maa ki kasam jisne like subscribe nhi Kiya vah exam me pakka fail Hoga 😮😅🎉,2
2307,nxUcxHMEUGg,Me me form 2025,0
2308,nxUcxHMEUGg,Prerna aapko maloom Hai mere pass ek Billi Hai Billi mere godi per chadhkar aapka video kab se dekh rahi hai main apne Billi ke liye aapko thank u bolna chahti hun,0
2309,nxUcxHMEUGg,🎉🎉🎉😂❤ kaise hoti,0
2310,nxUcxHMEUGg,Brother and sister ❤,1
2311,nxUcxHMEUGg,I am watching today,1
2312,nxUcxHMEUGg,Agar koi Bhi Harsha Mere❤,0
2313,nxUcxHMEUGg,"Could be not expected, triggered in San Khan app Prerna Di Aap Pro Nahi Ho❤❤❤😂😂😂😂😂😂😂😂😂😂😂😂😂",0
2314,nxUcxHMEUGg,Ticktok will be do come back,0
2315,nxUcxHMEUGg,Who's watching this on 2025 ends ❤❤❤❤❤,0
2322,nxUcxHMEUGg,who is watching in 2025 🤣thanks for 1 like,0
2325,nxUcxHMEUGg,Kon 2025 me dekh rhe ha,1
2326,nxUcxHMEUGg,",,,,, we are watching for no reason because we didn't watch it😂😂😂😂",0
2327,nxUcxHMEUGg,you can not get it from a friend or so on hoeya,0
2329,nxUcxHMEUGg,Who is watching in 2025,0
2331,nxUcxHMEUGg,Who is watching in November 24 of 2025😂,0
2332,nxUcxHMEUGg,Anyone in 2025😂❤,3
2333,nxUcxHMEUGg,Who watched in 2026😂😂,0
2334,nxUcxHMEUGg,😂😂😂😂😂😂😂😂😂😂😂😂😂😂😂😂😂😂😂😂😂😂😂😂😂😂😂😂😂😂😂😂😂😂😂😂😂😂😂😂😂😂f😂😂😂😂😂😂😂😂😂😂😂😂😂😂😂😂😂😂😂😂😂😂,0
2336,nxUcxHMEUGg,Yah aapki bahan hai,0
2337,nxUcxHMEUGg,Aap abhi chhote ho kya,0
2340,nxUcxHMEUGg,Yah to tatti hai jisne shaadi Kiya uske mein band Baja dungi tatti tarika,0
2341,nxUcxHMEUGg,Happy birthday Triggered Insaan 😊😊😊😊😊😊😊😊😊😊😊(Nischay),1
2342,nxUcxHMEUGg,Your sister is very beautiful. mujha to ap ke sister sa ayar ho gia ha i love you nonu ke sister,0
2344,nxUcxHMEUGg,Anyone in 2025 😅,0
2347,nxUcxHMEUGg,7:48 waah didi waah 😂,0
2349,nxUcxHMEUGg,2no bhai behn hits different 😎😂,1
2350,nxUcxHMEUGg,Bhai ap davika ko roast karo,0
2353,nxUcxHMEUGg,Anyone watching this on 2025 November 6  at 7:59:29,0
2358,nxUcxHMEUGg,Prerna di nahi hasaa😢😢❤❤😂,0
2360,nxUcxHMEUGg,Triggered Insaan Hans raha tha Apne Hi😂,0
2361,nxUcxHMEUGg,I Love you  Bhai,0
2363,nxUcxHMEUGg,Ir7dieud7d7rurhfuruuh737373ujee8ejrirjfufidjdhdi. Hurndud8djr7rbc. Uf8r to you the liberty namaste 😅😂I 😂don't 😂know 😢😂😅namaste 😂namaste 😢I am don't 😢mine too 😢much 😂of 😂work 😢,0
2365,nxUcxHMEUGg,Watching the video on 2nd November 2025😅😅😂 1:40,0
2366,nxUcxHMEUGg,How watching in 2025,1
2368,nxUcxHMEUGg,Chudail hai aur kya hai,1
2369,nxUcxHMEUGg,My house Mumbai Malad East New road Paradise building 1302 my house my home is coming please surprise and triggered Insaan please my house please please come my house please come my house please come my house❤❤❤😊😊😊🎉🎉🎉,1
2370,nxUcxHMEUGg,My name is Mohammed Maiya daddy help with health❤❤❤🎉🎉🎉😊😊😊the world funny videos with man panel design private Insan health fukra Insaan health mother's health d,1
2371,nxUcxHMEUGg,who's watching in 2026😂,0
2372,nxUcxHMEUGg,agle video mea sweets  le kar baithna,0
2373,nxUcxHMEUGg,Super funny l can't stop laughing while watching this video 😂😂😂,0
2374,nxUcxHMEUGg,Tecno mobile,0
2375,nxUcxHMEUGg,Not boy girl bogirly 😂,0
2376,nxUcxHMEUGg,Beautiful didi😊😊,0
2377,nxUcxHMEUGg,So.  So cute,0
2381,nxUcxHMEUGg,Who watching on 2025 😂😂😂 😂😂😂😂😂😂😂😂😂😂😂😂😂😂😂😂😂😂😂😂😂😂😂😂😂😂😂😂😂😂😂😂😂😂😂😂,1
2382,nxUcxHMEUGg,Who's watching this on 2025😅😂,0
2383,nxUcxHMEUGg,Kon kon 2025 me dekh rhaa hai,1
2384,nxUcxHMEUGg,Anyone watching in 2026,0
2387,nxUcxHMEUGg,Ruchica rathor is your future wife😂,0
2388,nxUcxHMEUGg,Bhaiya aap doraaman  horror hotel escape kheiye,0
2389,nxUcxHMEUGg,Who is watching in 2025,0
2390,nxUcxHMEUGg,I watch this video on 2025,0
2391,nxUcxHMEUGg,Prena is cheater😂,1
2392,nxUcxHMEUGg,Hlo nischay bahiya,2
2393,nxUcxHMEUGg,Bhaiya i am your big fan pls reply me bhaiya 🙏,1
2394,nxUcxHMEUGg,"Aalu, khaoge",0
2395,nxUcxHMEUGg,We need prime triggu back,0
2396,nxUcxHMEUGg,i am wachting it on 2029,0
2397,nxUcxHMEUGg,To aapko kya Agar Ham 2025 mein kya aap Nahin Dekh Rahe 2025 mein jo humse poochh rahe ho ki whose watching in 2025 😡,0
2398,nxUcxHMEUGg,Taj Mahal to uske sar per hi Laga Hai😊😊😊😮😮😅,0
2399,nxUcxHMEUGg,AISA na ho ke preina ne Mirchi Khai or dusre din hospital me 😂😂😂😂😂😂😂😂😂😂😂😂😂😂😂😂😂😂😂😂😂😂,0
2401,nxUcxHMEUGg,I am seeing in 2025😅❤,0
2403,nxUcxHMEUGg,Aalu khaoge 🥔🥔🥔🥔🥔🥔🥔🥔🥔🥔🥔🥔🥔🥔🥔🥔🥔🥔🥔🥔🥔🥔🥔🥔🥔🥔🥔🥔🥔🥔🥔🥔🥔🥔🥔🥔🥔🥔🥔🥔🥔🥔🥔🥔🥔🥔🥔🥔🥔🥔🥔🥔🥔🥔🥔🥔🥔🥔🥔🥔🥔🥔🥔🥔🥔🥔🥔,0
2405,nxUcxHMEUGg,YOU SISTER  IS  VERY  CRING,0
2406,nxUcxHMEUGg,Makhdoomi aur Prerna ki Rahane wali video aur unko,0
2407,nxUcxHMEUGg,Watching video in 2025,0
2408,nxUcxHMEUGg,Hello 2025 😂😂😂😂😂😂😂😂😂😂😂😂16th October,0
2409,nxUcxHMEUGg,Who is watching today,0
2412,nxUcxHMEUGg,😊 I am watching in 2025,0
2413,nxUcxHMEUGg,Hgcdghggggff😂😂😂😂😂fffddcvfffggcvffccffff,0
2414,nxUcxHMEUGg,Legend waching in 2025😅😂,0
2417,nxUcxHMEUGg,Yah tatti man hai bus aur kuchh Nahin,0
2418,nxUcxHMEUGg,Thanks For Reading😘,0
2419,nxUcxHMEUGg,Who's watching this on 2025😂😂😂,0
2420,nxUcxHMEUGg,Bhai Jara Ghar per kabhi dikhao Na wala game ko tumhare ghar ka dekhne ka hai❤❤❤😂😂😂😂😂😂😂😂😂😂😂😂😂😂😂😂😂😂😂😂😂😂,0
2423,nxUcxHMEUGg,Any one in 2025....,0
2425,nxUcxHMEUGg,People watching in 2025 give your attendance 😅😅,4
2429,nxUcxHMEUGg,6 September 2025 me kon kon dekh rha h? Like karo,2
2430,nxUcxHMEUGg,Who's here in September 2025   |   |  V,0
2431,nxUcxHMEUGg,Who is in 2025??😂😂❤😊,0
2432,nxUcxHMEUGg,Who's watching this video in December 2025 ????,0
2433,nxUcxHMEUGg,Main 2025 mein dekh raha hun,0
2434,nxUcxHMEUGg,Aloo khaoge 🥔🥔🥔🥔🥔 🥔🥔🥔🥔🥔🥔🥔🥔🥔🥔🥔🥔🥔,0
2435,nxUcxHMEUGg,Aloo khaoge,0
2436,nxUcxHMEUGg,Kon kon 2025 me dekh raha hai 😂😂😂😂😂😂😂😂,26
2438,nxUcxHMEUGg,Best part of video10:33😂😂,0
2439,nxUcxHMEUGg,I am watching to 2025😂😂,0
2440,nxUcxHMEUGg,Anyone in 2025🎉,0
2441,nxUcxHMEUGg,prerna bahut besuri hai,0
2442,nxUcxHMEUGg,Who's watching this vidio on 1967❤,0
2443,nxUcxHMEUGg,Who watching in 3033,0
2444,nxUcxHMEUGg,Who watch in 2025😂😂,1
2447,nxUcxHMEUGg,Yes l am watching live,0
2448,nxUcxHMEUGg,in 2025 ❤❤❤😂😂😂 🤣🤣🤣😹😹😹,0
2449,nxUcxHMEUGg,Triggu bhai is my favourite ❤️,0
2450,nxUcxHMEUGg,Who watching in 1999,0
2453,nxUcxHMEUGg,6:50Da faq 😂,0
2454,nxUcxHMEUGg,Alooooooo khaoge❤❤❤❤,0
2456,nxUcxHMEUGg,Anyone watching in 2025 28th September 😂,0
2457,nxUcxHMEUGg,Who's watching on 2030😂,0
2458,nxUcxHMEUGg,Yes ✋ I watched,0
2460,nxUcxHMEUGg,comment padhne wale like kare,1
2461,nxUcxHMEUGg,Aloo khaoge,1
2462,nxUcxHMEUGg,Anyone who watched in 2025😅,1
2463,nxUcxHMEUGg,watching this video in 2025 and its fablous,1
2464,nxUcxHMEUGg,Bhai aloo khaoge,0
2465,nxUcxHMEUGg,That was pre lockdown era when everything was fine and exciting!!!,0
2466,nxUcxHMEUGg,Bareilly aaoge,0
2467,nxUcxHMEUGg,Ek baat hi nahi hai didi,0
2468,nxUcxHMEUGg,Ab toh tiktok hi banne ho gaye hai 😢😢,0
2469,nxUcxHMEUGg,Prerna didi Bus itna hi nahin sar per paint Vivanta Rakha Hai un logon Ne,0
2470,nxUcxHMEUGg,SAKSHI SISTER SAKSHI SISTER SAKSHI SISTER S,1
2471,nxUcxHMEUGg,Hahaha yah kya hy 😂,0
2473,nxUcxHMEUGg,Don’t know why but right now in 2025 I feel his videos before 2023 were way more better than current ones like this video is mostly better than the videos he upload now please come back to this type of videos,0
2474,nxUcxHMEUGg,I love you so much ❤❤,0
2475,nxUcxHMEUGg,Itni hansi yari aapko Kitna control karoge❤❤❤❤,0
2476,nxUcxHMEUGg,Mene bhi nigal li thi jab mene ye khai 😂😂😂,0
2477,nxUcxHMEUGg,Gays ye mene bhi chalange lagaya howa h is liye ja rahi hon mirchi khane 😢,0
2478,nxUcxHMEUGg,Lo Pani Pi lo drink water 💁‍♂️🫱🫲,0
2479,nxUcxHMEUGg,I watch this in 2025,0
2482,nxUcxHMEUGg,Who is in sept. 2025 😂😂,0
2483,nxUcxHMEUGg,I saw this 2-4 years ago and i and still laughing on this,1
2486,nxUcxHMEUGg,"Aapki Bhan aise Mein kuch Toh Abhi abhi dekha Maine lete per isliye, shaadi U Gaye na Diwali Joe DN TV saadhya h* Gaye na Liji Toh Didi inki. Shaadi h* Gaya na evali Joe didn't ki shaadi Hui. Aapki shaadi uber or increase saturday range video bixby🎉",0
2491,nxUcxHMEUGg,Lwdaa bhinchod 😅😅😅,0
2494,nxUcxHMEUGg,Bhaiya pleasw numere de do please please😅,0
2495,nxUcxHMEUGg,SISTER SAKSHI SISTER SAKSHI SISTER,0
2496,nxUcxHMEUGg,Punishment Hai Hari Hari mirchi,0
2498,nxUcxHMEUGg,tatti Hai to maja nahin a Rahe 2025😂😂😂😂,1
2501,nxUcxHMEUGg,Anyone watching in 2025 in September,1
2503,nxUcxHMEUGg,"Who is watching 👀  this on.      6th  September, 2025 😂😂😂😂😂😂😂😂😂😂😂😂😂😂😂😂",1
2504,nxUcxHMEUGg,What is your mother toung,0
2506,nxUcxHMEUGg,Hello bhaiya main birthday hai mera nam dipika Chaturvedi huu main Satna maye rahti hai,1
2508,nxUcxHMEUGg,who is in 2025?,0
2509,nxUcxHMEUGg,wow this is very amazing,0
2510,nxUcxHMEUGg,Ho watch this.    2026      20th January,0
2511,nxUcxHMEUGg,I see live insan,0
2512,nxUcxHMEUGg,I Love you 😘❤️,0
2513,nxUcxHMEUGg,Happy 😂😂😂😂😂😂😂😂😂😂😂😂😂😂😂😂😂😂😂😂😂😂😂😂😂😂😂😂😂😂😂😂😂😂😂😂😂😂😂😂😂😂😂😂😂😂😂😂😂😂😂😂😂😂😂😂😂😂😂😂😂😂😂😂😂😂😂😂😂😂😂😂😂😂😂😂😂😂😂😂😂😂😂😂😂😂😂😂😂😂😂😂,0
2517,nxUcxHMEUGg,Anyone watching this video on?2020😂😂😂😂😂😂😂😂😂😂😂😂,0
2518,nxUcxHMEUGg,Who' watching this on 2025 😂😂,0
2520,nxUcxHMEUGg,Here after his marriage,0
2521,nxUcxHMEUGg,Ayat😂😂😂😂❤❤❤😊😊,0
2523,nxUcxHMEUGg,LADDU 😂😂😂😂😂❤❤❤❤❤,1
2526,nxUcxHMEUGg,Hadi triggerd insaan OP in the chat 😂😂😂😂😂 0:24,1
2528,nxUcxHMEUGg,Legends watching in 2025 😀,0
2529,nxUcxHMEUGg,Who is watching this in 2025😂😂😂,0
2530,nxUcxHMEUGg,Insan bhaiya and Prerna didi you not anything I am eat totally and you only one chilli oh my god I am total it actually,0
2531,nxUcxHMEUGg,Trigger Insan you really talking Marathi I am Marathi then Rahim in India and my home address is Naveen Reena purnaka Sai road telephone office my school name three reasons international CBSE school I am 9 year old I am so big subscriber you are.,0
2532,nxUcxHMEUGg,Dum gpshozsyfd ka subh number is not possible to,0
2534,nxUcxHMEUGg,Who 's watching this on 2024,0
2535,nxUcxHMEUGg,Who who see this in 2025 after the news that Tik-tok is coming back 😂😂😂😂,1
2538,nxUcxHMEUGg,Plague doctor ek or bimari leak ho gayi naam hai skinwalker plaugr,0
2539,nxUcxHMEUGg,Oh anda voh to ajay Devgan gaddi wala stunt per felakar aisa lagra ki pant me hagdi mamy poko pants samajh kar,0
2540,nxUcxHMEUGg,c o oo @ . n,0
2543,nxUcxHMEUGg,Bhehen chod,1
2544,nxUcxHMEUGg,😅😅😅😅😅😅😅😅😅😅😅😅😅😅😅😅😅😅😅😅😅😅😅😅😅😅😅😅😅😅😅😮😮😮😮😮😮😮😮😮😮😮😮😮😮😮😮😮😮jijus😭😭😭😭😭😭😭😭😭😭🤣🤣⛪⛪✝️⛪💐💐💓💗💝💖💖💖💗💓💝💖💖💞,0
2546,nxUcxHMEUGg,Hi        Anam 👋,0
2548,nxUcxHMEUGg,Yeh daaru hai ya maa ka doodh,0
2549,nxUcxHMEUGg,Are mere jalebl do mere ko khana hai apne naak me kon lagata hai,0
2550,nxUcxHMEUGg,Kyuki tere behen ke muh me piston laga hua h,0
2551,nxUcxHMEUGg,Wanderer hib❤❤❤❤❤,0
2552,nxUcxHMEUGg,Please aapke sath aapka bahan ko aapka Bachpan ka photo per rost karo😢😢😢😢😢 please please please please please please,0
2553,nxUcxHMEUGg,13:37 best part of the video,6
2555,nxUcxHMEUGg,😊❤❤ prerna aise nahin karna chahie chhote kapde Nahin pahnana chahie buri baat Hoti hai Allah ko aapko aankh mein jaane ki Nahin agar Nahin Jana to fir achcha achcha kapda pahna karo bhari wale chote chote,0
2556,nxUcxHMEUGg,Jin ki shaadi hoti hai na unko apna Naam video Nahin banani chahie,0
2557,nxUcxHMEUGg,Prerna aise nahin karna chahie hamen Allah Baki agar Allah agar Allah na Allah ko aap Nahin manana FIR Allah aapko hath mein pahnane acche acche kam kara karo,0
2558,nxUcxHMEUGg,Watching this video after 2 years,0
2559,nxUcxHMEUGg,7:28 legends Kaha Hain??? 😂😂😂,1
2560,nxUcxHMEUGg,Prerna didi ke sath bohot bura hua 😅,0
2561,nxUcxHMEUGg,Who's watching this on 9090,1
2562,nxUcxHMEUGg,Anyone here after marriage of nischay 🎉,1
2563,nxUcxHMEUGg,I love you too ❤❤,0
2564,nxUcxHMEUGg,Who is watching this in 2025,0
2565,nxUcxHMEUGg,Who are watching after wedding of triggered insaan (triggu),0
2566,nxUcxHMEUGg,❤ han han bhai main aapse love mujhe😊,0
2567,nxUcxHMEUGg,1K subc complete 💯✅ Thank you,0
2568,nxUcxHMEUGg,technologia,0
2571,nxUcxHMEUGg,Yeh mirchia nhi matar hai,0
2572,nxUcxHMEUGg,July2025anyome?l☑️☑️☑️☑️☑️☑️☑️☑️☑️☑️☑️☑️☑️⬆️⬆️⬆️⬆️⬆️☑️☑️,1
2573,nxUcxHMEUGg,"Who,s watching this on 2030",1
2574,nxUcxHMEUGg,Maine Kasam Se is video ke liye sacchi mein Apne fridge mein se mirchi lakar Khai Hai Bus triggered Insan aapke liye😊😊😊😊😊😊❤❤❤❤❤,0
2575,nxUcxHMEUGg,Legend watching in 2025,0
2576,nxUcxHMEUGg,Anyone after triggu Marriage video❤,0
2582,nxUcxHMEUGg,mane apka game  khela  ha bahot  horror  tha,0
2585,nxUcxHMEUGg,Who watch on 2027,0
2586,nxUcxHMEUGg,🤟🤟🤟🤟🤟👌👌👌👌🙂🙂🙂🙂🙂😃😃😃😃😃😀😀SIDDHI,0
2588,nxUcxHMEUGg,Any one in 2026😂❤,0
2589,nxUcxHMEUGg,Jinki Hoti hai bahana vah bhai kismat Wale Hain bhaiya tum to bahut kismat wale ho tumhare pass bahan hai aur main to ek khud bahan hun,1
2590,nxUcxHMEUGg,Technology😂😂😂😂😂,1
2591,nxUcxHMEUGg,The topic is who is watching in 202(x),0
2594,nxUcxHMEUGg,Hay Nashe bhaiya,0
2595,nxUcxHMEUGg,My very much music video,0
2596,nxUcxHMEUGg,Who's watching in 2025,0
2597,nxUcxHMEUGg,So funny it. is 😂😂😂😂😂😂,1
2599,nxUcxHMEUGg,Who's watching this on 2030,0
2602,nxUcxHMEUGg,Very much funny videos I like your videos and my name is Anushka Roy,0
2603,nxUcxHMEUGg,"Who,s watching this in 2025😂",1
2608,nxUcxHMEUGg,Aiza😂😅😅😅❤😂😂😂😂😂😂8:21,0
2611,nxUcxHMEUGg,Chaman ka Dhola,0
2612,nxUcxHMEUGg,*_July 2025 anyone_* _?_ ✅,4
2613,nxUcxHMEUGg,Me watching this video 2025,2
2615,nxUcxHMEUGg,Tik tok tryb,1
2616,nxUcxHMEUGg,What is your      next chenl,0
2617,nxUcxHMEUGg,Kanak hooda  come on here triggered insa❤❤❤❤❤❤🎉🎉🎉🎉😊😊😊❤❤🎉🎉😊😊,0
2619,nxUcxHMEUGg,I am watching,0
2620,nxUcxHMEUGg,Me after wedding of triggered insaan 😂👇🏻,1
2621,nxUcxHMEUGg,Fatima fasal,0
2623,nxUcxHMEUGg,Prerna di aap harsh bhai ke Sath yahi challenge kijiye😊😊🎉🎉,0
2624,nxUcxHMEUGg,Someone in 2025,4
2626,nxUcxHMEUGg,Who is watching this video? 2025,1
2627,nxUcxHMEUGg,Your sister show 🥰 cute and beautiful ❤❤😊😊 smart,1
2628,nxUcxHMEUGg,Triggered Insaan ke video bahut buri hai Soya banata hai tum kya kar rahe ho doston triggered Insan ka baccha,0
2630,nxUcxHMEUGg,your sister is very beautiful 😊,0
2631,nxUcxHMEUGg,fokus is so good,0
2632,nxUcxHMEUGg,Bro did yall notice she didn't even swallow the chilli,0
2636,nxUcxHMEUGg,I’m watching in 2025,1
2637,nxUcxHMEUGg,4:23 was epic,2
2638,nxUcxHMEUGg,Who's watching this on July 2025,1
2639,nxUcxHMEUGg,Who's watching this on July 2025,0
2640,nxUcxHMEUGg,Who's watching this on July 2025,0
2641,nxUcxHMEUGg,Bhai is video ko 10 baar bhi dekh lu fir bhi hasi nhi band hogi 😂😂,0
2642,nxUcxHMEUGg,Hi i am your Big fan i am from Kolkata India 😊😅i watch your all the videos i like and subscribe 😊❤😅😂😮🎉😢❤❤😊❤😊❤😊❤😊❤😊❤😊😊❤😊,0
2645,nxUcxHMEUGg,Whos watching this is june 1 2025,0
2647,nxUcxHMEUGg,itni mirchi khaoge to tumhen dast Lage kahin lagenge per bathroom se bhi nahin bahar nikal paoge😅,0
2648,nxUcxHMEUGg,Who's watching in 2059 😂,0
2649,nxUcxHMEUGg,are triggered Insan bhai yah video kab Aaye aap to 2025 chal raha hai aapko tiktok band ho gaya na,0
2650,nxUcxHMEUGg,11:1 very funny 😂,0
2651,nxUcxHMEUGg,😂😂😂😂😂😂😂😂😂😂😂 wow,0
2652,nxUcxHMEUGg,Potty 🤣🤣🤣🤣🤣🤣🤣🤣🤣🤣🤣😂🤣🤣😂😂😂😂😂😂😂😂😂😂😂😂😂😂😂😂😂😂😅😅😅😅😅😅😅😅😅😅😅😅😅😅😅😅😂😂,0
2653,nxUcxHMEUGg,Please car for sale simulator try 🥹🥹🥹,0
2654,nxUcxHMEUGg,Please car for sale simulator try,0
2656,nxUcxHMEUGg,Bro I remember watching his these kinda videos in 2019 ❤and in 2025 he's already married😢,1
2659,nxUcxHMEUGg,Anyone 2025???,0
2660,nxUcxHMEUGg,Nischay bhaiya shaadi ka karoge,0
2663,nxUcxHMEUGg,How in 2025 ?,0
2664,nxUcxHMEUGg,Or ha  technology 😂😂😂😂😂😂😅😅😅😅😅😅,0
2665,nxUcxHMEUGg,❤❤❤❤❤❤❤❤love,0
2667,nxUcxHMEUGg,Legends watch in 2025,0
2668,nxUcxHMEUGg,Who's watching in 2039,0
2670,nxUcxHMEUGg,Who all came here after triggered insaan wedding 💍,0
2673,nxUcxHMEUGg,Who is watching after is wedding😂😂 by the way best brother sister ❤️🥰🥰 Mera Bhai to pagal hai 😂,0
2674,nxUcxHMEUGg,Who is watching today😂😂😂😂,0
2676,nxUcxHMEUGg,Here's me after his marriage 😂,0
2677,nxUcxHMEUGg,5.46 aunty ne waxing  ni krai,1
2678,nxUcxHMEUGg,"Dization, so technique geologically, new job with the Hussain near cottonical mosquitoes next day to funny case, either pushing a visitor hasn't he had a persepenist, but there are mass admitted that the uretum, certain twice enjoyed the demonstrators.  Could you Pakistan?Jordan doctorate the gym",0
2680,nxUcxHMEUGg,Who's watching this in 2028😂,0
2681,nxUcxHMEUGg,Are bhai yah Kaisa Shakal hai 4:54 ahahahahahqhahahahahah🤣🤣🤣🤣🤣🤣🤣🤣🤣🤣🤣🤣🤣🤣🤣🤣🤣🤣🤣🤣🤣🤣🤣🤣😀😀😀😂😂😂😂😂😂😂😂😂😂😂😂,0
2682,nxUcxHMEUGg,Are bhai yah Kaisa Shakal hai,0
2683,nxUcxHMEUGg,"Bhaiya, Mera Sapna Hai Aap Se Milne Ka😢",0
2685,nxUcxHMEUGg,Back when triggered insaan was so good,1
2686,nxUcxHMEUGg,😂😂😂😂😂😂😂rktyrthyTthuyhjhhnHuuhjhdfhfk rtrtwtrtt fvfthbdh ghfbtgb,0
2687,nxUcxHMEUGg,Me watching it on june 2024,0
2689,nxUcxHMEUGg,I am watching,0
2690,nxUcxHMEUGg,How I can comment to someone,0
2692,nxUcxHMEUGg,Kabhi mirchi nahin lagti😊😊😊😊😊😊,0
2693,nxUcxHMEUGg,Welcome back to 2020 😢,0
2694,nxUcxHMEUGg,Having the Most views video of the triggered insaan ❤🎉,0
2696,nxUcxHMEUGg,Anyone here after marriage of triggered insaan,1
2700,nxUcxHMEUGg,"6:03 ""dulhan ka chehra suhana lagta hai"" 😂😂",8
2701,nxUcxHMEUGg,Any one here in 2025,0
2702,nxUcxHMEUGg,BHAI APKA KOTNA SUBSCRIBERS THA AUS TIME PA,1
2704,nxUcxHMEUGg,Legend's watching in 2025😂😂,0
2705,nxUcxHMEUGg,2:17 is so funny,0
2706,nxUcxHMEUGg,Bhai mein 2025 mein dekh rahi hun jab unki shaadi ho gai 11june ko 😅,0
2711,nxUcxHMEUGg,Bahi shadi vlog,0
2712,nxUcxHMEUGg,Please aap guess the brainrot challenge karo na please please please please please please please na karona,0
2714,nxUcxHMEUGg,Anyone in 2025 😂😂,0
2715,nxUcxHMEUGg,/ wanderershub,2
2716,nxUcxHMEUGg,I am watching this video in that time where tiktok is ban,0
2718,nxUcxHMEUGg,Me  watching  inin 2025,0
2719,nxUcxHMEUGg,Taclojia😂😂😂,0
2720,nxUcxHMEUGg,Bro vdo me roast se jada bakwas tha 😢😢,0
2721,nxUcxHMEUGg,3:50 was epic lao pani lao,0
2725,nxUcxHMEUGg,Mere papa ache hai 🥰,1
2726,nxUcxHMEUGg,My prediction prerna didi ka baby hoga boy name asher 😂,2
2728,nxUcxHMEUGg,I am eating food😢😢😢😢😮😮😮😮😮,0
2729,nxUcxHMEUGg,my name is PULSE. You took my name on 5:56. THANK YOU,0
2730,nxUcxHMEUGg,iloveyou❤🎉😊❤🎉😊❤🎉😊,1
2733,nxUcxHMEUGg,Hahi Hahi michiya 😂😂😂😂😂😂,0
2735,nxUcxHMEUGg,Punishment hogi hari hari mirchiya,0
2736,nxUcxHMEUGg,Vedio Star 2:32😂😂,0
2738,nxUcxHMEUGg,My name is Suhana😊😊😊😊😊😊,0
2739,nxUcxHMEUGg,Pussi❤😂niamt,1
2741,nxUcxHMEUGg,😂😂😂😂😂😂😂😂😂vhfyt😊,0
2742,nxUcxHMEUGg,Watching this video on 2025,0
2743,nxUcxHMEUGg,Anyone from 2050 👽💀,0
2744,nxUcxHMEUGg,4:00 so cute,0
2745,nxUcxHMEUGg,Any one watching in 2025,1
2750,nxUcxHMEUGg,Insan ke Kan mein bakri,0
2751,nxUcxHMEUGg,Insan ke ghar mein bakri,0
2755,nxUcxHMEUGg,Hahahahahahahahahahahahahahahahahahahahah.................………,0
2756,nxUcxHMEUGg,First time I am watching but I have watched you before now I am watching now😂😂😂😂😂😂😂🎉🎉🎉😂😂😂😂😂😂😂,0
2758,nxUcxHMEUGg,Kon kon popular sai aya hai 😅,1
2759,nxUcxHMEUGg,Prerna: pritty Triggered insaan: a laugh 😅,0
2760,nxUcxHMEUGg,Bhaia plese 100 life simeral khalo😊,0
2761,nxUcxHMEUGg,i❤u😊😊😊😊😊😊😊😊😊😊😊😊😊😊😊😊😊😊😊😊,0
2763,nxUcxHMEUGg,😂😂😂😂😂😂😂😅😅😅😅❤❤Vsndjcuhb,0
2764,nxUcxHMEUGg,😂😂😂😂🎉🎉tiktoek❤❤,0
2765,nxUcxHMEUGg,Bhaiya Maine pahle 10 Kiya,1
2766,nxUcxHMEUGg,Live insaan is not laugh,0
2768,nxUcxHMEUGg,😅😅😅😅😅😅😅😅so fane,0
2773,nxUcxHMEUGg,Hello guys👋🏻😊❤😂 0:36,0
2774,nxUcxHMEUGg,Love you ❤❤❤❤❤❤,0
2775,nxUcxHMEUGg,Fa I am in bed 🛏️ I think 💬💬💬 will update on the day before Christmas 😂🎄 GHz the tdunggjxjcf are a unique character to the kids and I have been given the day and seasons and seasons and the same,0
2778,nxUcxHMEUGg,😂😂😂😂😅😅outstanding work💗💗💗💗💗😅😅😅😅😂😂 0:39,3
2779,nxUcxHMEUGg,Ajkal log kisi bhi video ko dekhate hai aur 57m view de dete hai so sad,0
2780,nxUcxHMEUGg,Bhai tu video aisi banate hain theek hai,0
2781,nxUcxHMEUGg,too too la la ki ta ganda,0
2782,nxUcxHMEUGg,Yuvraj Singh hai 😢😊😅😮😢🎉😂❤😂😂😂😂😂😂😂😂😂😂😂😂😂😂😂😂😂😂😂😂😂😂😂😂😂😂😂😂😂😂😂😂😂😂😂😂😂😂😂😂😂😂😂😂😂😂😂😂😂😂😂😂😂😂😂😂😂😂😂😂,0
2784,nxUcxHMEUGg,JjjĵjjjjjjjjjjjjjjJJJJuIIUUhJH,0
2789,nxUcxHMEUGg,Bhai mai aapki bhut bdi fan hu pls reply ❤,0
2791,nxUcxHMEUGg,🧍No💃/🕺 NO 💃 to 😂🤣😂🕺🎃🎃🎃💩💩,0
2793,nxUcxHMEUGg,3:41 voice of prerna is like naughty America,2
2795,nxUcxHMEUGg,*prerna is sexy*,0
2798,nxUcxHMEUGg,What is binoddddddddddddddddddddddddddddddddddddeeddeedddedddddd,0
2799,nxUcxHMEUGg,7.51 ye seen accha tha,0
2800,nxUcxHMEUGg,I am watching this vdo in 2025,0
2801,nxUcxHMEUGg,Bada jahil bap hai 😂,0
2802,nxUcxHMEUGg,Prerna didi agar vah munh mein se nahin pata hoga to bola kaise aur agar koi bol nahin Sakta na to Koi Pi bhi nahin Sakta so beautiful maing😊😂😂😂😂,0
2803,nxUcxHMEUGg,Main aapki bahut badi fan ho mujhe aapki video bahut acchi lagti Hai aapke bhai ka naam hai Premchand dusre ka naam hai triggered Insaan aur aapka naam hai Prerna triggered Insan ka Sahi naam hai nishchay😊😊😊❤,0
2804,nxUcxHMEUGg,Yes I am watching in 2025,0
2806,nxUcxHMEUGg,Thanks for 45 subscriber,1
2808,nxUcxHMEUGg,Who is watching in 2025,1
2809,nxUcxHMEUGg,My mom can eat all of this,0
2810,nxUcxHMEUGg,Yah Hai jali ka bhai matlab chocolate ko barsa wala bhai,0
2811,nxUcxHMEUGg,You are expert and no expert what are you doing at at you laughed,0
2812,nxUcxHMEUGg,Aap try not to love challenge karna wala hai,0
2813,nxUcxHMEUGg,Ur sister seems very beautiful.I like her (not in bad way) I really respect you both,3
2814,nxUcxHMEUGg,Your sister is so caring of you and beautiful ❤and you are so handsome bhai and like sinchan,0
2815,nxUcxHMEUGg,I love that triggered insan😂😂😂❤❤❤,1
2817,nxUcxHMEUGg,this was the must funny one 2:20,1
2820,nxUcxHMEUGg,I would like to drink focus but it is very expensive 😔,0
2821,nxUcxHMEUGg,Anybody in2025😮😂,0
2822,nxUcxHMEUGg,Yes this is potty💩💩🤣🤣your right,1
2823,nxUcxHMEUGg,apnay dhole say bhichri dholhan 😂😂😂😂😂,0
2824,nxUcxHMEUGg,Please like,0
2825,nxUcxHMEUGg,U poop so poop,0
2826,nxUcxHMEUGg,5:47 triggered insan ka face😂,6
2827,nxUcxHMEUGg,I am watching in 2025,0
2828,nxUcxHMEUGg,Anyone after the kids of triggered insaan,0
2829,nxUcxHMEUGg,Yes I watch this video in 2025😂😂🎉🎉😊😅,0
2830,nxUcxHMEUGg,Yeah!! Pata Hai? Paining se chilli ka pain bad jata hai?,0
2831,nxUcxHMEUGg,Me watch' in 2/25,2
2832,nxUcxHMEUGg,Legend are watching in 2026❤😂,0
2833,nxUcxHMEUGg,Lassi aankh me nahi nak me dalna tha😢,0
2834,nxUcxHMEUGg,Main To bacchi hun tabhi main Mirchi kha sakti hun,0
2835,nxUcxHMEUGg,Who is singing video on 119,0
2836,nxUcxHMEUGg,Nischay bhai app hase aur mirchi prerna di ko khila diya 👏🏻👏🏻,0
2837,nxUcxHMEUGg,10:33 was soo funny,0
2839,nxUcxHMEUGg,So cute sister❤😊😂,0
2841,nxUcxHMEUGg,Thanks sub 1000❤😂🎉,0
2842,nxUcxHMEUGg,Please triggered insan guess the logos challenge 😊😢,1
2843,nxUcxHMEUGg,So  funny videos,0
2844,nxUcxHMEUGg,Mne ne ajj dikha,0
2845,nxUcxHMEUGg,Anyone in 2025?,1
2846,nxUcxHMEUGg,Any one in 2035....😅,1
2847,nxUcxHMEUGg,Main is bande ne abhi abhi munh ko hansaya,0
2848,nxUcxHMEUGg,Wow so funny,0
2853,nxUcxHMEUGg,Kon kon popular video dekhna aya hai😂,3
2854,nxUcxHMEUGg,Anyone watching in 2025 😂,1
2856,nxUcxHMEUGg,WHO DIDN'T GET A SINGLE LAUGH BY WATCHING WHOLE TRIGGERED CARRIER 🗿🎉,0
2857,nxUcxHMEUGg,Black pink 🩷,0
2858,nxUcxHMEUGg,Big fan nonu and wanderers hub ❤❤❤❤❤❤❤❤❤❤❤😊😊😊😊😊😊😊😊😊😊,1
2860,nxUcxHMEUGg,Hahahahaha 😅😅😅😅😂😂😂😂,0
2862,nxUcxHMEUGg,Yah to tattihai😂😂😂😂😂😂😂😂😂,0
2864,nxUcxHMEUGg,Kjsjajsj gxuc swfdazqjbhkxqxwkndgjxsvhdfxsqkhdgqshdvxcwkhdgxfwqdghcvcxaasbgxaqjsfbxvadjvc 😢e hdgwdbjcjfwdhgxmwd dydwugfxnshgxbgazgf❤❤❤❤fghfh🥰🥰🥰🥰,0
2866,nxUcxHMEUGg,2025 watching ?😂,2
2868,nxUcxHMEUGg,Any one watching this video in 2026,1
2869,nxUcxHMEUGg,I am watching this in 2025,1
2870,nxUcxHMEUGg,Who is In 2025!😅,1
2871,nxUcxHMEUGg,Triggered Insaan ❌mirchi Insan ✅ sorry bhaiya❤❤❤❤❤,0
2873,nxUcxHMEUGg,1:36 me after watching triggered insaan video😂😂😂😂,12
2874,nxUcxHMEUGg,How many people see this video in 2025😅,2
2875,nxUcxHMEUGg,Roasting with his soster is extremely,0
2876,nxUcxHMEUGg,Most viewed video of his channel Who is watching in 2025..After bro's engagement?,9
2877,nxUcxHMEUGg,I love you. Hush❤,0
2878,nxUcxHMEUGg,Man to karta hai ki apki behan ban jau❤❤❤❤❤,0
2879,nxUcxHMEUGg,sary log triggered insaan ko triggu kyu khete hai😅,0
2880,nxUcxHMEUGg,do all for both😊❤,0
2881,nxUcxHMEUGg,5:15 birthday Pannu Tera bada bhai pagal ho chuka hai,0
2882,nxUcxHMEUGg,Tiktok Nahin chhapri jyada lag rahe Hani to😂😂😂😂,0
2883,nxUcxHMEUGg,7:04 tatti hsi,0
2884,nxUcxHMEUGg,*Kaun hai 2025mein dekh Rahe Hain*,3
2886,nxUcxHMEUGg,Yes I am watching in 2025😂,3
2887,nxUcxHMEUGg,You both are looking so much cute ❤❤❤❤❤😊😊😊😊😊❤❤❤❤❤❤😊😊😊😊😊😊😊❤❤❤❤❤❤❤,0
2888,nxUcxHMEUGg,Bhai hero roasts69 ko rost Maar dijiye Kyunki usne aapko rost Mara tha,0
2889,nxUcxHMEUGg,Support guys 😢,0
2890,nxUcxHMEUGg,Who is watching in 2050 😂😂😂,0
2893,nxUcxHMEUGg,Who is watching in 2025,0
2895,nxUcxHMEUGg,Koi hai yahan per 2025 ka😂😅😊,1
2896,nxUcxHMEUGg,Very nice ❤❤❤ miss you triggered bhai,0
2897,nxUcxHMEUGg,Kon kon janta h inki sister ka Chanel comment now,0
2899,nxUcxHMEUGg,kon 2025 ma dak raha he❤❤😢😊,2
2902,nxUcxHMEUGg,I love the is video,0
2903,nxUcxHMEUGg,"""Who is in 2025? I heard the news that Triggered Insaan quit his channel. 🥹🥹 I'm missing him, that's why I'm watching his old videos. ❤",2
2904,nxUcxHMEUGg,The first video is so funny 😂😂😂😂,0
2905,nxUcxHMEUGg,1k SUBSCRIBER PLEASE❤😢,0
2906,nxUcxHMEUGg,what the fuk,0
2907,nxUcxHMEUGg,I think I'm the only one on 13 March 2025 😅,0
2909,nxUcxHMEUGg,Bhaiya triggered insaan  channel video  kyon nahin a Rahi,0
2910,nxUcxHMEUGg,You r sister is very beautiful ❤❤❤,0
2912,nxUcxHMEUGg,Anyone 2025,0
2913,nxUcxHMEUGg,Please bhaiya don't leave 😢,0
2914,nxUcxHMEUGg,Kaun-kaun yah video 2025 mein dekh raha hai😂,0
2915,nxUcxHMEUGg,Anyone who is watching in 2025👇👇,1
2916,nxUcxHMEUGg,The way he tell his sister ... koi baat nhi adhi kha le (mirchi),1
2918,nxUcxHMEUGg,Legenda watching after 4 years ☠️😶😶📌📌 pls,3
2919,nxUcxHMEUGg,Main aapki bahut badi fan hun please miloge mere se,0
2920,nxUcxHMEUGg,Niscay is sooooooo cute❤❤❤❤😊😊😊😊😊,0
2921,nxUcxHMEUGg,Fun look in his all videos he always get the normal chair and give everybody a comp he always get the normal chair and give everybody a comfortable chair ❤❤❤❤❤,0
2922,nxUcxHMEUGg,Bro please ap apani sister ko kamla horror game 🎮🎮 khalao Na 🙏🙏🙏,0
2923,nxUcxHMEUGg,Bahut achcha majak Kiya😂😂😂😂 Tum mirchi khane ke liye taiyar nahin hue Ho Tum to Jolo chips bhi nahin kha sakte Jolo chips video karo,0
2925,nxUcxHMEUGg,Anyone watching march2025,0
2929,nxUcxHMEUGg,Yah bhi kisi se mang Ke ki honge dulha bolenge jab dulhan lol,0
2931,nxUcxHMEUGg,Lasse 🚫chapri ✔️,1
2932,nxUcxHMEUGg,Jo usne machhar bhagane wali nagin ko pata kyon nahin😅😂😂😂😂😂😂,0
2933,nxUcxHMEUGg,Anyone watching this video on 2025,2
2935,nxUcxHMEUGg,Legends 😎🫵🏻👀,1
2937,nxUcxHMEUGg,That is the poop,0
2941,nxUcxHMEUGg,"I, am goshiya",0
2942,nxUcxHMEUGg,My fefareat gam and prerra youar video  horror ilove prera horror vidio,0
2944,nxUcxHMEUGg,ANYONE IN 2025❤❤😊,0
2945,nxUcxHMEUGg,Anyone  see in 2025 like👇,1
2946,nxUcxHMEUGg,Tum teenon Milkar Kuchh To Achcha khelo,0
2947,nxUcxHMEUGg,anyone watching this video in 2025,0
2948,nxUcxHMEUGg,Aap aisi video mat dekha karo main khana kha raha tha,0
2949,nxUcxHMEUGg,Anyone watching this video at 2025,2
2950,nxUcxHMEUGg,2025feb waly attendence laga,0
2952,nxUcxHMEUGg,Who watch this video in 2025 wait no ways 12 likes 😊,0
2953,nxUcxHMEUGg,3:50 scene was iconic 😂😂😂 and you both siblings are looking very nice And special respect of trigoo bhaiya that he gave a comfortable chair to his sister and himself sat on a normal chair. And good luck to both of you for your next work 😊😊,26
2955,nxUcxHMEUGg,Saavi.  ❤❤❤❤😂😂😂😂🎉🎉🎉,0
2956,nxUcxHMEUGg,lassi ki jaga dod dalni laga,0
2957,nxUcxHMEUGg,Wow super cute and beautiful videos,0
2958,nxUcxHMEUGg,You are man to ne a single pain in left for me thats to bat in my dream i have a boy yippie yippie❤,0
2959,nxUcxHMEUGg,Triggered Insaan,0
2960,nxUcxHMEUGg,Abe bhai abe bade ho isis bnao desh ko sambhalo in kota,0
2962,nxUcxHMEUGg,Tatti 😂😂😂😂😂😂😂😂😂😂😂😂😂😂😅😅😅😅😅😅😅😅😅😅😅😅😅,0
2963,nxUcxHMEUGg,"I just realised it, Nischay might be the first ever middle child who is actually recognised, loved and respected❤❤😂(just a joke, don't take it seriously)",0
2964,nxUcxHMEUGg,I am watching on 2025,0
2965,nxUcxHMEUGg,Yah to tatti hai l😂😂😂😂😂😂,0
2966,nxUcxHMEUGg,Bro he is a girl not a boy😅😢😂😢😮,0
2967,nxUcxHMEUGg,"Your sister is very beautiful. Not in a bad way, with respect.",1
2968,nxUcxHMEUGg,Triggered insaan  whats this  video 😂😂😂😂😂😂,1
2973,nxUcxHMEUGg,2025😂😂😂😂😂😂😂😂😂😂😂yea,0
2974,nxUcxHMEUGg,3:56 notice the song😂😂,1
2975,nxUcxHMEUGg,Kon Kon suna ddi ka mume 😂 chicken winners kar ka😂😂,0
2976,nxUcxHMEUGg,😅😅😅😅gzghsjc❤❤❤❤,0
2977,nxUcxHMEUGg,😂😂😂😊 aapane dekha tumko tatti,0
2978,nxUcxHMEUGg,Bhai aap k gitna aur koi aacha vloger nahi h love you bhai❤❤,0
2979,nxUcxHMEUGg,Koi video bol kar dikhao chalak chuha chupke Se chai churata Hai Hansi mein aur Khushi mein aur udaas Hai karke dikhao tumhara challenge hai,0
2981,nxUcxHMEUGg,Ddd❤@@@@@1$$$😊,0
2982,nxUcxHMEUGg,VERY NICE VIDEO,0
2983,nxUcxHMEUGg,Wow❤❤❤🎉🎉🎉😂😂😂😂😂😂😂😂😂😂😂😂😂,0
2988,nxUcxHMEUGg,Anyone watching this video in 2030 😂😂,1
2989,nxUcxHMEUGg,Runaway. Boy house Escape karo please🙏🙏 🎉❤😊,0
2990,nxUcxHMEUGg,main❤ ek youtuber ❤hun main ek youtuber hun Mera channel se aapka bahut ❤fayda hoga❤❤😮,1
2991,nxUcxHMEUGg,main❤ ek youtuber ❤hun main ek youtuber hun Mera channel se aapka bahut ❤fayda hoga❤❤😮,1
2995,nxUcxHMEUGg,Kon-kon 2025 Mai dhek laha hey👇,6
2998,nxUcxHMEUGg,Family drama 😂,0
2999,nxUcxHMEUGg,Kone india sai 2025 mai dekh rha hai 😅,2
3000,nxUcxHMEUGg,"The job of goodnight , thirty three million lacks turn❤❤❤❤❤❤❤❤❤❤",1
3001,nxUcxHMEUGg,Ye to potty hai,0
3003,QedpcsA-GOU,"Don't miss my DissTrack. Pure 2 minute mein banaya hai😂😂 Bawandar ko 2 mahine kese lagg gye. Anyway, hope you enjoy😬❤",162014
3004,QedpcsA-GOU,Teri shakal achii hai Jo tu sab ko rost krta hai,0
3005,QedpcsA-GOU,How many of you are watching in 2026😅😅,0
3006,QedpcsA-GOU,Bhaiya ise acha to ek bacha HOGA 👏,0
3011,QedpcsA-GOU,Which legend is watching in 2026,0
3013,QedpcsA-GOU,YouTuber ❌️ singer ✔️😂😂😂😂,0
3014,QedpcsA-GOU,Rekha madam and dimple aunty are looking same bro 😂😂😂😂😂😂😂😂😂🤣🤣🤣,0
3015,QedpcsA-GOU,Triggered insaan ka rap best tha 😂😂😂😂,0
3016,QedpcsA-GOU,one reply big gan,0
3018,QedpcsA-GOU,1:59 I can't stop laugh,1
3019,QedpcsA-GOU,*oh bhai wtf*,0
3020,QedpcsA-GOU,Apne aap aagyi video in 2026 April ❤😅,1
3021,QedpcsA-GOU,Anyone in 2026 April ? 😅,1
3022,QedpcsA-GOU,Javed ji mere se poochh liya Sabse bada chhapri Kaun Hai sath mein Google se bhi,0
3024,QedpcsA-GOU,it is very funny 🤣🤣 and last seen is very funny 🤣🤣😂😂,0
3029,QedpcsA-GOU,Bhai tu mental hospitals hai kya,0
3030,QedpcsA-GOU,Ek chij Bata bhai lahar Pani mein aati hai bavander mein kab se aane lagi hai,0
3031,QedpcsA-GOU,Bataega kya kya bataega ki khana kaise khate Hain yah bataega kya,0
3032,QedpcsA-GOU,Pad Maar Ke bavander laega,0
3033,QedpcsA-GOU,Bhai yeh og video aye 5 saal ho gye wow matlab ham kahe sakte h triged insaan ko ki ham apko dekhte hue bade hue h and ik maine triggered insaan ka spelling galt likha hu lekin mera marzi na bhai ma sahi likhu ya nhi,0
3034,QedpcsA-GOU,Tera intezar,0
3036,QedpcsA-GOU,Pora youtube kaha se ahgaya,0
3037,QedpcsA-GOU,Bhoooooooooot,0
3038,QedpcsA-GOU,Booooooooooooth,0
3039,QedpcsA-GOU,Iske Ghar mein kitni bar hafte maar raha tha,0
3041,QedpcsA-GOU,Oggy and the pagal bacche,0
3042,QedpcsA-GOU,Bhai ka song best Hai 😂😂😂,0
3045,QedpcsA-GOU,It is better than his distract in 5 years,0
3048,QedpcsA-GOU,Triggered insaan ne kya kha mardunga aur,0
3050,QedpcsA-GOU,Haggu ko.kyu.toda bhaiya,0
3051,QedpcsA-GOU,13:02 true❤,0
3054,QedpcsA-GOU,Anyone in 2026 👇👇,1
3055,QedpcsA-GOU,pagal. hai. o😅😅😅,0
3056,QedpcsA-GOU,*Main Sharma care kar dungi Maine bhi Pyar Kiya aankhon ka aankhon ka naksha*,1
3057,QedpcsA-GOU,*Kyon tera baap chhod Gaya Tera ma*,0
3058,QedpcsA-GOU,*Vah vah kya muskurahat hai*,0
3061,QedpcsA-GOU,Agar tujhe maar bhi do kuchh bhi karo hamara to fayda Hoga Na agar tujhe maar padegi to😂,0
3062,QedpcsA-GOU,Ismein 15 November ko Kar bhi kya liya tha Kabhi kya liya hai aur ismein kuchh kya bhi nahin tha 15 tarikh a bhi gai hai aur yah fir bhi bole isase khud hi mujhe iske liye dimag bhi hai ya nahin 😡🤬,0
3063,QedpcsA-GOU,Raper god huginder,0
3064,QedpcsA-GOU,Watching in 2026😂,2
3065,QedpcsA-GOU,Bahi😂😂😂😂 yea that's 😂,1
3069,QedpcsA-GOU,bro agar me mujhe haga aata bhi naa to me chapri ke muu me hagta 2018 is back,0
3070,QedpcsA-GOU,Song was epic😂 written by trigger,0
3071,QedpcsA-GOU,Mera birthday ke mahine mein September,0
3072,QedpcsA-GOU,Trigeed bhaiya I am your big fan,0
3073,QedpcsA-GOU,Apna song bohot acchi tha😮😮😮😮,0
3074,QedpcsA-GOU,Op❤❤❤❤❤❤❤❤❤❤❤❤❤❤❤❤❤❤❤❤,1
3075,QedpcsA-GOU,Kon Kon duckynki video dekh kar aya ha 😅😂,0
3076,QedpcsA-GOU,Ghyyytyh teetar Insan dalo,0
3077,QedpcsA-GOU,Triggered Bhai ki Jay Ho Ho 😂😂😂😂,0
3078,QedpcsA-GOU,Ooooooooooooooooooooóoooooooooooooooooooooooooooooooooooo ooooooooooooooooooooóoooooooooooooooooooooooooooooooooooo ooooooooooooooooooooóoooooooooooooooooooooooooooooooooooo ooooooooooooooooooooóoooooooooooooooooooooooooooooooooooo ooooooooooooooooooooóoooooooooooooooooooooooooooooooooooo ooooooooooooooooooooóoooooooooooooooooooooooooooooooooooo ooooooooooooooooooooóoooooooooooooooooooooooooooooooooooo ooooooooooooooooooooóoooooooooooooooooooooooooooooooooooo ooooooooooooooooooooóoooooooooooooooooooooooooooooooooooo ooooooooooooooooooooóoooooooooooooooooooooooooooooooooooo ooooooooooooooooooooóoooooooooooooooooooooooooooooooooooo ooooooooooooooooooooóoooooooooooooooooooooooooooooooooooo ooooooooooooooooooooóoooooooooooooooooooooooooooooooooooo ooooooooooooooooooooóoooooooooooooooooooooooooooooooooooo ooooooooooooooooooooóoooooooooooooooooooooooooooooooooooo ooooooooooooooooooooóoooooooooooooooooooooooooooooooooooo ooooooooooooooooooooóoooooooooooooooooooooooooooooooooooo ooooooooooooooooooooóoooooooooooooooooooooooooooooooooooo ooooooooooooooooooooóoooooooooooooooooooooooooooooooooooo ooooooooooooooooooooóoooooooooooooooooooooooooooooooooooo ooooooooooooooooooooóoooooooooooooooooooooooooooooooooooo ooooooooooooooooooooóoooooooooooooooooooooooooooooooooooo ooooooooooooooooooooóoooooooooooooooooooooooooooooooooooo ooooooooooooooooooooóoooooooooooooooooooooooooooooooooooo ooooooooooooooooooooóoooooooooooooooooooooooooooooooooooo ooooooooooooooooooooóoooooooooooooooooooooooooooooooooooo ooooooooooooooooooooóoooooooooooooooooooooooooooooooooooo ooooooooooooooooooooóoooooooooooooooooooooooooooooooooooo ooooooooooooooooooooóoooooooooooooooooooooooooooooooooooo ooooooooooooooooooooóoooooooooooooooooooooooooooooooooooo ooooooooooooooooooooóoooooooooooooooooooooooooooooooooooo ooooooooooooooooooooóoooooooooooooooooooooooooooooooooooo ooooooooooooooooooooóoooooooooooooooooooooooooooooooooooo ooooooooooooooooooooóoooooooooooooooooooooooooooooooooooo ooooooooooooooooooooóoooooooooooooooooooooooooooooooooooo ooooooooooooooooooooóoooooooooooooooooooooooooooooooooooo ooooooooooooooooooooóoooooooooooooooooooooooooooooooooooo ooooooooooooooooooooóoooooooooooooooooooooooooooooooooooo ooooooooooooooooooooóoooooooooooooooooooooooooooooooooooo ooooooooooooooooooooóoooooooooooooooooooooooooooooooooooo ooooooooooooooooooooóoooooooooooooooooooooooooooooooooooo ooooooooooooooooooooóoooooooooooooooooooooooooooooooooooo ooooooooooooooooooooóoooooooooooooooooooooooooooooooooooo ooooooooooooooooooooóoooooooooooooooooooooooooooooooooooo ooooooooooooooooooooóoooooooooooooooooooooooooooooooooooo ooooooooooooooooooooóoooooooooooooooooooooooooooooooooooo ooooooooooooooooooooóoooooooooooooooooooooooooooooooooooo ooooooooooooooooooooóoooooooooooooooooooooooooooooooooooo ooooooooooooooooooooóoooooooooooooooooooooooooooooooooooo ooooooooooooooooooooóoooooooooooooooooooooooooooooooooooo ooooooooooooooooooooóoooooooooooooooooooooooooooooooooooo ooooooooooooooooooooóoooooooooooooooooooooooooooooooooooo ooooooooooooooooooooóoooooooooooooooooooooooooooooooooooo ooooooooooooooooooooóoooooooooooooooooooooooooooooooooooo ooooooooooooooooooooóoooooooooooooooooooooooooooooooooooo ooooooooooooooooooooóoooooooooooooooooooooooooooooooooooo ooooooooooooooooooooóoooooooooooooooooooooooooooooooooooo ooooooooooooooooooooóoooooooooooooooooooooooooooooooooooo ooooooooooooooooooooóoooooooooooooooooooooooooooooooooooo ooooooooooooooooooooóoooooooooooooooooooooooooooooooooooo ooooooooooooooooooooóoooooooooooooooooooooooooooooooooooo ooooooooooooooooooooóoooooooooooooooooooooooooooooooooooo ooooooooooooooooooooóoooooooooooooooooooooooooooooooooooo ooooooooooooooooooooóoooooooooooooooooooooooooooooooooooo ooooooooooooooooooooóoooooooooooooooooooooooooooooooooooo ooooooooooooooooooooóoooooooooooooooooooooooooooooooooooo ooooooooooooooooooooóoooooooooooooooooooooooooooooooooooo ooooooooooooooooooooóoooooooooooooooooooooooooooooooooooo ooooooooooooooooooooóoooooooooooooooooooooooooooooooooooo,0
3079,QedpcsA-GOU,It's been years now the time I really enjoyed his videos but now 😅,2
3080,QedpcsA-GOU,Any one in 2026,1
3082,QedpcsA-GOU,"U always make the funniest videos , i enjoy your vids so funny 😂😂",1
3083,QedpcsA-GOU,14:43 bhai aapka channel abhi bhi zinda h 2026 me 😂,2
3084,QedpcsA-GOU,Yoooooooo 😂😂😂😂😂😂,0
3085,QedpcsA-GOU,Who is in 2026😅,0
3086,QedpcsA-GOU,Kon kon 2026 ma dekh raha ha,1
3087,QedpcsA-GOU,The best rapper ever 😎😎😎,1
3088,QedpcsA-GOU,How's are in 2026,0
3090,QedpcsA-GOU,Kon kon 2026 me dekh raha hai 😂,1
3091,QedpcsA-GOU,Family roast 😂😂😂😂😂😂😂😂😂,0
3092,QedpcsA-GOU,Nischay bhai ko koi haat laga ka dhika da haa uncle or Aunty ki baat kuch or hai,1
3093,QedpcsA-GOU,Kya gana hai nischay bhai 🤣🤣🤣🤣🤣🤣🤣,1
3094,QedpcsA-GOU,Who is watching in 2026,0
3095,QedpcsA-GOU,*Very Nice*😊,0
3097,QedpcsA-GOU,Hahahah😂😂😂😂🤣🤣🤣🤣🤣🤣🤣,0
3098,QedpcsA-GOU,how many is washing in 2026,1
3099,QedpcsA-GOU,Kya baat hai,0
3100,QedpcsA-GOU,Abe isko bol pahle Bal kat ke Aaye Apne chhapri,0
3101,QedpcsA-GOU,99.99% watching nischays rap 😂😂😂😂0.001% watching the whole video 😂😂😂😂,1
3103,QedpcsA-GOU,Aap 6:00 baje uthte bhi ho haa kyu jhuth bol rahe ho bhai 😂😂😂😂😂😂😂😂😂😂😂,0
3104,QedpcsA-GOU,this is roaste,0
3105,QedpcsA-GOU,Anyone 2026,0
3106,QedpcsA-GOU,Any one 2026😅,0
3109,QedpcsA-GOU,11:45 😂 best,0
3110,QedpcsA-GOU,😊 bahut achcha Kiya bhai😅😅😅,0
3111,QedpcsA-GOU,0:22 this time agar ap captain on karke dekho GE to human autorickshaw likh kar ayega,0
3112,QedpcsA-GOU,Bhaiya Achcha gana tha,0
3113,QedpcsA-GOU,Triggered Insan Ne Achcha gana likha hai ekadam funny,0
3114,QedpcsA-GOU,Safed kapda😂,0
3115,QedpcsA-GOU,Bhai 😝 haginder be like: sala aage pichhe sab taraf mar rehe hai 🤣 😁 🤣,0
3116,QedpcsA-GOU,I'm here once again to watch this masterpiece roast😂,0
3117,QedpcsA-GOU,Rap starts at 11:47,0
3118,QedpcsA-GOU,Bhai 13:58 pe kya bola?,0
3119,QedpcsA-GOU,8:34 majak majak keh diya😂😂😂😂,2
3120,QedpcsA-GOU,Phele bolna sikhanle,0
3121,QedpcsA-GOU,Tum nahi hagte kya,0
3122,QedpcsA-GOU,Triggered ka rap fire 🔥 mere dimaag se nikal nahi raha rap and bawandar to wo toilet main lata hai,0
3124,QedpcsA-GOU,Yahahaahhahahhahahahahhahahahha tirgred insan laugh,0
3125,QedpcsA-GOU,Main yah video future mein se dekh rahi hun 2026 aur aur aap sabke liye jinhone bhi 2021 mein comment kiye Hain unke liye yah future Se Kam nahin Hai😅😅😅,3
3126,QedpcsA-GOU,Maa Kasam jisne Comment ko like Nahi Kiya Wo pakka exam Fail ho Gaya😂🎉,2
3129,QedpcsA-GOU,Like You videos 😂😂,1
3133,QedpcsA-GOU,Ooe hagindar pahele aa to mita denge,1
3134,QedpcsA-GOU,Ham dono bhai dono tabhi o mere bhai,1
3135,QedpcsA-GOU,Bhai mat darna ma or tum dono dekh lenge isko,1
3136,QedpcsA-GOU,Abe sale chu kar to dekha,0
3137,QedpcsA-GOU,Thala for a reason trophy for a season 🏆 guys ipl start legend watching on 2026 😅,0
3138,QedpcsA-GOU,Aur ajj 2026 aa gya hai 😂,1
3139,QedpcsA-GOU,O Bhai that's a great roast 🤣🤣,0
3140,QedpcsA-GOU,i love your videos a lot :),0
3142,QedpcsA-GOU,Where is waders hub😂😅,0
3144,QedpcsA-GOU,Song was amazing by triggered,0
3150,QedpcsA-GOU,Why is thara mummy is bhai 😭,1
3151,QedpcsA-GOU,Iam big fan ❤,1
3152,QedpcsA-GOU,14:27 HAGINDAR KI UNGLI KIDHAR JAA RHI THI?,0
3153,QedpcsA-GOU,How is my drug court by the makeup bundle?Keep band care,0
3155,QedpcsA-GOU,"Connect in, you're by doing that temperature that I think reduced to the\nTicket , you put away , i'm never contacting the ticket",0
3156,QedpcsA-GOU,Noise my digging us,0
3157,QedpcsA-GOU,Abe 16 November ko mera btday  aata hai,1
3158,QedpcsA-GOU,Any one in 2026,1
3159,QedpcsA-GOU,its been 4 years and im watchiing now 🤣🤣🤣😂😂😂,1
3160,QedpcsA-GOU,Who is watching in march 2026 after 5 years😎,15
3164,QedpcsA-GOU,"It was, very good nischay bhai",0
3165,QedpcsA-GOU,Hi 👋 triggered insaan please like,1
3166,QedpcsA-GOU,Bhaiya mai aap ki sari video dehk ta hu plz muhje ek phone dela do 🙏🙏,0
3167,QedpcsA-GOU,Nishchay bhai gana acha tha,0
3168,QedpcsA-GOU,Jhooth mat Bolo,0
3169,QedpcsA-GOU,Turn on captions when joginders video started 😂😂😂😂,0
3171,QedpcsA-GOU,I am in see 2026,0
3173,QedpcsA-GOU,Nischay/rap/is/better/than/hugindar/yo/nischay/thara/bhaiya/iove/you/too/nischay/bhaiya,0
3174,QedpcsA-GOU,Videos like👍🏿 You videos like You❤️❤️❤️❤️BANFun❤️❤️❤️❤️❤️❤️❤️❤️,0
3175,QedpcsA-GOU,VlDEO LoL 😂,0
3177,QedpcsA-GOU,Sudhar Ja beta,0
3178,QedpcsA-GOU,Legends watching in 2030,0
3179,QedpcsA-GOU,But why im🎉 watching in 2026 😅,1
3180,QedpcsA-GOU,Mera comment abhi to dusre number per hoga,0
3181,QedpcsA-GOU,Raat 12:30 baje 2026 24 March Tuesday 1:30,1
3184,QedpcsA-GOU,Uska cameraman aacha tha 😅,1
3185,QedpcsA-GOU,Bro 4 saal ho gaye 😂,1
3186,QedpcsA-GOU,7:03 and that's a no Ball!!!!,1
3187,QedpcsA-GOU,Nischay bhai ap to dancer to ho hi bohot ache singer bhi ho yaar itne ache wese ye to fun tha lekin acha gaate ho ap 😂 2min me Haginder Se to acha gaya he,3
3189,QedpcsA-GOU,I am watching the video in 2026😂 it's very funnnnnnny and I can't control my pati😂😂😂😂😂,2
3190,QedpcsA-GOU,Dost ka birthday hai 15  November❤,1
3191,QedpcsA-GOU,TUm baat Suno wo baat bilkul sai krha hai Gali deny Sy bchy khara hoty hai ok,1
3192,QedpcsA-GOU,3:01 man aj ya video daki,1
3193,QedpcsA-GOU,Bhaiya wo song Kam out ha😂,1
3195,QedpcsA-GOU,11:56 😢😢😢😢 Haggu :- mere ko kutta ??😭😭Kutta means marna,1
3196,QedpcsA-GOU,Anyone 2026,0
3198,QedpcsA-GOU,11:47 nischay bhai na gana mast. Banaya 😂🎉,0
3199,QedpcsA-GOU,Dar gya kya,0
3200,QedpcsA-GOU,Phone ke upar eraser chalne ki koshish karenga,0
3201,QedpcsA-GOU,15 november is my birthday,0
3202,QedpcsA-GOU,Bhai tu Kahan pagal to nahin Ho Gaya,0
3203,QedpcsA-GOU,Mabat re 15,0
3204,QedpcsA-GOU,Bhai jab upar wala dimag banta hai WhatsApp mein baithkar hagra se bhai sahab,0
3205,QedpcsA-GOU,Legend are watching in 2026 💀💀,3
3209,QedpcsA-GOU,Bhai ka left lung be like 😭 bas karo haat jor ke kah rahe hai,0
3210,QedpcsA-GOU,Triggered insaan be like mei gali nahi de sakta 😂😂,0
3211,QedpcsA-GOU,Tuma triggered insaan bhai ka bare ma kaisa bola,0
3212,QedpcsA-GOU,"We want you back bro, please upload this type od content",0
3214,QedpcsA-GOU,15 november is my birthday 😅,0
3215,QedpcsA-GOU,I am watching this in 2026😂😂😂😂😂❤❤,0
3217,QedpcsA-GOU,Bhai pahli bar mai itna hasi hu😂😂😂😂😂😂😂😂😂😂😂😂😂😂😂😂😂😂😂😂😂😂😂😂😂😂😂😂😂😂😂😂😂😂😂😂😂😂,0
3218,QedpcsA-GOU,2026 he is not still able to do that🤣🤣,1
3219,QedpcsA-GOU,Legends are watching in 2026,1
3221,QedpcsA-GOU,10:05 dance kyu kar rha hai?😂😂😂,1
3222,QedpcsA-GOU,Waaa bhai....❤❤❤❤.... Mast rost bhai....❤❤....😂😂......,1
3223,QedpcsA-GOU,Vai ka view 🫡,0
3224,QedpcsA-GOU,I have wach it when it was come but still I am watching on 2026❤🎉,0
3226,QedpcsA-GOU,I watch 2026,0
3231,QedpcsA-GOU,Safed sa dag😢😂😂,1
3232,QedpcsA-GOU,"Mere Birthday 15 November ko mere Birthday ha or ya pagle ha kaya,.........",2
3233,QedpcsA-GOU,Yes brother legends are watching in 2026,4
3234,QedpcsA-GOU,Now loveli triggered 💀old roster triggered 💀,1
3235,QedpcsA-GOU,2026 march 13🥀🤙,25
3236,QedpcsA-GOU,Hi Aaj kon dheak raha ha 😅,1
3239,QedpcsA-GOU,Watching at 12:00 p.m.,0
3240,QedpcsA-GOU,Mjj kkmmmmkm,0
3241,QedpcsA-GOU,Yoo triggered triggered friend triggereddd(ddddddddddddddddd,0
3242,QedpcsA-GOU,8:31  Bhai aap uski beizzati Kar Bhi Rahe Ho Nahin Bik rahe ho😂😂😂😂😂,0
3243,QedpcsA-GOU,*legend aer watchinh on 2026💀☠️💀☠️*,0
3244,QedpcsA-GOU,Abe jab khudvideao banate ho hame KiyuBoyteho,0
3245,QedpcsA-GOU,Chhapri  rahega nice to meet you Ha ha Ha ha ha ha ha ha ha ha ha,0
3246,QedpcsA-GOU,Bro what a rapper better than huginder,0
3247,QedpcsA-GOU,Triggered bhai what are song 😂😂😂😂😂,0
3248,QedpcsA-GOU,12:18 bhai ye kiya tha meri to hasi hi nahi ruki,0
3249,QedpcsA-GOU,Blood ka bivaser,0
3250,QedpcsA-GOU,Ham Jyada Nahin hagenge Nahin to pichhwada Lal ho jaega,0
3251,QedpcsA-GOU,Ham Jyada bhagenge Nahin Kyon matlab Ham Jyada hacking ke to pichhwada Lal ho jaega,0
3252,QedpcsA-GOU,Best roasting,0
3253,QedpcsA-GOU,Main Jo Dil ke Dhadkan ke bare mein kya-kya bol diya😂😂😂😂😂😂😂,0
3255,QedpcsA-GOU,bro you sound like tgat girl dilo ka shooter hai mera scooter,1
3258,QedpcsA-GOU,who  watching  in  2026,3
3259,QedpcsA-GOU,. -' ......l.,0
3260,QedpcsA-GOU,Bro got his family to roast him tuff😭✌🏼,0
3262,QedpcsA-GOU,15 november mera birthday hai 😅😅😅😅😅,0
3263,QedpcsA-GOU,11:57 bro really kicked his haggu,0
3264,QedpcsA-GOU,"Who's watching on March 7th , like karo",0
3265,QedpcsA-GOU,i am watching in 2026,0
3266,QedpcsA-GOU,Me watching on 3021,0
3267,QedpcsA-GOU,Watching in 2026 😅😂,1
3270,QedpcsA-GOU,Kon kon 2026 me dekh rahe hai 😅,0
3271,QedpcsA-GOU,Legends are watching in 2030,0
3272,QedpcsA-GOU,What the roast Bhai W ❤what a roasting level😂,0
3273,QedpcsA-GOU,Nahin bol raha shakal ke bare mein bolate bolate itna bol diya😂😂,1
3274,QedpcsA-GOU,Sachi batt hai bhai 3:48 😂😂😂,0
3275,QedpcsA-GOU,March 2026 vale legend like kare,1
3278,QedpcsA-GOU,I am watching in 2026.3,0
3279,QedpcsA-GOU,ANy class X student here,1
3280,QedpcsA-GOU,Who are watching in 2027,1
3282,QedpcsA-GOU,Who is watching before or after holi,3
3283,QedpcsA-GOU,Wow nice 🙂🙂,0
3284,QedpcsA-GOU,World best distrack😂😂😂😂😂😂,1
3285,QedpcsA-GOU,Legendary people watching in 2026,0
3286,QedpcsA-GOU,JAB TALWINDER TO 1 DIN PANI ME BIHGA KE RAKHDO,1
3287,QedpcsA-GOU,Who watching in 2027,0
3289,QedpcsA-GOU,Nischay killed it And the rap was insane 😮😂😮😂,0
3290,QedpcsA-GOU,Bhi ya hagendander ha hagendander tha or hagendander he raga,0
3291,QedpcsA-GOU,Legend are watching on 2026💀💀,1
3293,QedpcsA-GOU,Legend are watching in2049😂🎉,0
3294,QedpcsA-GOU,Gulinder haglinder,0
3295,QedpcsA-GOU,triggered insaannnnnnnnnnnnnnnnnnnnnnnnnnnnnnnnnnnnnnnnnnnnnnnnnnnnnnnnnnnnnnnnnnnnnnnnnnnnnnnnnnnnnnnnnnnnnnnnnnnnnnnnnnnnnnnnnnnnnnnnnnnnnnnnnnnnnnnnnnnnnnnnnnnnnnnnnnnnnnnnnnnnnnnnnnnnnnnnnnnnnnnnnnnnnnnnnnnnnnnnnnnnnnnnnnnnnnnnnnnnnnnnnnnnnnnnnnnnnnnnnnnnnnnnnnnnnnnnnnnnnnnnnnnnnnnnnnnnnnnnnnnnnnnnnnnnnnnnnnnnn nnnnnnnnnnnnnnnnnnnnnnnnnnnnnnnnnnnnnnnnnnnnnnnnnnnnnnnnnnnnnnnnnnnnnnnnnnnnnnnnnnnnnnnnnnnnnnnnnnnnnnnnnnnnnnnnnnnnnnnnnnnnnnnnnnnnnnnnnnnnnnnnnnnnnnnnnnnnnnnnnnnnnnnnnnnnnnnnnnnnnnnnnnnnnnnnnnnnnnnnnnnnnnnnnnnnnnnnnnnnnnnnnnnnnnnnnnnnnnnnnnnnnnnnnnnnnnnnnnnnnnnnnnnnnnnnnnnnnnnnnnnnnnnnnnnnnnnnnnnnnnnnnnnnnnnnnnnnnnnnnnnnnnnnnnnnnnnnnnnnnnnnnnnnnnnnnnnnnnnnnnnnnnnnnnnnnnnnnnnnnnnnnnnnnnnnnnnnnnnnnnnnnn reply me big fan,1
3296,QedpcsA-GOU,Koi mil Gaya movie 🍿😂,0
3298,QedpcsA-GOU,Haggu on mike Who noticed 😅😅😅,0
3299,QedpcsA-GOU,4 sall baad jo bhi dekh raha hai like karo😅😂😂,0
3300,QedpcsA-GOU,Triggu bhaiya bhot acha gana banaya apne is ke gane se bhot acha,0
3301,QedpcsA-GOU,Who is watching this in 2026,0
3303,QedpcsA-GOU,I am watching 2026😂😂,0
3305,QedpcsA-GOU,Wow kya roast hai,0
3307,QedpcsA-GOU,Bichare bhikaari ke kapre le lie,0
3308,QedpcsA-GOU,Ye aise log Hein Jo tatti Karke hath bhi nhi dhote,0
3309,QedpcsA-GOU,11:48 was the funniest part 😂😂😂😂😂😂😂😂,0
3310,QedpcsA-GOU,Legends in 2026,0
3311,QedpcsA-GOU,pooty wale joke we miss it,0
3312,QedpcsA-GOU,Can I get to 34k like I am from India,2
3313,QedpcsA-GOU,YE APNE KAM PE HEG TA H,0
3314,QedpcsA-GOU,GOGIDER M CH B CH B L H,0
3315,QedpcsA-GOU,Bahut aacha tha song 😂😂,0
3316,QedpcsA-GOU,BOL AP RAHA LEKIN ESKI GAD FARNI MERA MEN KAR RHA H,0
3317,QedpcsA-GOU,Who is from 2027;😂,0
3318,QedpcsA-GOU,Le me : reading cc (human autorickshaw 😅) even on 2:15 😂,1
3319,QedpcsA-GOU,Bro maine bahut bar dekh rakhi hai,0
3321,QedpcsA-GOU,Legend are waching in 2026😂😂,2
3323,QedpcsA-GOU,Legend are watching on 2026 🗿🤣,513
3324,QedpcsA-GOU,How many of you watching in ²⁰²⁶ ----------- Like button,2
3325,QedpcsA-GOU,Im still watching im from 2026 ❤,2
3327,QedpcsA-GOU,How many of you are watching in 2026,3
3329,QedpcsA-GOU,When I on the caption they laugh and caption me lika gareebo ka batman wala joker,1
3330,QedpcsA-GOU,4:11 nischay ne uncle aur aunty ko kaise convince kiya hoga😂😂😂😂😂😂,3
3331,QedpcsA-GOU,I'm in 2026,1
3332,QedpcsA-GOU,I am watching it in 2026,2
3333,QedpcsA-GOU,Anyone from 2026 😂❤,1
3334,QedpcsA-GOU,Than Abhishek Bhai ne badla Liya  uspe rap banaya,0
3335,QedpcsA-GOU,How many of you are watching  2026😅😂,1
3336,QedpcsA-GOU,Bache khane wala rakshas😂 8:37,0
3337,QedpcsA-GOU,Who is watching in 2029?,1
3338,QedpcsA-GOU,"People saying 2025, 2024, look at us 2026😂😂😂",0
3339,QedpcsA-GOU,👇🏻 legend's in 2026....,50
3340,QedpcsA-GOU,me watching in 2026,3
3341,QedpcsA-GOU,Anyone in 2027???,2
3342,QedpcsA-GOU,How many are watching in 2026,1
3343,QedpcsA-GOU,Legends are watching in 2026,2
3344,QedpcsA-GOU,Anyone in 2026 😂,0
3345,QedpcsA-GOU,I'm in 2026,0
3346,QedpcsA-GOU,I am  waiting in 2026,0
3347,QedpcsA-GOU,How many are in 2026,0
3348,QedpcsA-GOU,Bhaiya iski setting mar gayi hogi ab,0
3349,QedpcsA-GOU,who's matching im 2026,1
3351,QedpcsA-GOU,🤔lekin ye video 4years ago h or m 2026 m dekh rahi hu abhi tak tho hagindra ne kuch kiya hi nai or bat kar raha only 15november ki 😂😂😂😂😂😂😂😂😂😂😂😂😂😂😂😂😂😂😂😂🎉🎉🎉🎉🎉🎉,1
3352,QedpcsA-GOU,2026watching in this video 😂😂😂😂😂😂😂😂😂😂 Rahul Gandhi be like 😂😂😂mja aya 🎉🎉🎉🎉🎉🎉,0
3353,QedpcsA-GOU,omg hhahhahahahhhahah,0
3354,QedpcsA-GOU,Legends watching on 2026,1
3355,QedpcsA-GOU,Bhai uska sath bhara to aapko kuchh kuchh dekha hai black colour ham log ka kutta ka pass mein tha niche wala😂😂😂😂😂,0
3356,QedpcsA-GOU,Bhai tune to usko sabak sikha ya hai,0
3360,QedpcsA-GOU,Legends are watching in 2026,0
3361,QedpcsA-GOU,How many people's watching in 2026🎉🎉😊,0
3362,QedpcsA-GOU,2025 me con dekh raha he is video ko😂😂,1
3363,QedpcsA-GOU,Legends watching in 2026,0
3364,QedpcsA-GOU,11:56 BHAI HIG DAY PE HUGGINDER HEUGGE GA😂😂😂😂,0
3365,QedpcsA-GOU,Who are watching in 2026😊😊.,0
3367,QedpcsA-GOU,How many watching in 2025 ❤,1
3368,QedpcsA-GOU,uncle and aunty killed by thei act,0
3369,QedpcsA-GOU,Who is watching in 2026😂😂😂,3
3370,QedpcsA-GOU,Who is watching this in 2026,2
3371,QedpcsA-GOU,Anyone on 2026?😭,1
3372,QedpcsA-GOU,"Watching this on 13th feb, 2026😂",0
3373,QedpcsA-GOU,2026 people watching,1
3374,QedpcsA-GOU,12:05 bhai has te te pet dard ho gaya,1
3375,QedpcsA-GOU,How many of you watching in 2025,2
3377,QedpcsA-GOU,Who was watching in 2026? 😂😂😂😂😂😂😂😂😂,0
3378,QedpcsA-GOU,Please triggered Insaan comment kar do😢😢😢😢😢😢,0
3379,QedpcsA-GOU,Triggered Insan comment like kar do please😢😢😢,0
3380,QedpcsA-GOU,Kiske sath iska Kuchh patega kar ke sath Kuchh aur😂😂😂🎉🎉🎉,0
3383,QedpcsA-GOU,Joginde no Harinder,0
3384,QedpcsA-GOU,Bhai isse achha aapne gaya hai🤣🤣🤣,0
3385,QedpcsA-GOU,Bhai das bajetak sikha hai ye🤣🤣🤣,0
3388,QedpcsA-GOU,2k26 attendance 🎉,0
3391,QedpcsA-GOU,8:55  nahi bol rahe ho! Bhai!😅😊,0
3392,QedpcsA-GOU,"East and west ""triggered insan is the best"" 계속 그렇게 해! 너 최고야!",0
3393,QedpcsA-GOU,Who watcing in 2026,0
3394,QedpcsA-GOU,Anyone here in 2026..😂😂😂😂,0
3395,QedpcsA-GOU,Who watching in 2026 vo like kro,0
3397,QedpcsA-GOU,H who is watching English 2017,1
3398,QedpcsA-GOU,Who is watching in 2026❤❤ 0:54 😂,7
3400,QedpcsA-GOU,How many of you are watching in 2026😂,0
3401,QedpcsA-GOU,Ma. 2026. Ma dakaha,0
3402,QedpcsA-GOU,Best YouTuber which makes me😂 his videos are so ❤❤❤Triggered insaan (nichay malhan) love from Punjab,0
3403,QedpcsA-GOU,How man of u r watching this in 2026,0
3404,QedpcsA-GOU,Ppl in 2026 9 febPlz like 1k,1
3405,QedpcsA-GOU,Me again watching in 2026,0
3406,QedpcsA-GOU,please make part 2❤,0
3407,QedpcsA-GOU,I am watching in 2026,1
3408,QedpcsA-GOU,my birthday is in 15th november lmao,0
3409,QedpcsA-GOU,Anyone in 2026,1
3410,QedpcsA-GOU,None in 2026,2
3411,QedpcsA-GOU,Tati jogenderinmean jogendar wife,0
3412,QedpcsA-GOU,So entailment 🎉🎉,0
3414,QedpcsA-GOU,★M!4x-ff!¡★,0
3415,QedpcsA-GOU,★M!4x-ff!¡★,0
3416,QedpcsA-GOU,Who is watching in 2026 😂,5
3418,QedpcsA-GOU,Support me please 🙏🏻🥺,0
3420,QedpcsA-GOU,Bawander 😂😅😂,0
3421,QedpcsA-GOU,School boy runaway khlo,1
3422,QedpcsA-GOU,Who's watching in 2030,2
3424,QedpcsA-GOU,Who's in 2026,1
3425,QedpcsA-GOU,Kon Kon 2026 me deak raha hain,0
3426,QedpcsA-GOU,Bhai mere Hindi sar ne bhi yahi bola tha 15,0
3427,QedpcsA-GOU,Who watching in 2026,1
3428,QedpcsA-GOU,Legend in feb 2026,0
3431,QedpcsA-GOU,Caption padho human autorickshaw 😂😂😂,0
3432,QedpcsA-GOU,Who is watching in 2026,0
3433,QedpcsA-GOU,Who watching in 2027,0
3434,QedpcsA-GOU,How many of you watching in 1919,0
3435,QedpcsA-GOU,Bohot aacha gana h ❤,0
3436,QedpcsA-GOU,Legend watching 2026,0
3437,QedpcsA-GOU,Anyone 2026,23
3438,QedpcsA-GOU,Kon  kon ye 2030 me dekh  raha,1
3441,QedpcsA-GOU,Who is watching in 2027❤,3
3443,QedpcsA-GOU,Who watches in 2026 😂😂😂😂😂,1
3444,QedpcsA-GOU,thara nokar lullundar,1
3446,QedpcsA-GOU,How many of you are watching in 2026😅😅😅,1
3447,QedpcsA-GOU,Legends watching in2026,0
3448,QedpcsA-GOU,My favorite YouTuber,0
3449,QedpcsA-GOU,Sᴏɴʏ Oɴ Hᴀɢɪɴᴅᴀʀ Wᴀs Eᴘɪᴄ😅🤣😂,1
3450,QedpcsA-GOU,Who is watching in 2026😂😂😂😂,22
3451,QedpcsA-GOU,Who are watching in 2026❤❤,0
3452,QedpcsA-GOU,namuna gaang 👍🎀,0
3453,QedpcsA-GOU,cc wala option on karna likha hai human autorickshaw 😂😂😂,0
3454,QedpcsA-GOU,Legends watching video in 2026,1
3456,QedpcsA-GOU,Triggered Insaan I am your big fan😊😊😊😊😊😊😊😊😊,0
3457,QedpcsA-GOU,How many of you watching this video in 2026?😂,0
3458,QedpcsA-GOU,legend's are waitching in 2026😅,4
3459,QedpcsA-GOU,Not me rewatching this video from 2026...,2
3460,QedpcsA-GOU,Bro...Your song was universal truth,0
3461,QedpcsA-GOU,You are the real GOAT 😂,0
3462,QedpcsA-GOU,2026 wale hagdo oh sorry like krdom 😂😂,0
3463,QedpcsA-GOU,Actual time when triggered insaan was enjoyable,1
3464,QedpcsA-GOU,Pani wala bavander a Gaya,1
3465,QedpcsA-GOU,Paryavaran ki video,0
3467,QedpcsA-GOU,Any one from 2026 1:48,2
3469,QedpcsA-GOU,2026 wale attendance lagvao 😂,10
3470,QedpcsA-GOU,Kon kon 2026  29 jan,2
3472,QedpcsA-GOU,How many of you are watching in 2026😂,12
3473,QedpcsA-GOU,Who is watching in 2026?💕,0
3474,QedpcsA-GOU,"Poonam Gandhi, Business Studies – Class XI, CBSE Publication.DK Goel, Business Studies – Class XI, Arya Publications.Information collected through personal visit and observation of Lake Mall.Interaction with mall staff and store employees at Lake Mall.Official websites and online articles related to organised retail trade and shopping malls (for general reference).Teacher’s class notes and school study material related to the topic Types of Trade.",0
3475,QedpcsA-GOU,"What type of trade does Lake Mall mainly represent?(a) Wholesale trade(b) Retail trade(c) External trade(d) Entrepôt tradeDoes Lake Mall operate within the boundaries of the country?☐ Yes ☐ NoWho are the main customers of Lake Mall?(Short answer)What types of retail outlets are available in the mall?(Tick all that apply)☐ Clothing ☐ Electronics ☐ Food outlets ☐ Entertainment ☐ OthersDoes Lake Mall sell goods directly to final consumers?☐ Yes ☐ NoWhich feature best describes Lake Mall?(a) Small retail shop(b) Itinerant retail trade(c) Organised retail trade(d) Wholesale marketWhat facilities are provided to customers in the mall?(Short answer)How does Lake Mall ensure customer satisfaction?(Short answer)Are digital payment methods available in the mall?☐ Yes ☐ NoRate the importance of customer service in retail trade:☐ Very Important ☐ Important ☐ Neutral ☐ Not ImportantDoes the mall organise sales, events or promotional activities?☐ Yes ☐ NoHow does Lake Mall benefit retailers operating inside it?(Short answer)Does organised retail trade help in increasing employment?☐ Yes ☐ No ☐ MaybeWhat challenges does Lake Mall face in retail trade today?(Short answer)How do you see the future of organised retail trade in malls like Lake Mall?(Short answer)",0
3476,QedpcsA-GOU,"What type of trade does Lake Mall mainly represent?Answer: (b) Retail tradeDoes Lake Mall operate within the boundaries of the country?Answer: YesWho are the main customers of Lake Mall?Answer: General public including families, students and working professionals.What types of retail outlets are available in the mall?Answer: Clothing stores, electronics shops, food outlets and entertainment centres.Does Lake Mall sell goods directly to final consumers?Answer: YesWhich feature best describes Lake Mall?Answer: (c) Organised retail tradeWhat facilities are provided to customers in the mall?Answer: Parking facilities, food courts, clean premises, security and seating areas.How does Lake Mall ensure customer satisfaction?Answer: By providing quality services, organised stores and a comfortable shopping environment.Are digital payment methods available in the mall?Answer: YesRate the importance of customer service in retail trade:Answer: Very ImportantDoes the mall organise sales, events or promotional activities?Answer: YesHow does Lake Mall benefit retailers operating inside it?Answer: It provides good infrastructure, high customer footfall and better business opportunities.Does organised retail trade help in increasing employment?Answer: YesWhat challenges does Lake Mall face in retail trade today?Answer: Competition from online shopping platforms and changing consumer preferences.How do you see the future of organised retail trade in malls like Lake Mall?Answer: The future is positive as people still prefer physical shopping along with entertainment and food options.",0
3480,QedpcsA-GOU,How many of you are watching in 2026,0
3482,QedpcsA-GOU,Love you❤❤❤❤,0
3483,QedpcsA-GOU,Legends watching on 2026 2:03,0
3484,QedpcsA-GOU,2026 are here,0
3485,QedpcsA-GOU,Abe oh mere nishchay Bhai ko kuch mat bol Varna Teri tange me tod dongi,0
3486,QedpcsA-GOU,Watching in 2026,0
3488,QedpcsA-GOU,Who is watching in 2026,0
3489,QedpcsA-GOU,2026 anyone!!!,0
3490,QedpcsA-GOU,14:20  hahahahaa,0
3491,QedpcsA-GOU,How many of you are watching in 2026😂,4
3492,QedpcsA-GOU,I see in 2026,0
3493,QedpcsA-GOU,Bhut badhiya gaana hai tiger bhaiya aapka,0
3495,QedpcsA-GOU,8:12 is best part ever 🤣🤣🤣,0
3496,QedpcsA-GOU,Insane 💯👹 heartbeat Kuch Sada🫀🎉 dahi he hair,0
3497,QedpcsA-GOU,Who's waching in 2036😂,0
3498,QedpcsA-GOU,Legend who is watching in 2026❤🎉,0
3499,QedpcsA-GOU,2:23 legends watching in 2026 😂,2
3501,QedpcsA-GOU,Legend  is watching this video in 2026,0
3502,QedpcsA-GOU,How is watching in 2026 😅,0
3503,QedpcsA-GOU,2026 mein kon kon dekh rha h,8
3504,QedpcsA-GOU,Bhai huginder ne toh gaane me ff ka danger zone ka sound dala hai 😂😂😂,2
3507,QedpcsA-GOU,Who is watching it in 2026😅,4
3511,QedpcsA-GOU,I am watching in 2026 😂😂😂,1
3514,QedpcsA-GOU,Who is wathcing 2027,1
3515,QedpcsA-GOU,3:58 dark ho gaya bhai ji 😅,1
3518,QedpcsA-GOU,Jai sare bhagwan ki ❤❤❤❤❤❤❤❤❤❤❤❤❤❤Nice video ❤❤❤❤❤❤❤❤❤❤❤❤❤❤❤❤❤❤I love you too meri maa and papa and bhai and behen and dadi and chacha and chachi ❤❤❤❤❤❤❤❤❤❤❤❤❤❤❤❤❤❤❤❤❤❤,1
3520,QedpcsA-GOU,How many of you watching in 2026😂,8
3521,QedpcsA-GOU,How many watching 2017,1
3525,QedpcsA-GOU,Watech in2027😊,0
3527,QedpcsA-GOU,12:03 toni kakkar 😂😂😂 same lyrics 😂,0
3529,QedpcsA-GOU,2026 bale log like kare .......,0
3530,QedpcsA-GOU,2026 me Kon kon dekha raha hai ya video,1
3531,QedpcsA-GOU,O le le mere babu Ko gussa a Gaya😊😅🎉😂,1
3532,QedpcsA-GOU,"a little romantic rap for vi    ""mari jan ha tu mari arman ha tu, mati arman ha tu ,dasta khusia mila mari jahan ha tu, "" love you vi",1
3533,QedpcsA-GOU,triggerd insaan is best🥰,1
3534,QedpcsA-GOU,Bhai uski setting hogi bhi,0
3535,QedpcsA-GOU,Who is watching in 2027,0
3537,QedpcsA-GOU,Iam your  big from Pakistan 🇵🇰please make a   video  on me,0
3539,QedpcsA-GOU,Those days!🫰👌 Pure nostalgia😅,91
3540,QedpcsA-GOU,Interest content ❤,0
3541,QedpcsA-GOU,53 miilion views huh,0
3544,QedpcsA-GOU,Agamatayonangakardunga,0
3545,QedpcsA-GOU,Bhai mera caption bhi bol raha tha human autorickshaw 😂😂a 😂,2
3546,QedpcsA-GOU,Anyone in 2026👇,2
3547,QedpcsA-GOU,Koi mil gaya😂😂😂😂😂😂😂😂😂,0
3548,QedpcsA-GOU,watch in 2026,3
3549,QedpcsA-GOU,Still it has more lines than tony vai,1
3550,QedpcsA-GOU,Song was epic 😂😅😂😂,1
3551,QedpcsA-GOU,😂😂😂😂😂😂😂😂😂😂😂😂😂😂😂😂hahahahahaha,0
3552,QedpcsA-GOU,How is watching in 2026😂,0
3554,QedpcsA-GOU,Legends are watching on 2026,2
3555,QedpcsA-GOU,Asha ke maar doge kya Harinder bhaiya lagta hai yah,0
3556,QedpcsA-GOU,Jeep aur kya Bata do mujhko bhaiya sala sala hila kya dega Tera bavander to pani tha,0
3557,QedpcsA-GOU,Kon kon 2026 mai dhekh raha hai,0
3558,QedpcsA-GOU,Bhaiya bol to diya,4
3559,QedpcsA-GOU,11:45 best song i ve ever sen,2
3561,QedpcsA-GOU,Any one from 2026??,0
3562,QedpcsA-GOU,Who are watching this in 2026,1
3563,QedpcsA-GOU,Did you really Abused ? 13:10 😂😂😂😂,0
3565,QedpcsA-GOU,Who is watching on 2026🎉🎉🎉🎉🎉 happy new year,1
3566,QedpcsA-GOU,Legends who are watching in 2026 😂😂😂😂😂😂😅😅😅😅😅😅,1
3567,QedpcsA-GOU,Legends who are watching in 2026,0
3568,QedpcsA-GOU,Legends who are watching in 2026,0
3569,QedpcsA-GOU,NISHAY Bhai es salay ko or roast karo es ko pata to cahalay NISHAY Bhai Kon hai,0
3571,QedpcsA-GOU,Who is watching in 2026,0
3572,QedpcsA-GOU,who is watching this video in 2026???,1
3573,QedpcsA-GOU,Who is watching this again in 2026❤😂😂,1
3575,QedpcsA-GOU,How many of you are watching in26😂,0
3576,QedpcsA-GOU,Omg the song you made 🔝👑☠️💀 like in just two min I can't believe better then haginder 😂💀☠️🥲😭,1
3579,QedpcsA-GOU,Anyone in 2027😂😂😂😂,0
3580,QedpcsA-GOU,Legends are watching 2199 😊😊,0
3581,QedpcsA-GOU,4:04 isko jan ne ke liye sikkho app download kare 😂💅🏻👾,0
3582,QedpcsA-GOU,2026 is two year ago,0
3583,QedpcsA-GOU,Who watching in 2028,0
3584,QedpcsA-GOU,Who is watching in 2071,1
3585,QedpcsA-GOU,I All ready  watching this video but now I watch 2026😊😊,0
3586,QedpcsA-GOU,Who is watching in 2062😂,1
3587,QedpcsA-GOU,Subtitles at Joginder's intro: *Human autorickshaw*😂😂😂Even subtitles are roasting him bhai💀,1
3588,QedpcsA-GOU,😂😂😂😂😂😂😂😂😂😂😂😂😂😂😂😊😊😊😊😊 Good,0
3589,QedpcsA-GOU,Jay triggered insaan,0
3591,QedpcsA-GOU,Who is watching in 2027,0
3595,QedpcsA-GOU,Maa choud dya 😂😂,0
3596,QedpcsA-GOU,I am watching 2026 ha😂,0
3597,QedpcsA-GOU,Kon kon 2026 me dekh raha hai?,3
3598,QedpcsA-GOU,I'm watching in 2026,0
3600,QedpcsA-GOU,2026Kaun-kaun dekh Raha,1
3601,QedpcsA-GOU,I'm watching this video in 2026😅😂,1
3603,QedpcsA-GOU,❤who is watching in 2026,389
3604,QedpcsA-GOU,Anybody 2026 😅,1
3605,QedpcsA-GOU,Karwaa sach yahi hai ki Tera buri tarah song se roast kya isliye tune revenge ke liye yeh video banaya😂😂😂😂😂😂Hagar insaan😂😂😂,2
3606,QedpcsA-GOU,Triggeredaan big fan🎉🎉🎉🎉🎉🎉🎉😊🎉😊😊🎉😊🎉😊🎉😊🎉😊🎉😊🎉😊😊😊😊🎉😊🎉😊😊🎉😊🎉😊🎉😊🎉😊😊🎉😊🎉😊🎉😊😊😊😊😊🎉😊😊🎉😊🎉😊😊🎉😊and 😊😊and 😊😊I 😊I 😊😊🎉😊🎉,1
3607,QedpcsA-GOU,How many of you are watching in 2026,2
3609,QedpcsA-GOU,How many of you are watching in 2026,0
3610,QedpcsA-GOU,Bhi aap ka Liya 1of 5 add,0
3612,QedpcsA-GOU,How watch this in 2026,5
3613,QedpcsA-GOU,How many of you are watching in 2026😅😅,1
3614,QedpcsA-GOU,Anyone at 2026,0
3615,QedpcsA-GOU,How many people see this in 2026 😂❤❤,1
3616,QedpcsA-GOU,People watching in 2026😅😅😅😅,0
3617,QedpcsA-GOU,Pro watching in 2024 legend watching 2025 but but god are watching in 2026,0
3618,QedpcsA-GOU,Chhapri Jogin,0
3619,QedpcsA-GOU,Kon kon 2026 main dekhra? 😂,0
3620,QedpcsA-GOU,Who watching in 2027❤😢🎉😂,3
3621,QedpcsA-GOU,Legends  watching in 2026😂😂,0
3622,QedpcsA-GOU,Who watching in 2026😂❤,1
3623,QedpcsA-GOU,Who watching in 2026 😂😂,0
3624,QedpcsA-GOU,Haggu be like: mera name hi mela tha isko is chapri ke laye😒,0
3625,QedpcsA-GOU,Watching in 2026😂,0
3626,QedpcsA-GOU,Kaun-kaun 2026 mein dekh raha hai,1
3627,QedpcsA-GOU,Who's watching this on 2026💔(Btw I have watched this 100+ times 😭😭),66
3629,QedpcsA-GOU,Haginder ek super man hai jiske pass Power bahut hai hagne ki 😂,0
3630,QedpcsA-GOU,Bhai dhoop sek raha he ❤❤❤😂😂😂,0
3631,QedpcsA-GOU,Vo jogind ke pass bhejega vo Gali de raha hai tu Tujhe bhaiya,0
3632,QedpcsA-GOU,2026 me kon dekh rha h baarwi baar,0
3633,QedpcsA-GOU,BHAI mai bhi chalunga aap ke sath apna hilvane ke liye,0
3634,QedpcsA-GOU,Who is watching in 2026😂,0
3636,QedpcsA-GOU,When I add it on cc when he laugh is says monkey laugh😂,0
3637,QedpcsA-GOU,How many of you are watching in2026,0
3638,QedpcsA-GOU,who are watching this video in 2026,0
3639,QedpcsA-GOU,He is watching in 2026😂😂,0
3640,QedpcsA-GOU,How is watching this in 2026,0
3641,QedpcsA-GOU,Who's watchs this video in 2026 😅,0
3642,QedpcsA-GOU,Who are watching this video in 2026,0
3643,QedpcsA-GOU,Kon kon 2026 mai dekh rha hai 😅,0
3644,QedpcsA-GOU,2026 iam watching,0
3645,QedpcsA-GOU,Who is watching in 2026,0
3646,QedpcsA-GOU,How many watching in 2026😂😂,0
3647,QedpcsA-GOU,KON KON 2026 MA DEKH RAHA HA😂😂,2
3648,QedpcsA-GOU,i am in 2027,0
3649,QedpcsA-GOU,Who is watching in 2026,0
3650,QedpcsA-GOU,I am watching in 2026😅,0
3651,QedpcsA-GOU,chukander❌Triggered✅,0
3652,QedpcsA-GOU,And how many of you are watching this 2 to 3 times,0
3653,QedpcsA-GOU,Me watching it again in 2026,0
3654,QedpcsA-GOU,In 31  2025 december,0
3655,QedpcsA-GOU,In 31 dec 2025 literally bhai,6
3656,QedpcsA-GOU,😂😂😂 anyone 31december 2025,0
3657,QedpcsA-GOU,📛 13:48 Ridham 📛 is 📛 my 📛 name 📛,0
3658,QedpcsA-GOU,Hagindar roasting triggered insaan ❎️,0
3659,QedpcsA-GOU,Mai to dargeee😅😂,0
3660,QedpcsA-GOU,Kon 30 december ko dekh Rahe ho 😊,0
3663,QedpcsA-GOU,Triggered insaan mere house 🏘️  ma ao😊,0
3664,QedpcsA-GOU,15 November is my happy birthday 🎂🎂🎂,0
3665,QedpcsA-GOU,Bhai me last line me hagne ka itihas bana diya,0
3666,QedpcsA-GOU,0:20 ke caption on kar ke dekhna 😅😅😅😅,0
3667,QedpcsA-GOU,Bhai 15 November to gujar Gaya,1
3668,QedpcsA-GOU,2 mins 15 sec par jo english main meaning hota h woo ja 😊kar dhikna par ik line ayi,1
3670,QedpcsA-GOU,Bhaiya kapne wala seen kuch funny tha,0
3671,QedpcsA-GOU,Yaar kuchh bhi bolo gajab roast h.....😊😊❤❤,1
3672,QedpcsA-GOU,Who is watching in 2025,0
3673,QedpcsA-GOU,Anyone in 2025?👇,2
3674,QedpcsA-GOU,Who are watching in 2026,0
3675,QedpcsA-GOU,Triggered insaan roasting is best 🎉,0
3676,QedpcsA-GOU,Who watching this video in 2026,0
3677,QedpcsA-GOU,Bavander se dar Nahin Lagta kiya,0
3678,QedpcsA-GOU,12:10 bro did the free fire emote,14
3679,QedpcsA-GOU,10:46 bhai plss full song pls I like this song 😭😂🙏🏽,3
3680,QedpcsA-GOU,@thecomedianparmar,0
3681,QedpcsA-GOU,Jointer chapati *,0
3682,QedpcsA-GOU,Anyone in 2025 ?,0
3683,QedpcsA-GOU,Bow under ka matlab meaning mujhe nahi pata,0
3684,QedpcsA-GOU,Tu bhi to roasters ky naam py kalank h 🤦🏻,0
3685,QedpcsA-GOU,Bhot acha roast kia aapne trirrgu bhaiya ❤❤❤,0
3687,QedpcsA-GOU,Becouse legend watching at 2025😂,0
3689,QedpcsA-GOU,Who are watching at 2026 or 2025,0
3690,QedpcsA-GOU,The nischay rap,0
3691,QedpcsA-GOU,I'm In past,1
3692,QedpcsA-GOU,I am Watching For 2026😅😅😅,1
3693,QedpcsA-GOU,Bhai pls like the ones who want gta 6 so that creators see my comment,0
3694,QedpcsA-GOU,2025 me kon kon dekh raha hai 😂😂😂,0
3695,QedpcsA-GOU,Kon kon 2026 mai dekh raha hai,0
3696,QedpcsA-GOU,53 million  aura plus,0
3697,QedpcsA-GOU,Bache khane wale rakshas....🤣,1
3698,QedpcsA-GOU,The song waa fire🤣🤣🤣🤣,0
3700,QedpcsA-GOU,Vah tha na hathora do hathora do hathora piche Rakhi thi piche ghuma but dekha nahin bavander ki vajah se😅😅😅😅😅😅😂😂😂😂😂😂,0
3701,QedpcsA-GOU,Bavanderrrrrrr❌ dominion Garrrrrrrrrrr✅,0
3702,QedpcsA-GOU,Anyone in 2026,2
3703,QedpcsA-GOU,triggu bhai ma pakistan sa ho lakin wo jo aik bacche na ap ko rost kiya ha na wo   jahil tha,0
3705,QedpcsA-GOU,Someone in 2025😊,1
3706,QedpcsA-GOU,Who is watching in 2028😊😊😊😊😊,0
3707,QedpcsA-GOU,Mammy or caci gai kasam kali,1
3708,QedpcsA-GOU,Who watch in 2o25,0
3709,QedpcsA-GOU,plz roast him again,0
3710,QedpcsA-GOU,Bawandar ❌Splendor ✅😅,0
3711,QedpcsA-GOU,Who is watching this video in 2025 dec 17😅😅,22
3712,QedpcsA-GOU,Haw many of you are watching in 2026 😅😅,0
3713,QedpcsA-GOU,bhai vo video kidhar hai ham hai chapri wala and bhai ki shakal pe roast alag level par hai ha ha ha ha ha ha ha ha ha ha ha ha ha ha ha,0
3714,QedpcsA-GOU,Not.    Me.      2025,0
3715,QedpcsA-GOU,Watching in 2025 😂😂😂😂😂,0
3716,QedpcsA-GOU,Easkeo laat maro 😂😂,1
3717,QedpcsA-GOU,Who is watching this on 2025 Like i miss this type of content,1
3719,QedpcsA-GOU,Bhai family ke sath roast kardiya😂😂,0
3720,QedpcsA-GOU,Triggered  bhai  bhai big  fan,0
3721,QedpcsA-GOU,how many is watching in 2025dec . 13,0
3723,QedpcsA-GOU,ANYONE 2025 DEC 12 👇,0
3724,QedpcsA-GOU,How many of you are watching in 2025😅😅,2
3725,QedpcsA-GOU,Anyone in 2026,1
3726,QedpcsA-GOU,9:54 Iski setting ki kasaam😂😂😂😂😂😂😂😂,2
3727,QedpcsA-GOU,Human auto-rickshaw,1
3728,QedpcsA-GOU,My name is very unique MYRA❤❤❤❤❤,1
3729,QedpcsA-GOU,Me 2025😂😂😂😂,2
3730,QedpcsA-GOU,I watch it when i was 10 years old😢🎉❤,1
3731,QedpcsA-GOU,Best roast of Nischay my all time favorite this video I watched it 1000 times ❤ old nishchay just osm 💀💀💀,0
3732,QedpcsA-GOU,Ieiej niwiw me kn😂😂😂😂😂😂,0
3733,QedpcsA-GOU,May 2025 new AI hai,1
3734,QedpcsA-GOU,Who watching in 2026 😅😅😅,1
3735,QedpcsA-GOU,Who waching in 2025 dec 9,2
3736,QedpcsA-GOU,Who watching in 2020,1
3738,QedpcsA-GOU,Chapri pagal 😂😂😂😂😂,0
3739,QedpcsA-GOU,Bawandar ❌ jangli bandar☑️,0
3740,QedpcsA-GOU,How many watchimg in 25 dec ❤🎉,0
3741,QedpcsA-GOU,Who are watching in 2026,0
3743,QedpcsA-GOU,15 Nov Ko Mera Birthday Hai😅😅,1
3744,QedpcsA-GOU,Kon kon 2025 me dekh raha hai😂😂,0
3745,QedpcsA-GOU,Bro rosted level ☠️,0
3747,QedpcsA-GOU,Bhaiya mai tab 2saal ka tha😅,0
3748,QedpcsA-GOU,Iam watching in this video 2025 December 7,0
3749,QedpcsA-GOU,11:45 song - 😂Dance - 😂Dancer -🔥🔥,3
3751,QedpcsA-GOU,Who is watching in 2025,0
3752,QedpcsA-GOU,Who is here in watching the video 2021/😂,1
3753,QedpcsA-GOU,Jogendra laal gan... Ka bandar,0
3757,QedpcsA-GOU,Bahi Uska dimag gana bana mein me pora use ho gaya,1
3758,QedpcsA-GOU,I am see 2025 dec 6,0
3759,QedpcsA-GOU,Abe ye to top comedy hai😂😂😂,0
3761,QedpcsA-GOU,How many are you watching in 2025😂,1
3762,QedpcsA-GOU,What the f**k bhai ye good hai ❤❤,0
3764,QedpcsA-GOU,who are watching in 2025.,1
3765,QedpcsA-GOU,bhai ne kya roast kiya hai bawandar ko,0
3767,QedpcsA-GOU,This is not man😂😂😂😂 this is nobe😂😂😂😂😂😂😂😂😂😂,0
3768,QedpcsA-GOU,YouTube ka Raavan 🤢🤢😡😡,0
3769,QedpcsA-GOU,If u watching in 2025 like 😅👇,1
3771,QedpcsA-GOU,I'm in 2025?,0
3772,QedpcsA-GOU,Who watching in 2026😅,1
3773,QedpcsA-GOU,Who is watching in 2025👇🏻,1
3774,QedpcsA-GOU,2025 ka end a gaya ab main yah video dekh raha hun😅,0
3775,QedpcsA-GOU,How many are watching in December 2025 ❤🎉🎉,0
3776,QedpcsA-GOU,How many of you are watching in dec25,97
3777,QedpcsA-GOU,Ityn😂😂😂😂😂😂😂😂😂😂😂😂😂😂😂😂😂😂😂😂😂😂😂😂,1
3778,QedpcsA-GOU,Who else in 2025?,0
3780,QedpcsA-GOU,Kon kon 2025 dek raha he bo like karo😂😂😂😂,1
3781,QedpcsA-GOU,How many people are watching in 2025,0
3782,QedpcsA-GOU,Best disstrack  ever bhai,0
3783,QedpcsA-GOU,I make in 2025,0
3784,QedpcsA-GOU,40 squirrel 🐿️ attack jovinder,0
3785,QedpcsA-GOU,Sasta joker,0
3786,QedpcsA-GOU,Is ke kuta vali harkate ha tiger insane ha from aman,0
3787,QedpcsA-GOU,Ye........... Ye tatti kisne kihe😂,0
3788,QedpcsA-GOU,"Half video watched in 2024, half watching in 2025😂😂(( Legend aadmi ))",0
3789,QedpcsA-GOU,Best roaster award goes to trigger insan 😁😁😁,0
3790,QedpcsA-GOU,How many of you are watching in 2025 😅😅,1
3791,QedpcsA-GOU,Kon kon 2026 mein dekh raha hai 😭💀,1
3793,QedpcsA-GOU,"a moment of silence for them who actually searched ""meaning of chapri""",0
3794,QedpcsA-GOU,Last bar dekh raha hu 26may ke din 😢😢😢,2
3796,QedpcsA-GOU,Nale me gira tha phir ye bawandar ban gaya 😂😂😂😂😂,0
3797,QedpcsA-GOU,AYYY CHAPRI  made me laugh to do hard😂,0
3798,QedpcsA-GOU,Bhi kya gaana hai yaar 😂😂😂,2
3802,QedpcsA-GOU,HOW MANY ARE WATCHING IN 2025,0
3803,QedpcsA-GOU,Aapne mere bhai ke bare me rap likha he 😂😂😂😂,0
3804,QedpcsA-GOU,How many people see in 2025,0
3805,QedpcsA-GOU,Who is watching in 2025,0
3806,QedpcsA-GOU,Bhaiya aap is koot do😂,0
3807,QedpcsA-GOU,Gjb yr 😂😂😂😂😂,0
3808,QedpcsA-GOU,Anyone 2025😂,0
3809,QedpcsA-GOU,*Legends watching in 2025 November😂*,1
3812,QedpcsA-GOU,I am watching in 2025 end😅,0
3817,QedpcsA-GOU,Is video me agar 4/5 like marne ka opshin hota to kon kon like marta 😂😂😂😂,0
3818,QedpcsA-GOU,Bhaiya 15 number gya 😂 25 ka bhi,1
3822,QedpcsA-GOU,Anyone watching 2025😂,1
3824,QedpcsA-GOU,12:03 best rapper in the world,0
3826,QedpcsA-GOU,Anyone from 2025,0
3828,QedpcsA-GOU,I am watching in 2025,0
3829,QedpcsA-GOU,15 november legendary day,0
3830,QedpcsA-GOU,Bhai dance is op 😂,0
3832,QedpcsA-GOU,Anyone in 2025,0
3833,QedpcsA-GOU,2025 gang 😭🤌🏻👇🏻,7
3836,QedpcsA-GOU,Anyone in 2025.....,0
3837,QedpcsA-GOU,helllo triggered bhai,0
3838,QedpcsA-GOU,Someone watching in 2025 November 😂,2
3839,QedpcsA-GOU,Nichay truely roast is realNot abuse like others,1
3841,QedpcsA-GOU,👇How many are watching in 2025,0
3845,QedpcsA-GOU,Bro wanted to gain some popularity by  targetting famous youtubers. And I guess he's succesful cze I just searched the song & it has 35 million views! Can you imagine? People are trolling him but he's getting the views and money he wanted.,1
3846,QedpcsA-GOU,Hat  be  kuta,0
3847,QedpcsA-GOU,How many people watching in2025❤❤❤,0
3849,QedpcsA-GOU,Kon kon 2025 me dhekh raha hai 😂😂,2
3850,QedpcsA-GOU,I am see in 2050,1
3852,QedpcsA-GOU,chalo hamen kiya video start kar thi hai ❤😊,0
3853,QedpcsA-GOU,15 November bhuchal aagaya  2025 mayJaddu bhai ko csk ne release kar diya 😢,0
3854,QedpcsA-GOU,15:49 chal jhoothaa,1
3855,QedpcsA-GOU,2025 here 👇🏼,0
3856,QedpcsA-GOU,Jogendra nhi hagendar 😂😂,0
3857,QedpcsA-GOU,Any one watching this video,0
3858,QedpcsA-GOU,Anyone in 2026😅,1
3859,QedpcsA-GOU,Are Triggered bhai love you,0
3861,QedpcsA-GOU,Bhai Tere acche se thoda dhire maloom to chhati Tut jayegi,0
3862,QedpcsA-GOU,Sach me yaar ye hagindar mere samne galti se bhi aa gya na to is ke kanpati pe aisa rapat bajaunga na ki hamesha ke liye hagna bhul jayega,0
3863,QedpcsA-GOU,Bhai me 15 Nov ko dekh raha hu😅😅,0
3864,QedpcsA-GOU,Kit na haga ga😂😂😂😂,0
3865,QedpcsA-GOU,Sooo goood song😂😂😂,0
3866,QedpcsA-GOU,Any legends in 2025🗿🗿🔥🔥,1
3867,QedpcsA-GOU,Ajj 15 November aa  kaha aa bhawnder😂😂😂,0
3868,QedpcsA-GOU,How many are watching in 2025,1
3870,QedpcsA-GOU,love from pakisttan🤩best vedio banatty ho ap bhot achi🤣🤣🤣🤣🤣🤣🤣🤣,0
3871,QedpcsA-GOU,Bhai ek number rost Kiya😂😂,0
3872,QedpcsA-GOU,1:33 15 November 2025 mein dekh raha hooon,0
3873,QedpcsA-GOU,Aj hai 2025 15 November still there is no bavander lol,0
3874,QedpcsA-GOU,Me watching it on 15november but it's 2025 time really passed very fast 😢,1
3875,QedpcsA-GOU,Who is watching 2025 15 november 😅,33
3876,QedpcsA-GOU,Mummy aur teacher ne ek hi suit kaise pahna hai😂😂,1
3877,QedpcsA-GOU,5:11 titi ne toti ni hodi,1
3878,QedpcsA-GOU,Ajj 15 Nov hai 2025 😂,0
3879,QedpcsA-GOU,Aj 15 tarik hain,0
3880,QedpcsA-GOU,15 November 2025 ❤😂,0
3881,QedpcsA-GOU,LEVELL  HOGYA DISTRACK KAA🤣,0
3884,QedpcsA-GOU,Ajj firse delh rha hu 😂 15 nov 2025,0
3885,QedpcsA-GOU,Watching video on 15 nov 2025,0
3886,QedpcsA-GOU,2025 kaun kaun hai,0
3887,QedpcsA-GOU,The jogider is nood and funny,0
3888,QedpcsA-GOU,This video is very very nice,0
3889,QedpcsA-GOU,15nov kal hai,1
3890,QedpcsA-GOU,Those who are in 2025 today is 14th November and Tommorow is 15 november 😅😂😂,1
3892,QedpcsA-GOU,Triggered Bhai Bawandar ko Chhod kuki,1
3893,QedpcsA-GOU,Who were watching in 13 November 2025,2
3894,QedpcsA-GOU,Triggered insaan rap was way better than haginder  11:46,1
3896,QedpcsA-GOU,Jo Jo yai video ko 2025 13 november me dekh raha hai vo like kariye 😂😂,1
3898,QedpcsA-GOU,Yo tera bahi jodendar 😂😂😂,0
3899,QedpcsA-GOU,Do din baki he bhai😂😂😂😂😂,0
3900,QedpcsA-GOU,Joker doesn't it,0
3901,QedpcsA-GOU,bacha khane wala,0
3903,QedpcsA-GOU,Tony kakkar se better he apka ganna 😂,0
3904,QedpcsA-GOU,5:07    what is heak,0
3905,QedpcsA-GOU,5:7 what the hack,0
3906,QedpcsA-GOU,😂😂😂😂😂😂😂😂😂😂😂😂😂😂😂😂😂😂 funniest song,0
3907,QedpcsA-GOU,Can i do comment in 2025?,0
3908,QedpcsA-GOU,Someone watching it in 2025 😅😅😅,1
3909,QedpcsA-GOU,53milliom views,0
3910,QedpcsA-GOU,Who is watching in 2025 😂,0
3911,QedpcsA-GOU,How many people in 2025,0
3912,QedpcsA-GOU,How many of you are watching in 2025,0
3913,QedpcsA-GOU,How many of you are watching in 2025 😅😅,0
3914,QedpcsA-GOU,4 day more for November 15 cant belive but it is 2025,0
3915,QedpcsA-GOU,My birthady  is on  15 november,0
3917,QedpcsA-GOU,How many of watching this agin in 2025,1
3918,QedpcsA-GOU,8:36  BACCHE KHANE WAALA RAKSHASH,0
3919,QedpcsA-GOU,I LOVE YOU ❤️❤️❤️❤️❤️❤️❤️❤️❤️❤️❤️❤️❤️❤️❤️❤️,0
3920,QedpcsA-GOU,Im watching in 2025,1
3921,QedpcsA-GOU,@sgdeepakff 😮😮😮,0
3922,QedpcsA-GOU,Anyone in 2026?,0
3923,QedpcsA-GOU,15 Nov is my  birthday 🎂 😊🎉,2
3924,QedpcsA-GOU,15 november ko mera annual function hai 😂,0
3925,QedpcsA-GOU,Who are watching in 2025,1
3928,QedpcsA-GOU,"Usse acha to aap ko pata hai ki usne konsa beat use kiya hai, 😂😂",0
3930,QedpcsA-GOU,Pagal huginder,0
3931,QedpcsA-GOU,Censored  mens wor thing,0
3932,QedpcsA-GOU,Ye konsa Ney brand  ka jaru hai. Baal❌ jaru✅😂😂,1
3933,QedpcsA-GOU,Bro apko to superstar singer me jaana chahiye tha 😂😂😂,0
3934,QedpcsA-GOU,Who is watching in 2025,1
3935,QedpcsA-GOU,How meny of you are watching on 2025,2
3936,QedpcsA-GOU,Legends watching in 2025 😂😂,6
3937,QedpcsA-GOU,15 November' ana wala dhyen sa 😂,1
3938,QedpcsA-GOU,Kon kon 2026 me dekh raha he,0
3939,QedpcsA-GOU,I'm watching this on 2025,1
3940,QedpcsA-GOU,Who was in 2025,5
3941,QedpcsA-GOU,Im see in 2025 mai,2
3944,QedpcsA-GOU,2025 NOVEMBER 4DAY,1
3945,QedpcsA-GOU,Anyone 2025,2
3946,QedpcsA-GOU,how many u r watching your memories in 2025,1
3947,QedpcsA-GOU,How many of you are watching in 2025 and 15 November is my birthday 😂😂😂,0
3948,QedpcsA-GOU,Who is watching in 2026,1
3949,QedpcsA-GOU,I am on 2034 of life having riseomsa phone 87 new of 2034 :] :> :\ :},0
3950,QedpcsA-GOU,Anyone in 2025😂😂,1
3951,QedpcsA-GOU,Kon kon ye video 📷 2025 ko dekh raha hai ✨💫,0
3952,QedpcsA-GOU,2025 me kon kon dekh rha hai😅,0
3953,QedpcsA-GOU,"Nischay bhai i am your biggest fan❤I had seen all of your videos ❤❤You are the best roaster, story teller, vlogger, challenger 😊❤🎉",0
3954,QedpcsA-GOU,How many are watching in 2025,1
3955,QedpcsA-GOU,How many  of you are watching in 2024😂,0
3956,QedpcsA-GOU,Aaj 2 November 2025 hain,0
3957,QedpcsA-GOU,Aaj 2 November 2025 hain,0
3958,QedpcsA-GOU,Who watching in 2025😂😂,1
3959,QedpcsA-GOU,11:58 Rip haggu 😢,0
3960,QedpcsA-GOU,11:58 Rip haggu 😢,0
3961,QedpcsA-GOU,11:58 Rip haggu 😢,0
3962,QedpcsA-GOU,Who are watching at 2025 😂😂😂😂,0
3964,QedpcsA-GOU,Selmon bhai bigg boss pe contestant ni leta. Endemol & Colors ka h. Tu b chapri h Triggered Insaan😂,0
3965,QedpcsA-GOU,"Bhai apni mummy ko chapri bolne ke liye bhi himmat chahiye hoti hai🔥🔥*(Not disrespecting, just in roleplay) If anyone is angry I am really sorry*",0
3966,QedpcsA-GOU,"MAKE A DISS Track, Triggered!",0
3971,QedpcsA-GOU,Bhai tujha roasting nahi ate Isa bhadeya to caryminate kar da ta hai roasting❤,0
3972,QedpcsA-GOU,bathroom mai itna bawandar legaunga:),0
3975,QedpcsA-GOU,Abhi tak shaadi nahi hui mat karo roast,0
3976,QedpcsA-GOU,Bro it 2100 century,0
3977,QedpcsA-GOU,Your song nice bro triggeredinsaan bro😂😂😂,1
3978,QedpcsA-GOU,How many people who is in 2025😅😅,0
3979,QedpcsA-GOU,Triggered bhai ne to bhawandar la diya bhawandar 🌪,1
3980,QedpcsA-GOU,Who all are watching in 2030...,1
3982,QedpcsA-GOU,Gurrrrrrrrrrrr mast Tha bhai lekin ap ka gurrrrrrrrr 😂,0
3986,QedpcsA-GOU,Bhai to mujhe hilade,0
3987,QedpcsA-GOU,Who watching this video in 2026?,7
3989,QedpcsA-GOU,Mai to 2025 ko dekh raha hu😅,0
3990,QedpcsA-GOU,someone in 2025 30 of oct😂😂,0
3992,QedpcsA-GOU,Best Tufan Laya Hain maja aaya,0
3994,QedpcsA-GOU,U asking 2024 me seeing in 2025😂😂😂,0
3995,QedpcsA-GOU,14 November ko Mera birthday November ko kya karna hai,0
3996,QedpcsA-GOU,Kon kon 2025 mai dek raha hai❤,1
3997,QedpcsA-GOU,Big fan Bhaiya ❤❤❤❤❤❤,0
3998,QedpcsA-GOU,Hay mister bhaiya main aapki Badi fan hun maine aapke aapke video ko like karne ke share kar rakhen aap please comment karo na mere ko mera Mera Naam Mauli hai,0
3999,QedpcsA-GOU,Kon kon 2025 main dkkra hai,1
4000,QedpcsA-GOU,Bhai AP ne 2 minutes me itna funny diss track likha ke Mera has has ke oxygen band ho gaya😂😂😂😂😂😂😂😂😂😂😂😂😂😂😂😂😂😂😂😂😂😂😂😂😂😂😂😂😂😂😂😂😂😂😂😂😂😂😂😂😂😂😂😂😂😂😂😂😂😂😂😂😂😂😂😂,0
4001,QedpcsA-GOU,How many watching in 2025😂😂,0
4004,BKOVzHcjEIo,2:23 rehaman dakait💀🧨💀☠️,0
4005,BKOVzHcjEIo,Don't judge a book by it's cover : the cover 💀💀💀,0
4006,BKOVzHcjEIo,Thank you Aaditya Dhar Sir for Dhurandar 1 & 2 Exposing agenda of YRF Spy universe & 'Main hu na' movies,0
4007,BKOVzHcjEIo,"Animal Music 100% Trailer 100% Movie Story/ Content 5%, Acting 75% Total 280 out of 400Dhurandar Music 100% Trailer 100% Acting 100%  Story/Content 200% 500 out of 400 🎉🎉🎉Deserve 2000 cr",1
4008,BKOVzHcjEIo,even the trailer has more aura and rewatch value equal to the movie 🥵Goated trailer cuts in recent days ❤‍🔥❤‍🔥,0
4009,BKOVzHcjEIo,Movie so goated you are watching trailer for 1000th time,0
4010,BKOVzHcjEIo,Bhai koie dhurandhar movie ka executive producers ka naam dheko 😂,1
4011,BKOVzHcjEIo,"Future se aaya hu, ye movie Number 1 film ban chuki hai 🗿",0
4012,BKOVzHcjEIo,3:44 THE TRAILER PEAKED HERE,1
4013,BKOVzHcjEIo,I've watched this masterpiece trailer 1000 times already ...but still I'm not done 😭❤️🔥,0
4014,BKOVzHcjEIo,YRF ka mustakbil ab Dhurandhar tay kar chuka hai😅😅,0
4015,BKOVzHcjEIo,This is where it all started,1
4016,BKOVzHcjEIo,First time watching trailer 😂 who's with me?,1
4017,BKOVzHcjEIo,Watching the trailer after watching the TWO parts hits different 🔥,0
4018,BKOVzHcjEIo,Addicted from 3:48,0
4019,BKOVzHcjEIo,3:44 real goosebumps,0
4020,BKOVzHcjEIo,Rohit Shetty should hire Ojas Gautam to edit his trailers 🗿🗿,2
4021,BKOVzHcjEIo,0:52 angel of death from dhurandar 23:45 wrath of god from dhurandar 2,1
4022,BKOVzHcjEIo,Am I the only person who liked Dhurandhar 1 more than part 2 😅,4
4023,BKOVzHcjEIo,Ajay Sanyal: Charioteer Of KarmaRehman Dakait: Apex PredatorSP Chaudhary Aslam: The JinnHamza Ali Mazari: Wrath Of GodMajor Iqbaal: Angel Of Death,0
4024,BKOVzHcjEIo,aa gaye dhurandhar 2 dekh ke 😂😂,4
4025,BKOVzHcjEIo,Ye kia potty script Hy 😂,0
4026,BKOVzHcjEIo,Anyone has the audio file for this version of Ishq Jalakar- by Rebele?,0
4027,BKOVzHcjEIo,Best Dialogue In Cinema History 2:11 🔥🔥,3
4028,BKOVzHcjEIo,2:11 best dialogue in Cinema History,1
4029,BKOVzHcjEIo,2:43 which song was this ???,1
4030,BKOVzHcjEIo,Last 1 min of this mf🤌🏻🤌🏻,0
4032,BKOVzHcjEIo,18th Time Watching Trailer with Full Excitement like It's First..❤❤,1
4033,BKOVzHcjEIo,No hate but personally 1 was so much better than 2 for meWhen dhurandhar main Song Starts playing when Rehman asks hamza to stop was the greatest Thing ive seen In cinema 😭😭😭😭,1
4035,BKOVzHcjEIo,"Even after nine months, I can’t stop watching Dhurandhar trailers. This is what a real film feels like—a once‑in‑a‑generation masterpiece. Salute to Aditya Dhar.",5
4036,BKOVzHcjEIo,dhurandhar duology ate entire bollywood and left no crumbs,2
4037,BKOVzHcjEIo,Yaar mai itne baar is trailer ko dekh liya hu fir bhi har baar maja aata hai,1
4038,BKOVzHcjEIo,Even in the trailer Akshaye khanna overshadowed everyone,4
4039,BKOVzHcjEIo,RIP bolywood,1
4040,BKOVzHcjEIo,The best movie of indian cinema,1
4041,BKOVzHcjEIo,3:45 the scream 🗿,3
4042,BKOVzHcjEIo,3:44 Pure Goosebumps,1
4043,BKOVzHcjEIo,Who says perfection doesn't exist.....show em dhurandhar,0
4044,BKOVzHcjEIo,0:53 dhurandhar the revenge scene,0
4045,BKOVzHcjEIo,Is trailer me last wala scene part 2 ka hai 😲,0
4048,BKOVzHcjEIo,97 M total views 1.2 M meri trf sy hy 😂,1
4049,BKOVzHcjEIo,Or kitne bar dekha bhai 😂😂,2
4050,BKOVzHcjEIo,3:48 absolute chill and pure goosebumps....🥶,1
4051,BKOVzHcjEIo,Abe ruk ja bhai kitni baar dekhega trailer 😂😂,1
4052,BKOVzHcjEIo,1:04 bol beta ☠️,1
4053,BKOVzHcjEIo,Dhurandhar 1 was so good that revenge just didn’t match up to it.,2
4054,BKOVzHcjEIo,Akshaye is best thing happened to Dhurandhar ❤,1
4055,BKOVzHcjEIo,Whos after Dhurandhar 2,0
4056,BKOVzHcjEIo,This part  3:20 hits hard!!!,2
4057,BKOVzHcjEIo,IF ADDICTION HAD A FACE📈❤️‍🔥,2
4058,BKOVzHcjEIo,Dhurandhar to YRF :- Mere Ghante ka Spy Universe....😂😂,471
4059,BKOVzHcjEIo,Anyone Today 😅😅😅,9
4060,BKOVzHcjEIo,I just came back to re-watch the trailer after 5 months,7
4061,BKOVzHcjEIo,"If you see in the end when they reaveal name they have used last name of every actor and not the first name, why ?",3
4062,BKOVzHcjEIo,Watching this trailer after Dhurandar 2 watching 3 times 😢😢😢,2
4063,BKOVzHcjEIo,does anyone here know which song/music is used from 2:20 to  2:30 !! please help me find it!!,2
4064,BKOVzHcjEIo,"I am a hater of this film. I hate it's theme, action, Ranveer Singh and everything about it. It feels like it's promoting more violence and gun usage. If this happens there will be terror around the country.",1
4065,BKOVzHcjEIo,Dhurandhar 2🔥🔥🔥🔥🔥🔥🔥🔥🔥🔥🔥🔥🔥🔥🔥🔥,0
4066,BKOVzHcjEIo,You guys are so obsessed with pakistan 😂! ❤,1
4067,BKOVzHcjEIo,Wrath of god,1
4068,BKOVzHcjEIo,Ending ka gaana jub aya wow kya awaz hai,1
4069,BKOVzHcjEIo,3:48 was fire 🔥🔥,0
4076,BKOVzHcjEIo,Each time someone likes my comment I will come back and again watch the epic trailer 💀💀,2
4078,BKOVzHcjEIo,Movie rapKon sa haii yaar,1
4079,BKOVzHcjEIo,Shown Rakesh Bedi sir for just  a split second but reality like he is protagonist in the movie,2
4080,BKOVzHcjEIo,"I saw this trailer for the first time in a cinema hall when promos were played and I thought it was just another animal type of movies with over the top action, with bodies flinging in the air, cars being exploded and some India  Pakistan angle to it. Honestly I did not expect it to be this good! For the first time in my life I found myself waiting for a movie release. Yes I was counting days before D2 release.",2
4082,BKOVzHcjEIo,Movie is so goated that you are still watching the trailer 😭😭😭❤️‍🔥❤️‍🔥❤️‍🔥❤️‍🔥❤️‍🔥,3
4083,BKOVzHcjEIo,I say there should be an award for the trailer too.😮,0
4085,BKOVzHcjEIo,Dhurandhar Trailers have become addiction....Hard to get over them....🔥👌🏻,0
4087,BKOVzHcjEIo,Superd trailer for dhurandhar ❤,0
4089,BKOVzHcjEIo,20th after dhurandhar 2 release 0:23,0
4090,BKOVzHcjEIo,"Kisi ko kanto ne mara haikisi ko foolo ne mara haihum hindu hain sir hume to hamare usoolon ne mara hai 😡😡😡😡 Jay Meena, Rajasthan, Jay Shri Ram 🚩🕉️🙏",1
4091,BKOVzHcjEIo,Movie mein he phary mar sakty Choro 😂,0
4092,BKOVzHcjEIo,3:28 not mentioned as 'Ranveer Singh' only mentioned as 'Singh' (hiding jaskirat singh identity) 😅Peak Detailing by Aditya Dhar 🔥😉,0
4093,BKOVzHcjEIo,Destiny! Why did I watched all those bull shit movies for all these years and cherished them! This is what we call a proper movie!,2
4094,BKOVzHcjEIo,3:48 Sonu just dropping this bomb for good measure.,1
4095,BKOVzHcjEIo,Best Bollywood movie till 2026,1
4096,BKOVzHcjEIo,3:31 dhurandhar 2 scene included,0
4099,BKOVzHcjEIo,Watchin trailer aft warchin both movies twice.... dts d true power of gud cinema,0
4100,BKOVzHcjEIo,Or kitni baar dekhega bro .... Ab to dhurandhar 2 bhi aa gayi he 😂😂😂😂😂😂😂😂,2
4101,BKOVzHcjEIo,"Amazing story line, real life story, action pack movie.",1
4102,BKOVzHcjEIo,2:47 ye ciggarette pine wala scene kab ka hai 🧐,1
4103,BKOVzHcjEIo,This is the beginning of Pan India movies created by dhurandhar,2
4105,BKOVzHcjEIo,last part kyaa rock hai bhai 💥💥,1
4107,BKOVzHcjEIo,"I can proudly say that ""i discovered this goat film by watching trailer 1st time""And became excited for the film because r. Madhvan, akshaye khanna, arjun rampal are my favourite actors✋",5
4108,BKOVzHcjEIo,3:45 ke baad songchar chand laga diya❤❤,0
4109,BKOVzHcjEIo,At 2:48 when Sanjay Dutt looks at you. Goosebumps.,2
4110,BKOVzHcjEIo,Itna lamba movie life mein pehli baar dekha woh vi jabardast,0
4112,BKOVzHcjEIo,3:47 last most iconic ending in trailer❤,0
4113,BKOVzHcjEIo,AND THE REST IS HISTORY👑,1
4114,BKOVzHcjEIo,You created history,0
4115,BKOVzHcjEIo,80 baar trailer dekh chuka✨💯,0
4116,BKOVzHcjEIo,"No bikini, no kissing scenes! One of the GOAT of Bollywood!",0
4118,BKOVzHcjEIo,"This Franchise movie(s) is the reason Bollywood is surviving Watched the teaser, trailer countless times....❤",1
4119,BKOVzHcjEIo,This movie marks the turning point of bollywood industry.❤❤❤,1
4120,BKOVzHcjEIo,Toxic! Mere bacche chal aa tujhe fanta pilata hoon😂,2
4121,BKOVzHcjEIo,Dono movie dekhne ke baad bhi trailer dekhne wale likes kre,0
4122,BKOVzHcjEIo,BEST FUCKING TRAILER I HAVE SEEN ❤😭🔥🔥🔥🔥🔥🔥🔥,0
4123,BKOVzHcjEIo,1:44 I Know That I'm From Pakistan But I'm Not Betraying My Country just The Title Given To Ajay Sanyal/Ajit Doval Kinda Goes Hard,2
4125,BKOVzHcjEIo,M so obsessed by this movie that I can watch it's trailer multiple times.,1
4126,BKOVzHcjEIo,Here after watching both the movies in binge,0
4127,BKOVzHcjEIo,Esme 1 2 scene dhurandhar 2 ke bhi hai😂,1
4128,BKOVzHcjEIo,3:46 kabi jayega dimag se?,3
4129,BKOVzHcjEIo,A movie trailer with 100m views woah big hats of to Aditya Dhar sir,3
4130,BKOVzHcjEIo,Best movie trailer 🎬 in india,1
4131,BKOVzHcjEIo,Best movie trailer 🎬,1
4132,BKOVzHcjEIo,Gotta admit this trailer is created so intelligently! Its a work of art. Wonder who did that. Very good eye!,1
4133,BKOVzHcjEIo,I am from future 😊,1
4134,BKOVzHcjEIo,The tea was fantastic 😂 Bhool tou nai gaye?,0
4135,BKOVzHcjEIo,Major Iqbal - angel of death 💀Rehman dakait- apex predator 👾Ajay Sanyal- charioteer of karma🫡Sp Aslam- The Jinn🗿Hamza- Wrath of GOD 💪✊️🦁Jameel Jamali - Godfather😂Uzair Baloch- The unknown😅,3
4136,BKOVzHcjEIo,Love  U  Dhurandhar ❤✊,0
4137,BKOVzHcjEIo,"Watched part1,  6 times in threaters and part 2, 7 times… greatest duology ever❤❤",4
4139,BKOVzHcjEIo,Anyone who watch the trailer infinite time just to hear last kaarvaan song,2
4141,BKOVzHcjEIo,Anyoune after watching both movies to only hear last ishq jalakar song,1
4142,BKOVzHcjEIo,3:44 it all starts here,2
4143,BKOVzHcjEIo,pakistan  zindabad,0
4144,BKOVzHcjEIo,3:44 Gr8 ending,0
4145,BKOVzHcjEIo,Why toxic is trolled here? 😂,0
4147,BKOVzHcjEIo,3:48 what a background music absolutely outstanding ❤❤❤❤,0
4148,BKOVzHcjEIo,Meanwhile dhurandhar is just next level motivation to get revenge from bullies☠️☠️☠️💀 3:23,0
4149,BKOVzHcjEIo,Faltu movie,0
4150,BKOVzHcjEIo,"Shashwat Bhai, please release the song used in this trailer 🙏🏻🙏🏻🙏🏻🙏🏻",0
4151,BKOVzHcjEIo,THE WARTH OF GOD SCENE - ❤️🔥,0
4152,BKOVzHcjEIo,0:54 ANGEL OF DEATH 💀1:44 CHARIDTEER OF KARMA 🌐2:25 APEX PREDATOR 🗡️2:48 THE JINN 👽3:45 WRATH OF GOD 🩸☠️,9
4153,BKOVzHcjEIo,Still one of the best trailers and we can not get over it. Mind blowing...,0
4154,BKOVzHcjEIo,BEST TRAILER EVER MADE!!!,1
4157,BKOVzHcjEIo,Anyone after watching both parts ❤,2
4158,BKOVzHcjEIo,3:49 the part give us absolute goosebumps ❤❤,1
4159,BKOVzHcjEIo,2:22 song ?,0
4160,BKOVzHcjEIo,15 april 2026,0
4161,BKOVzHcjEIo,Kia kamal damagh hy Pakistanio kaa,0
4162,BKOVzHcjEIo,"In these daunting times , let's make more patriotic movies not a fan of dhurandhar franchise to be honest.😢😒",0
4163,BKOVzHcjEIo,Dhurandhar 2 ka scene kaha se aaya 😂😂,1
4164,BKOVzHcjEIo,India win but the real country which wins for ever is neapl,0
4165,BKOVzHcjEIo,Many details hidden of dhurandhar 2,2
4167,BKOVzHcjEIo,Is movie ke sabhi charectors ke sath sath bollywood ka bhi comeback kara diya Aaditya dhar ne ❤❤😊🚩🕉️🙏,1
4168,BKOVzHcjEIo,Dhurandhar 1>>Dhurandhar 2,3
4169,BKOVzHcjEIo,BJP ka sabse lamba ads.. bas modi ji jab Pakistan me biryani khane gaye the wo nahi dikhaya 😂,1
4170,BKOVzHcjEIo,Isme part 2 ke bhi seans bhi he,1
4171,BKOVzHcjEIo,Dhurandar 1 and 2 dono dekh li phir bhi Trailer dekh raha hu,108
4172,BKOVzHcjEIo,Dhurandhar dekh li 5 baar dhurandhar 2 dekh li 3 baar but ye trailer bhai this is savage,0
4173,BKOVzHcjEIo,The rap is awesome,0
4174,BKOVzHcjEIo,Pakistan 🇵🇰 🤩🤩🥰❣️❣️❣️,0
4175,BKOVzHcjEIo,Movie aisi banao ki dekhne waale ko koi or movie mai interest hi naa aaye Peak detailing by Aditya dhurandhar,1
4176,BKOVzHcjEIo,I was the first who predicted that it will be a 1000 cr club when the trailer just released.,6
4177,BKOVzHcjEIo,"All those who keep coming back for the trailer like myself - "" aagaye gaaxdu?""😂",1
4180,BKOVzHcjEIo,This is where it started 💀,2
4181,BKOVzHcjEIo,3:33 Akshaye khanna 🔥 ❤😊,3
4182,BKOVzHcjEIo,3:45 second trailer and movie peaked here🔥🔥🔥😎😎😎😎🔥🔥🔥🇮🇳🇮🇳🇮🇳🥰🥰😍😍🙏,0
4183,BKOVzHcjEIo,Logo ke movie dekhne ka experience and najriya badal dene wali ekdam awesome movie dhurandhar jay hind🙏😍🤩🥰🇮🇳🇮🇳,0
4184,BKOVzHcjEIo,Here after watching the movie😂😂😂,0
4185,BKOVzHcjEIo,3:47 my whole life changed ❤,1
4186,BKOVzHcjEIo,History will remember both dhurandhar parts 🫡❣️,2
4187,BKOVzHcjEIo,3:30 ye line 🔥,1
4188,BKOVzHcjEIo,Anyone remembers 3.33 akshay khanna pointing fingers scene in movie??,2
4189,BKOVzHcjEIo,2:40 sp asalam 💀,1
4190,BKOVzHcjEIo,This seen 🔥🔥🔥🥷🥷☠️☠️💀💀 3:47,2
4191,BKOVzHcjEIo,Watched both part. It is an extremely violent movie. How does such violence and hatred help to grow a society and even individuals? Could not sleep after watching. Kept waking.,0
4194,BKOVzHcjEIo,I have watched both part of Dhurandhar but seeing trailer now 😅,2
4195,BKOVzHcjEIo,Still here 😂,1
4196,BKOVzHcjEIo,2:20 song name?,0
4197,BKOVzHcjEIo,Its my 10th time of watching its trailor ❤,0
4198,BKOVzHcjEIo,"We want full fletched series on Jameel Jamali , Ajay Sanyal and SP Aslam and Rehman Dakait",0
4199,BKOVzHcjEIo,Greatest spy movie ever ❤❤❤,0
4200,BKOVzHcjEIo,Ranveer Singh fans assemble ❤❤❤,0
4201,BKOVzHcjEIo,Ranveer Singh ❤❤❤❤,0
4202,BKOVzHcjEIo,Legend Aditya Dhar ❤,0
4203,BKOVzHcjEIo,Goat Aditya Dhar respect ❤❤❤❤,0
4204,BKOVzHcjEIo,2:18 ew 🤮🤮🤮🤢🤢🤮🤮🤢🤢🤢,0
4205,BKOVzHcjEIo,Anyone after watching part 1 and 2,0
4206,BKOVzHcjEIo,first watch dhurandhar 2 then watch this trailer,0
4211,BKOVzHcjEIo,3:25 peak movement,0
4212,BKOVzHcjEIo,0:50 peak time,0
4213,BKOVzHcjEIo,Make something that tech our good thing that  make India become powerful,0
4214,BKOVzHcjEIo,Even trailer has repetitive value,0
4215,BKOVzHcjEIo,3:45 Goosebumps.close eyes and feel💀💀🗿,1
4216,BKOVzHcjEIo,The amount of scenes of dhurandhar the revenge in this tralier is insane,0
4217,BKOVzHcjEIo,0:24 DHURANDHAR series bhi hum audience ke ZAHAN MAIN GADH GAYI HAI 🔥💝,1
4219,BKOVzHcjEIo,3:20 the OG dialogue from Part 2❤❤❤,0
4220,BKOVzHcjEIo,Akshay Khana ❤❤❤❤❤❤🎉🎉🎉🎉🎉🎉,1
4221,BKOVzHcjEIo,"My honest take, I first saw the trailer some time ago. Before the movie release, my reaction was another dumb shit. Later with word of mouth when it released, I watched first part and felt, YES, this is NEW INDIA. No more sugar coating. I am back on our movie indian movie gems.",3
4224,BKOVzHcjEIo,Or kitni baar trailer dekhoge yaar 😂😂,2
4225,BKOVzHcjEIo,2:17 par kya song hai,0
4226,BKOVzHcjEIo,Dhurandhar 2🔥🔥🔥🔥🔥🔥🔥🔥🔥🔥🔥🔥🔥🔥🔥🔥🔥,2
4228,BKOVzHcjEIo,From where it all started 🔥🔥🔥,0
4230,BKOVzHcjEIo,The trailers are better than the whole YRF ISI Universe 😂,4
4232,BKOVzHcjEIo,Bhai ranveer tu toh kapoor ka aur khan ka career khagya🫡👑,3
4233,BKOVzHcjEIo,Movie so goated you still watch trailer after watching movie (Both parts) 😂❤❤😂,3
4234,BKOVzHcjEIo,1st part ki baat hi alag thi 🔥,3
4235,BKOVzHcjEIo,0:06 1971 war Liberation war of Bangladesh mentioned 😅😅(I am a Bangladeshi),0
4236,BKOVzHcjEIo,"Everything was going so well...opening..middle.. but at the end, the climax, they again came to the same 80/90s dishoom dishoom drama... common yaar itni achi movie ka itna simple end...",1
4237,BKOVzHcjEIo,"​""Just here to drop some much-needed appreciation for Ranveer! 🌟 He looked phenomenal in the trailer and was even better in the movie. Truly a versatile actor who deserves all the praise for this one. Keep shining! 🔥""",0
4238,BKOVzHcjEIo,Thode se  scene to dhurandhar 2 ke hai 😂😂😂😂,0
4239,BKOVzHcjEIo,Name of the song please 🥺🥺,0
4240,BKOVzHcjEIo,Many shots are from the second part,2
4241,BKOVzHcjEIo,"Has anyone noticed that in the First Look video and in this trailer, there are actually some scenes of ""Dhurandhar The Revenge"" before ""Dhurandhar"" even released.",2
4242,BKOVzHcjEIo,Movie is goated that you see this banger for the infinite time,0
4243,BKOVzHcjEIo,This Is Where The Classic Masterpiece Started,2
4244,BKOVzHcjEIo,Who is after Dhurandhar the revenge 😅,1
4245,BKOVzHcjEIo,First time I had watched this trailer when I watched F1 in theatre. As soon as the line of Zia ul haq quote by Arjun Rampal I understood this film is worth watching 👌👌👌👌👌👌👌👌👌👌,2
4246,BKOVzHcjEIo,One of the best dialogues 🎉❤❤ 1:27,0
4247,BKOVzHcjEIo,This movie is so GOATED that every single character deserves a full movie,3
4248,BKOVzHcjEIo,Blessed to witness such cinematography,11
4249,BKOVzHcjEIo,Little did YRF know.. that it was their death-knell ringing.Wrath of Dhar.,2
4251,BKOVzHcjEIo,Who is here after Dhurandhar 2❤❤,2
4252,BKOVzHcjEIo,48 time watch earphone ke sath ❤❤❤❤,0
4253,BKOVzHcjEIo,2020 Land Rover Defender  isn't matching the timeline 😬,2
4255,BKOVzHcjEIo,Choawal Arijit dowal,0
4256,BKOVzHcjEIo,Hear After dhurandhar the revenge  ki kahin koi scene reh to nahi gaya❤😂,1
4257,BKOVzHcjEIo,It's great they didn't reveal that Ranveer is playing two characters,1
4258,BKOVzHcjEIo,Watching 15th time.😅😅,3
4259,BKOVzHcjEIo,3:48 to 4: 08,0
4260,BKOVzHcjEIo,3.58 to 4.08,1
4261,BKOVzHcjEIo,GOAT Trailer 💀,2
4262,BKOVzHcjEIo,"LCU aur Breaking Bad ke trailers dekhe Dhurandhar style me, lekin jo isme baat hai na bhai... aisa trailer cut kiya tha ki kya hi kahne.",4
4263,BKOVzHcjEIo,3:46 that Jaskirat Singh Rangi roar 🇮🇳🇮🇳🦁🦁,1
4264,BKOVzHcjEIo,100 million pahuchao dono trailer ko d1 & d2,0
4265,BKOVzHcjEIo,The way they demonstrate DHURANDHAR title in the end part 🤌 3:45,3
4266,BKOVzHcjEIo,Thank You Aditya Dhar For Giving Us A Generational Blockbuster 🔥,3
4267,BKOVzHcjEIo,"Absolute must-see. Ignore the noise from agenda-driven critics — many sound less like reviewers and more like insecure gatekeepers from the same Bollywood and political circles that have failed Indians for decades. But times have changed: the new generation is awake, aware, and far harder to deceive. And once truth takes root in people’s minds, no old propaganda can bury it again.",5
4269,BKOVzHcjEIo,Major Iqbal is rocked......😈😈😈😈Aur pura Bollywood is shocked............!!!!!!!🤯🤯🤯Rehman Dakait ki diye hui maut badi kasai ka hoti hai...........!!!!!🥶🥶🥶🥶🥶🥶🥶🥶,1
4270,BKOVzHcjEIo,This is where it all started. The epic brutal saga which flipped the bollywood cliche and pulled out the rug of mushy mushy vibe,4
4271,BKOVzHcjEIo,3M views more for 100M guys! Let's do this,1
4272,BKOVzHcjEIo,Me watch this 100 time,0
4273,BKOVzHcjEIo,3:47 in part 2 scene 🙌💀,1
4274,BKOVzHcjEIo,3:46 Arjun Rampal gayab,1
4275,BKOVzHcjEIo,Dhurandhar x animal who is better 💥💥,0
4276,BKOVzHcjEIo,The iconic shot of Ranveer Singh smoking @3:30 along with Reble’s vocals for the song “Move” is just so GOATED AF 😍♥️Masterclass in editing by Ojas Gautam💥,1
4277,BKOVzHcjEIo,3:48  anyone from April,1
4278,BKOVzHcjEIo,Dhurandhar 1 :- major iqbal Dhurandhar 2:- minor iqbal,0
4279,BKOVzHcjEIo,But aty hi to nhi khwaab m kyunk pakistani jo app kindly Nina uraye Bethany hai😅 1:39,0
4282,BKOVzHcjEIo,If you Love this masterpiece then don't forget these dates6 July 2025: Dhurandhar first look18 November 2025: Dhurandhar Trailer 5 December 2025: Dhurandhar in cinemas3 February 2026: Dhurandhar: The Revenge Teaser7 March 2026 : Dhurandhar: The Revenge Trailer 19 March 2026: Dhurandhar: The Revenge in cinemas,8
4283,BKOVzHcjEIo,Bol betta hits different. 😅,2
4284,BKOVzHcjEIo,Peak trailer,0
4285,BKOVzHcjEIo,3:48 the time🔥🔥,1
4286,BKOVzHcjEIo,What a trailer nice 🤩,0
4287,BKOVzHcjEIo,03:48 Release this version❤️,3
4288,BKOVzHcjEIo,Revolutionary Cinema❤,1
4289,BKOVzHcjEIo,Who would have thought this movie would be such a benchmark that after this Bollywood would be considered pre DhuranDhHAR and post DhuranDHAR ❤❤❤❤,2
4290,BKOVzHcjEIo,watching the trailer for the 16th time 😂❤,0
4291,BKOVzHcjEIo,This is the day when indian film industry brought a revolution 🎥📺🎟️🇮🇳🇮🇳🇮🇳🇮🇳,3
4292,BKOVzHcjEIo,Great movie ❤ acting was superb by ranveer and sanjay dutt,1
4293,BKOVzHcjEIo,Better than hollywood movies ❤❤,0
4294,BKOVzHcjEIo,How a movie can be so perfect..?,1
4295,BKOVzHcjEIo,Movie name= bol beta,3
4296,BKOVzHcjEIo,Trailer 🗿💥Movie 🗿💥Songs 🗿💥Actions 🗿💥Editing 🗿💥Peak detailing 🗿💥Charectors 🗿💥Everything🗿💥,1
4297,BKOVzHcjEIo,3:48 this background song is just ❤💥🔥,2
4298,BKOVzHcjEIo,I am here to watch the trailer after Virat posted about it. ❤,0
4299,BKOVzHcjEIo,Movie rating: 5.5/10 (Hit),0
4300,BKOVzHcjEIo,2:24 background song?,0
4301,BKOVzHcjEIo,Don't judge the movie by it's trailer 🔥,0
4302,BKOVzHcjEIo,"Enemy says bleed India with a thousand cuts.I say ""God Bless India With Thousands Of Blessings""",4
4303,BKOVzHcjEIo,Who is watching this first trailer after the DHUANDHAR 2 !! Indian Cinema wakes up after this.,1
4304,BKOVzHcjEIo,Some scenes from dhurandhar 2 🔥,0
4305,BKOVzHcjEIo,3:45 Wrath Of God 🗿💀,1
4306,BKOVzHcjEIo,I can’t watch any other movie after Dhurandhar saga. Kya Dhar sir! 😏,3
4307,BKOVzHcjEIo,03:45 my mind always thinking about this,1
4308,BKOVzHcjEIo,❤ chaudhary aslam,0
4309,BKOVzHcjEIo,Madhvan great acting intelligence,0
4310,BKOVzHcjEIo,Major ❤iqbal sahab arjun❤ rampal bro,0
4311,BKOVzHcjEIo,03:04 he didn't say khassi 😂,2
4312,BKOVzHcjEIo,Peak fiction,0
4313,BKOVzHcjEIo,Very brilliant trailer cut.... Better than part 2 trailer,2
4314,BKOVzHcjEIo,Character Introduction is Amazing,0
4315,BKOVzHcjEIo,Trailer  editing by ojas Gautam  bro ✨🔥🎬,3
4316,BKOVzHcjEIo,History will remember dhurandhar forever ❤,425
4317,BKOVzHcjEIo,The trailer is not justifying the actual movie.,1
4318,BKOVzHcjEIo,Theatre experience 🗿☠💥📈,4
4319,BKOVzHcjEIo,Anyone after muvie 😂,0
4320,BKOVzHcjEIo,The aura of the spy who didn't tell anything even after that intense torture 💀,4
4321,BKOVzHcjEIo,Naa to karwan ki talash hai still hits different,1
4322,BKOVzHcjEIo,April waale attendance lagao 📌 😁🍟,0
4323,BKOVzHcjEIo,Om shanti om for yrf Spy 😂,3
4324,BKOVzHcjEIo,This is first trailer which has different feeling from other trailers. I watched both parts but even after watching them I got same feel today which I got when I witnessed this trailer first time.,4
4325,BKOVzHcjEIo,watching a trailer again  after watched both movies 2 times,4
4326,BKOVzHcjEIo,Dhurander the revenge dekhne ka baad bhi vapis trailer dekhne aaigya 😁,1
4327,BKOVzHcjEIo,Still not over this movie! ,5
4328,BKOVzHcjEIo,Who watched the trailer mora than 10th times,2
4329,BKOVzHcjEIo,This is where it all started ❤,2
4330,BKOVzHcjEIo,I watch trailer 100th time😮,3
4331,BKOVzHcjEIo,part 1 trailer full of part 2 shots...wow,1
4332,BKOVzHcjEIo,Anyone After Part 2 Movie ☠️,1
4333,BKOVzHcjEIo,Whos watching trailer after watching both movies,1
4334,BKOVzHcjEIo,Now I realize some of the scenes are from part 2,2
4335,BKOVzHcjEIo,Watching nth time goosebumps❤❤,2
4336,BKOVzHcjEIo,2:15 yah Dekho bhai ek number,0
4337,BKOVzHcjEIo,Few Rap from this trailer is missing in the Album 02:21,1
4339,BKOVzHcjEIo,bas kar bhai aur kitni baar dekhega,3
4340,BKOVzHcjEIo,Polarising movies. I think they are funded by the BJP.,0
4341,BKOVzHcjEIo,Who else is here after part 2😂,3
4342,BKOVzHcjEIo,EVERY SONG IS ABSOLUTE PERFECTION.,1
4343,BKOVzHcjEIo,I WATCH DHURANDHAR EVERYDAY. UNFORGETTABLE MOVIE. LOML. THE CASTING IS PERFECT. REFRESHING TO SEE THE TRUTH BEING PORTRAYED ACCURATELY WITH NO SUGARCOATING. 🫶💥💣,3
4344,BKOVzHcjEIo,Bhai trailer he 200 baar dekh chuka hun👏👏👏👏👏👏👏👏👏👏👏👏👏👏,4
4345,BKOVzHcjEIo,how did they approve this trailer. Not even 10 percent justice to what the content is of the movie. Glad word of mouth worked,2
4346,BKOVzHcjEIo,Isme kuch scenes Part 2 k bi hai,1
4347,BKOVzHcjEIo,Too much violence,0
4348,BKOVzHcjEIo,Love from Bangladeshi Hindu❤❤,2
4349,BKOVzHcjEIo,"After 4 times each, Dhurandhar and Dhurandhar The Revenge",0
4350,BKOVzHcjEIo,3:45 OG ranveer sir wrath of God 😮😮,0
4351,BKOVzHcjEIo,Both parts next level🎉🎉🎉,0
4352,BKOVzHcjEIo,The music is blend with scene is so sexy✨🗿,0
4354,BKOVzHcjEIo,Its only been 4 months since its TRAILER OF ORIGINAL MOVIE. DAMN. ❤,1
4355,BKOVzHcjEIo,2:20-2:30 this part of music is not seen in whole movie,0
4356,BKOVzHcjEIo,Don't remember that how many times I watched this trailer 😅,6
4357,BKOVzHcjEIo,Maine dono movie dekhi aankhen fati ki fati reh jaati h  kya movie h sir  wow,1
4358,BKOVzHcjEIo,Let's get this masterpiece of a trailer to 100M views. Let us show one of the best Indian trailers of all time some more support.,1
4360,BKOVzHcjEIo,3:45 This Scene The Wrath Of God ✋🗿🤚☠️☠️🔥🔥🔥⚡,3
4363,BKOVzHcjEIo,Me Is Trailer Ko 50 Se Bhi Jyada Baar Dekh chuka hu 😅,1
4364,BKOVzHcjEIo,Have watched ig 20 times till now.. masterpiece,0
4366,BKOVzHcjEIo,Trailer 🔥🔥🔥,1
4367,BKOVzHcjEIo,Songs so goated that movie gets hit 💀,1
4368,BKOVzHcjEIo,Great job by Aditya Dhar!,1
4369,BKOVzHcjEIo,Movie aisi banao audience trailer bhi 10 10 baar dekhe 💀🥶,3
4370,BKOVzHcjEIo,What Casting Actors ❤️‍🔥🔥🔥,3
4374,BKOVzHcjEIo,arjun rampal torturing guy on table seems to be lifted straight from 1992 english horror movie hellraiser 3 hell on earth,0
4375,BKOVzHcjEIo,After 3:39 its Dhurandhar 2 glimpse,2
4377,BKOVzHcjEIo,3:44 scence of dhurandar 2😂,1
4378,BKOVzHcjEIo,Jamil jamali hi asli dhurandhar hai 😅😅😅,1
4379,BKOVzHcjEIo,Dhurandhar movie jisko bhi proper ganda lagti hai unse yahi kahunga. Darling Darling Dil Kyun Toda....Lagalo Burnol Thodaa 😂🔥,2
4380,BKOVzHcjEIo,This Movie trailer is so Amazing that I am watching 100th 😮time but still not satisfied,0
4382,BKOVzHcjEIo,Trailor going to touch 100 million and 2nd part in the same race or may be touched.,0
4383,BKOVzHcjEIo,3:20 Asli Patakha khatam ke baad ka Dhamaka to Dhurandhar Revenge mei dikhta hai.,1
4384,BKOVzHcjEIo,3:07 this bgm hits different I think there is no reference but it's 🌋🌋🌋📈📈📈🔥🔥🔥,1
4385,BKOVzHcjEIo,I've come here to watch the trailer again after the success of both the parts.. First time when I watched the trailer I had no such expectations because of the current condition of bollywood but now I'm getting absolute goosebumps... EPIC Movie Making at it's peak .. Hates off to everyone connected with the DHURANDHAR ❤,0
4386,BKOVzHcjEIo,3:45 🔥🔥🔥Wrath of God,2
4387,BKOVzHcjEIo,Movie so goated you are watching the trailer on repeat 😝😝,2
4388,BKOVzHcjEIo,Here again 🔥🔥🔥🔥,1
4389,BKOVzHcjEIo,Who was after durahandar 2 grooss 1500 cr,0
4390,BKOVzHcjEIo,Peak detailing by Aditya Dhar🔥,0
4391,BKOVzHcjEIo,Anyone Again after watching Both Parts 💀,1
4392,BKOVzHcjEIo,After Watching Part 1-2  Of Dhurandhar Then You realise 1st Trailer Is Enough For Both movies 😅😅. peak Details By Aaditya Dhar❤❤,2
4393,BKOVzHcjEIo,Bas kar bhai kitni baar trailer dekhega? 😂,3
4394,BKOVzHcjEIo,After 3:47 this part is just..uff what did I say 🤌,2
4395,BKOVzHcjEIo,Some scenes in this trailer are from Dhurandhar 2,1
4396,BKOVzHcjEIo,What's Akshaye Khanna doing at 3:33 ??,1
4397,BKOVzHcjEIo,Puri film dekhne k bad mtlb dono part kyu ki dono part ko milakr hi film complete hoti h to puri film dekhne k bad ab ye trailer kitna khula or open nazar aa rha h or ab trailer or bhi accha lg rha h kaise pure trailer me Ranveer ko chupaye rkha pta hi ni chala ki kya h wo kiske sath h kyunki akhir me usko fat na tha kya film banayi yar har ek har ek character lajwab 🎉❤,2
4398,BKOVzHcjEIo,Moment change after 3:47,2
4399,BKOVzHcjEIo,This is the actual dhurandhar 2 trailer,1
4400,BKOVzHcjEIo,aditya is best director,1
4401,BKOVzHcjEIo,Me connecting all scenes now,0
4402,BKOVzHcjEIo,3:32 this is behind the scene akshay khanna,1
4403,BKOVzHcjEIo,Anyone watching today ?,2
4404,BKOVzHcjEIo,Both these films Dhurandhar 1 and Dhurandhar 2 should be re-released every year.,1
4405,BKOVzHcjEIo,Yrr inki movies bhi humare naam ke begair viral nahi hoti bas karo  bhai,0
4406,BKOVzHcjEIo,"Always remember, this right here started it all.",7
4408,BKOVzHcjEIo,Bas kar bhai...ab toh doosri wali ka trailer b aa gya !!!,16
4409,BKOVzHcjEIo,Bro whosoever is watching the trailer before the movie just go straight and watch dhurandhar . It would be a good decision for sure . Just go ahead,3
4410,BKOVzHcjEIo,3:45 🔥 that song,61
4411,BKOVzHcjEIo,This is a pure masterpiece ❤,3
4414,BKOVzHcjEIo,notice how there are spoilers from part 2 aswellpeak detailingg🙇🙇🙇🙇,4
4415,BKOVzHcjEIo,Hats off to Aditya dhaar for giving this masterpiece to audience 🔥🔥🔥🔥,6
4416,BKOVzHcjEIo,Bol betaaaaa,2
4417,BKOVzHcjEIo,Here after watching dhurandhar 2 🥸🤝,2
4418,BKOVzHcjEIo,3:03  that expression be like: I'm so screwed up now 😨,1
4419,BKOVzHcjEIo,Classical trailer,3
4420,BKOVzHcjEIo,The laughing PM,1
4422,BKOVzHcjEIo,Anyone after dhurandhar revenge 😅,3
4423,BKOVzHcjEIo,Kya trailer tha ye bhai ekdum Hollywood level. I think now above Hollywood level bcaz Hollywood is already making worst movies nowadays,5
4424,BKOVzHcjEIo,What’s the bg music,3
4425,BKOVzHcjEIo,3:46 goosebumps,1
4426,BKOVzHcjEIo,Bas movies mai hi karsaktay asal mai tou Kuch HOTA nae insay,0
4427,BKOVzHcjEIo,Who watched this movie more than once in theatre 🔥👍,2
4428,BKOVzHcjEIo,3:48  best music for intro,1
4429,BKOVzHcjEIo,3:45 se yaar kya mast tune hai karvaan k sang,1
4430,BKOVzHcjEIo,Attendance in 3 April in 2026,0
4431,BKOVzHcjEIo,It's over when I say it's over,0
4432,BKOVzHcjEIo,Dhurandhar 1 or dhurandhar 2 dono ka mix trailer he movie dekhne ke baad pta chala,0
4435,BKOVzHcjEIo,1:44 this seems similar from gangs of wasseypur where in trailer their name just shows up,0
4437,BKOVzHcjEIo,It's been 4 months but this trailer is still stuck in my mind❤,1
4439,BKOVzHcjEIo,Dhurandhar the standard setter trailer🔥🔥☠️☠️,0
4440,BKOVzHcjEIo,"Why haven't they released ""panic"" song?",0
4441,BKOVzHcjEIo,"These films like animal, dhurandhar, often serve as ""rage bait,"" generating high viewership through intense emotion rather than traditional storytelling. Adrenaline fueled action intense visceral experiences. And violent movies get high box office returns 😮 Hyping every incident in life and amplifying in movies , these kind of movies shouldn’t be encouraged for any one to watch rather never made. Think how you will feel after watching it , what will be your thoughts and what will be your actions",1
4442,BKOVzHcjEIo,It is a mixture of Dhurandhar 1 and. 2,1
4444,BKOVzHcjEIo,Movie is so goated ki m trailer br br dikh raha hu yr,1
4445,BKOVzHcjEIo,Toxic: daddy’s homeDhurandar: grandpa is homeKgf: your ancestors home 😈,0
4446,BKOVzHcjEIo,Bollywood Film❌ Roaster of YRF Spy Universe ✅,6
4447,BKOVzHcjEIo,Anyone 2026 April trailer watching 💀🗿,13
4448,BKOVzHcjEIo,Arjun rampal nailed it ❤❤In both part❤❤,3
4449,BKOVzHcjEIo,"Coming here after watching Ranveer's reaction to his own act.  Goosebumps.Its so hard nowadays to have a movie that is exceptionally deeper than a trailer when the trailer itself is just insanely glorified. Love it all. Loved all the comments here too. Mad respect for the whole team of Dhurandhar, specially Adithya and Ranveeer.",5
4450,BKOVzHcjEIo,Trailer is taati movie was so good,1
4451,BKOVzHcjEIo,3:45 this is part 2 climax fight,3
4452,BKOVzHcjEIo,Movie dekhne ke baad bhi traile excitement create karta h❤,2
4453,BKOVzHcjEIo,3:47 was goosebumps aweken,1
4454,BKOVzHcjEIo,3:35 was full of aura,1
4455,BKOVzHcjEIo,"3:33 Where is this scene in the movie, why edit this scene?? Would have been cool to see rehman do this",1
4458,BKOVzHcjEIo,"This movie proved that :PATHAN, WAR were Bakwaas movies😂😂❤❤❤",6
4459,BKOVzHcjEIo,This trailer is a combined trailer of Part 1 and 2,2
4461,BKOVzHcjEIo,Who is here after the revenge part 2 absolute cenima,2
4462,BKOVzHcjEIo,according to self Revenge is flop ending is exaggerated,1
4463,BKOVzHcjEIo,2:36 word from Donga is unexpected,0
4464,BKOVzHcjEIo,Ab tk dekha hua best trailer entire life 🙌 ❤,2
4465,BKOVzHcjEIo,1:37 R.Madhavan dialogue really gives goosebumps,0
4466,BKOVzHcjEIo,Here even after watching both parts full movie..but still can’t get over the first glimpse of this banger movie when the trailer was released on 18th November 2025. I believe this one of the best trailers ever,2
4468,BKOVzHcjEIo,"1:44 'charioteer of Karma' , peak detailing. Indicates Krishna guiding Arjuna🙏🙏🙏.",0
4469,BKOVzHcjEIo,Gobhi khod di singhade bikwa diyeee😍😍😍aesthetic ke 114 bana diye mor😍😍😍🥳,1
4470,BKOVzHcjEIo,Dhurandhar part1💀 dhurandhar part2🤡,0
4471,BKOVzHcjEIo,Who’s here for just reading comments 😅,0
4472,BKOVzHcjEIo,kya movie banayi hai!! mazaa hi aa gaya,1
4473,BKOVzHcjEIo,bhai please koi bata dho ki trailer wala ishq jalakar song jo last m aata h vo kaha milega because jo release hua h or jo trailer m h dono different h yr trailer wala bht jada aacha h,0
4474,BKOVzHcjEIo,I Am after watching both part,1
4475,BKOVzHcjEIo,One of the best trailers of all times😍😍❤️❤️,0
4476,BKOVzHcjEIo,1:02 was this dialogue there in the movie?? 😢,2
4477,BKOVzHcjEIo,Koun Koun DHURANDHAR 2 Dekhne ke Bad Trailer dekhne aaya hai hai isme Part 2 ka Bahut sa Scene dekhne ko mil gaya tha 😂😂,1
4479,BKOVzHcjEIo,Best movies both parts ❤❤❤❤❤❤,1
4480,BKOVzHcjEIo,3:44... Goosebooms this moment... 🔥🔥,1
4481,BKOVzHcjEIo,"Director of URI 💀
                                 CHANGED TO,
  Director of DHURANDAR ☠",17
4482,BKOVzHcjEIo,What an incredible experience this movie has been. Especially to me. Thanks Aditya Dhar and everyone involved.,2
4483,BKOVzHcjEIo,This is where it all started from...,2
4484,BKOVzHcjEIo,"Dhurandhar 2 dekhne baad wapas is trailer ko dekhne me jyada aanand aaya,isko kai scene dhurandhar 2 me h",1
4485,BKOVzHcjEIo,Yrf  spy universe is destroyed now.,3
4486,BKOVzHcjEIo,Akshay Khanna dhurandhar 1 Netflix india Pakistan movie 1:08,1
4487,BKOVzHcjEIo,Dhurandhar 2 dekhne ke baad ye trailer dekha to bohot sare events dhurandhar 2 ke hai.. maza aa gaya!!!,1
4488,BKOVzHcjEIo,Ufunder wer,1
4489,BKOVzHcjEIo,ANYONE AFTER DHURANDHAR THE REVENGE ❤,1
4490,BKOVzHcjEIo,Major Iqbal - Angel of deathHamza Ali Mazari - Wrath of GodAjay Sanyal - Charioteer of KarmaS.P. Aslam - The JinnRehman Dakait - Apex Predator,2
4491,BKOVzHcjEIo,Blockbuster 😊,1
4492,BKOVzHcjEIo,Khatam Tata bye bye - a new template has been set.,0
4493,BKOVzHcjEIo,What If dilip joshi(Jethalal) play a Role of Jameel Jamali,1
4494,BKOVzHcjEIo,Sabka introduction jabardast sabko space diya gya,0
4495,BKOVzHcjEIo,3:19 Powerful 🤩,1
4496,BKOVzHcjEIo,April 1st attendance please! 😅,1
4497,BKOVzHcjEIo,Book se jyada to mene trailer hi dekha hai 😂,1
4498,BKOVzHcjEIo,Kindly release panic bgm and the last kaarvan song ..,2
4499,BKOVzHcjEIo,3:33 i don't remember rehman dakait pointing down,1
4500,BKOVzHcjEIo,Trailer is nothing compared to Movie,0
4501,BKOVzHcjEIo,the trailer had the clips of both the movies and still we weren't able to identity the story of both! peak editing man! peak,3
4502,BKOVzHcjEIo,Who is after Dhurandar 2 trailer?,1
4503,BKOVzHcjEIo,Anyone after watching Dhurandhar 💀💀☠️☠️ and Dhurandhar the revenge 💀💀☠️☠️🙌🏻🫶🏻,5
4504,BKOVzHcjEIo,Whos here after watching dhurandhar 2 😂,3
4505,BKOVzHcjEIo,I need trailer version song in spotify,3
4506,BKOVzHcjEIo,2:55 that dialouge sanju baba ☠️,3
4508,BKOVzHcjEIo,BOTH PARTS SHOOTING WERE COMPLETED SIMULTANEOUSLY. I CAN CLEARLY SEE THE SCENES OF PART 2 HERE. BY THE MAJOR IQBAL ALIAS ILAYAS KASHMIRI DIED UNDER USA DRONE ATTACK,0
4509,BKOVzHcjEIo,Dhurandhar 1 was awesomeDhurandhar 2 was boring because there was more action and intense story.. Nothing to beat the 1st part.. Great👍,2
4510,BKOVzHcjEIo,Bol beta ☠️☠️☠️☠️☠️,2
4511,BKOVzHcjEIo,Dhurandhar 2 🔥🔥🔥🔥🔥🔥🔥🔥🔥🔥🔥🔥🔥🔥🔥🔥,4
4512,BKOVzHcjEIo,Trailer is very good 👍👍,1
4513,BKOVzHcjEIo,Indian women are very worried because the color red has been used a lot in this film. How will they apply vermilion now?😂😂😂😂😂,1
4514,BKOVzHcjEIo,It took more than a month to edit this trailer and it's worth it Thankyou Ojas.,3
4515,BKOVzHcjEIo,Best trailerBest songsBest teaserBest movieBest sequel 🔥🔥🔥🔥🔥🔥👏👏👏👏,2
4516,BKOVzHcjEIo,Best trailer in the history of Indian cinema,1
4517,BKOVzHcjEIo,First movie in Indian cinema where second part's scene has been introduced in first ever trailer. Damn that confidence,1461
4518,BKOVzHcjEIo,"I am struggling from one thought sharing here:I want to go back to this day again when fresh ""Dhurandhar"" trailer was  released, and we had no f*cking idea what's been cooking here and as we all know the rest is history after that.",1
4519,BKOVzHcjEIo,Hamza Ali Mazari × Jaskirat Singh Rangi is the greatest character in indian cinema history.,0
4520,BKOVzHcjEIo,Kuch nhi bolna hai movie ke bare me ❤❤❤❤,0
4522,BKOVzHcjEIo,Audiance got an experience that it'll won't settle for less than Dhurandhar level movie... Aditya Dhar you beauty👏👏... Bollywood  got a new path defining director... Aditya Dhar has raised the bar of film making for every other director in bollywood....,0
4523,BKOVzHcjEIo,trailer is so goated.. the music and the introductions. Some really talented people made this movie.,0
4524,BKOVzHcjEIo,100 millions soon,4
4525,BKOVzHcjEIo,"Finally after watching The Revenge, I can identify which bits are from which movie...",2
4526,BKOVzHcjEIo,Dhurandhar 1>>>> Dhurandhar 2,1
4527,BKOVzHcjEIo,3:49 still feels  goosebumps after blockbuster 🙏🏻💥🔥🔥,7
4529,BKOVzHcjEIo,Why is this movie so addictive,2
4530,BKOVzHcjEIo,Who would have thought that This movie would earn in crores ☠️🔥,1
4531,BKOVzHcjEIo,Dhurandhar 1= Akshay khanna Dhurandhar 2 = Arjun Rampal,1
4532,BKOVzHcjEIo,No one could have predicted what these 2 movies did at the time this trailer launched.,21
4533,BKOVzHcjEIo,3:45 how do people even compare this to toxic 💔,2
4534,BKOVzHcjEIo,Anyone after watching dhurandhar 2 🗿🗿,6
4535,BKOVzHcjEIo,This tralier have more part 2 sceanes then part 1,5
4536,BKOVzHcjEIo,Sir please we need more such films from you . Please make a movie on Kashmir files and Kashmir pandits . We are with you .. people reading this comment please like and comment the same a lot because all Hindus in India should know how Muslims are aiming for their goal to remove Hindus from India 🇮🇳,1
4537,BKOVzHcjEIo,Why tf do i always get goosebumps here😭😭😭😭🔪🔪🗣🗣🗣,0
4538,BKOVzHcjEIo,Watching this after watching the revenge .. crazzyyyy 🎉🎉🎉🎉🎉,1
4539,BKOVzHcjEIo,why is this movie being called a propaganda movie ?,3
4540,BKOVzHcjEIo,Sheat nuggets,0
4541,BKOVzHcjEIo,Jitni baar dekhu mann nhi bharta 😍,1
4542,BKOVzHcjEIo,What a trailer 🤩👏 Last scene in the trailer is from Dhurandhar 2 🙂,0
4543,BKOVzHcjEIo,"even after watching dhurandhar and listening ishq jalaakar , 3:45 this hits different",1
4544,BKOVzHcjEIo,This is where it all started.. new genre for Indian cinema.. no more leftists brainwashing.. feeling proud as an Indian after watching both the parts,1
4545,BKOVzHcjEIo,3:45 I always come back for this part. 🔥💯,2
4546,BKOVzHcjEIo,Kisi ko trailer dekh k laga thaa 4 mahine baad mahol kuch aisa hoga,1
4547,BKOVzHcjEIo,3:07 asli trailer yaha se start h peak peak peak🥵🥵🥵🥵🥵,2
4548,BKOVzHcjEIo,Any 1 after Dhurandhar 2 ? 😁,0
4549,BKOVzHcjEIo,Full goosebumps after 3:12,0
4550,BKOVzHcjEIo,3:18 peak male rush☠️☠️☠️☠️☠️ tabahi with start BGM,0
4551,BKOVzHcjEIo,50% of scenes are from dhurandhar 2,1
4552,BKOVzHcjEIo,I bet even this movie maker's wouldn't have thought that this dhurandhar franchise would go so big not just in India even globally it has maintained a cult status,3
4553,BKOVzHcjEIo,who is after dhurander 2 film mei toh dhekne ke baad aya hu,1
4554,BKOVzHcjEIo,Trailer itna disappointing n directionless tha . . I almost planned to skip FDFSThank goodness i changed my decision,0
4555,BKOVzHcjEIo,Last song super hit,0
4556,BKOVzHcjEIo,Jaiiiii hooooo radheeee ❤❤❤❤,2
4557,BKOVzHcjEIo,Aditya dhar ki sholey 😂😂😂😂😂🎉🎉🎉🎉🎉🎉🎉🎉🎉🎉🎉,0
4558,BKOVzHcjEIo,What a movie.. salute.. without PR..,1
4559,BKOVzHcjEIo,who is here watching it after watching Dhurandhar 2,4
4560,BKOVzHcjEIo,Naya standard set ho gya indian film industry me,162
4561,BKOVzHcjEIo,"3:06, GOOSEBUMPS 📈📈 LADIES AND GENTLEMAN YOU ARE NOT READY FOR THIS 📈📈",1
4562,BKOVzHcjEIo,Me after releasing dhurandhar 2.. 💀,3
4564,BKOVzHcjEIo,2:21 which song rap?,1
4565,BKOVzHcjEIo,Anyone here after dhurandhar 2 👇👇,2
4566,BKOVzHcjEIo,We want a Directors Cuts of Dhrundhar 1 & 2 with all uncensored scence and deleted scenes it will be epic,2
4567,BKOVzHcjEIo,Who here after second trailer🔥🗿,1
4569,BKOVzHcjEIo,When u realise some of the scenes are from Dhurandhar 2 and that the trailer of Part 1 contains Part 2 Scenes..,2
4570,BKOVzHcjEIo,arjun rampal's acting 🔥🔥🔥🔥🔥,1
4571,BKOVzHcjEIo,Kisi ne notice Kiya dhurender 1 ke trailer mein bhi dhurender 2 ke kuch scenes hai,0
4572,BKOVzHcjEIo,Some parts are in part 2.,0
4573,BKOVzHcjEIo,Anyone watching after dhurandhar 2 ☠️,1
4574,BKOVzHcjEIo,Entire YRF 🤡 Dhurandhar 🗿Dhurandhar (Revenge)💀🗿,3
4576,BKOVzHcjEIo,Came back again to watch this after knowing a 22 year old Ojas ( who is brother of Yami Gautam ) made this trailer,1
4577,BKOVzHcjEIo,I wish Sushant Singh Rajput were alive today… I would have preferred to watch Sushant in Dhurandhar. 😮‍💨🥺🥺🥺🥺,4
4578,BKOVzHcjEIo,When you realise... some scenes in this trailer are from the 2nd movie. Peak detailing 😂,3
4580,BKOVzHcjEIo,Who is here after Watching both Dhurandhar and Dhurandhar 2 😂😂,2
4581,BKOVzHcjEIo,Only Rehman Dakait ❤,0
4582,BKOVzHcjEIo,Very bad ..soo much of violence really spoils today's youth...,0
4583,BKOVzHcjEIo,Ye naya hindustan hai Ghar me ghusega bhi Or marega bhi 😎,0
4585,BKOVzHcjEIo,Kya movie hai bhaisahab❤❤❤❤,2
4586,BKOVzHcjEIo,Bhai trailer me bhi addiction hai 😅,3
4587,BKOVzHcjEIo,Anyone watching now❤,5
4588,BKOVzHcjEIo,Who is here after dhurandhar the revenge ✨❤️,1
4589,BKOVzHcjEIo,How they fumbled arjun in 2nd part should be a case study,5
4590,BKOVzHcjEIo,trailer ase banao ki bar bar dakhne ki maan kare,8
4591,BKOVzHcjEIo,"The OG Akshaye Khanna, the official founder of whole Dhurandhar success world ❤❤❤❤❤❤❤❤",1
4592,BKOVzHcjEIo,Thanks to Tattee Jee..I watched this movie. Amazing movie 🎉🎉,2
4593,BKOVzHcjEIo,Major Iqbal in Part 1 :- 💀Major Iqbal in Part 2 :- 😴,2
4594,BKOVzHcjEIo,Amazing movie,0
4595,BKOVzHcjEIo,*movie so goated that you are watching the trailer after finishing the movie*,2
4598,BKOVzHcjEIo,Its EVIL DO NOT SEE IT OR GLORIFIES IT ITS EVIL ......you need to stop it at some point ...JAI SHRI RAM REMEMBER YOUR RAM NOT RAVENS RAM RAM RAM ..,0
4599,BKOVzHcjEIo,Boycott evel Boycott this film .you will be saved by RAM ..don't see this film its  EVEL ..Don't just please don't..save your SOAL ..DONT SEE IT ITS FOR YOUR GOOD,0
4600,BKOVzHcjEIo,Don't glorify EVIL .fear GOD its STUPID MOVIE..DO NOT SEE IT,0
4601,BKOVzHcjEIo,"Sick movie, while watching Hamzas actor reminded me of Bradley Cooper and Rehmans of Adrien Brody 😅Looking forward to part 2",1
4602,BKOVzHcjEIo,Is mein hamza ka naam to btaya hi nahi,0
4603,BKOVzHcjEIo,2:43 that evil lough,1
4604,BKOVzHcjEIo,Anyone after watching Dhurandhar The revenge,2
4605,BKOVzHcjEIo,No doubt iski entry music kamal ki hai. Lekin jab Rehman Dakait ke introduction pe music bajta hai pura goosebump milta hai.,1
4606,BKOVzHcjEIo,Yeh trailer ka song change hai pehle jo hm dekhe the,0
4607,BKOVzHcjEIo,Coming back after watching both movies 🔥,2
4608,BKOVzHcjEIo,Yr gjb me 1 and 2 dekhne ke bar fir se ye dekh rhi hu 😮😮😮😮 ❤❤❤❤,1
4609,BKOVzHcjEIo,Heree after watching part 2 😂,1
4610,BKOVzHcjEIo,Indian cinema we need this type of movies ❤❤,2
4611,BKOVzHcjEIo,"Movie is so goated even after watching Dhurandhar Part 2 revenge movie, coming here for trailer ❤",4
4612,BKOVzHcjEIo,Best Indian movie ever. Sholay is second,3
4613,BKOVzHcjEIo,Anyone here after watching Dhurandhar 2?,2
4614,BKOVzHcjEIo,The last kaarvan song got us 3:59,822
4616,BKOVzHcjEIo,Dhurandhar 2 ka scene bhi trailer me hai😅,3
4617,BKOVzHcjEIo,The trailer is such an experience in itself. Aaj bhi dekhne pe mazaa aa jaata hai!,3
4618,BKOVzHcjEIo,How easily people forget rehman dakait after Dhuradhar  revenge,2
4620,BKOVzHcjEIo,Me watching the trailer after watching both of the movies because I wanna experience the character introductions once again.,6
4621,BKOVzHcjEIo,Trailer 1 >> Trailer 2,6
4622,BKOVzHcjEIo,1:21 This circle of light was also in the frame where Jaskirat loads the AK47...peak detailing,1
4623,BKOVzHcjEIo,Watching this trailer after seeing both parts. Even the trailer is better than all the other Indian Spy movies (except Baby and Romeo Akbar Walter ofc),3
4625,BKOVzHcjEIo,Is tarah ki movie nahi dikhani chahiye aaj kal ke bacche yhi karenge,2
4626,BKOVzHcjEIo,who is here after watching both movies?,1
4628,BKOVzHcjEIo,Anyone after dhurandhar 2 🎉❤❤,1
4629,BKOVzHcjEIo,Wrath of God🗿😈,5
4630,BKOVzHcjEIo,Who is after dhrandhar 2😅,7
4631,BKOVzHcjEIo,Dhruv rathi respect button 💀,2
4632,BKOVzHcjEIo,Now we knows it contains glimpse of 2nd part also,3
4633,BKOVzHcjEIo,Awesome 🍿 i🎉,1
4634,BKOVzHcjEIo,Im from the future. This movie and the sequel is gonna be a blast of the century.,6
4636,BKOVzHcjEIo,After watching dhurandhar 2 😮❤,1
4637,BKOVzHcjEIo,Pyore gusbumo 3:45,1
4638,BKOVzHcjEIo,Fun fact this trailer has scenes from dhurandhar 2 the revenge and from the movie dhurandhar 2 few scenes are missing that was shown in dhurandhar 2 trailer.....maybe a special ott version or 3 .... Is unloading.....peak detailing,11
4639,BKOVzHcjEIo,Dhurandadhar 2 ka scene dhurandadhar 1 ka trailer me hai,2
4640,BKOVzHcjEIo,Peak detailing is a myth.. 1971 me general yahya khan was heading Pakistan and pak army,2
4641,BKOVzHcjEIo,03:33 Why This Scene Was Cut???? 😭😭,1
4642,BKOVzHcjEIo,I ve not watched the dhurandhar movie but I want to watch it full now so how to watch from tablet without paying money,2
4643,BKOVzHcjEIo,I think I must’ve been the only person who did not enjoy it. I’m so sorry I didn’t like any of it at all.,0
4644,BKOVzHcjEIo,Wrath of God,1
4645,BKOVzHcjEIo,Anyone after Dhurandhar 2,1
4646,BKOVzHcjEIo,Kisne soch tha yh movie indian cinema ka spy universe or whol Bollywood hi change kr degi 💣💥🔥,3
4647,BKOVzHcjEIo,3:49 kya badhiya edit kiya hai 🙏🏻,3
4648,BKOVzHcjEIo,Kitna bar dekhega yaar,5
4650,BKOVzHcjEIo,Toxic- daddy home Dhurandhar - ha beta daddy se panga nahi,3
4651,BKOVzHcjEIo,Who would have thought this movie will shake the nation when the trailer came 🫡,2
4652,BKOVzHcjEIo,Dhurandhar 1 trailer❌Dhurandhar 2 teaser ✅,1
4653,BKOVzHcjEIo,3:48  when u realise ishq jalakar is in best form in the trailer,2
4654,BKOVzHcjEIo,So many of the scenes are from the second part. But still it was a mystery till the end of the second part. Cant help but call them GOAT movies.,6
4655,BKOVzHcjEIo,Bol beta🧔‍♀️🧔‍♀️🧔‍♀️,0
4656,BKOVzHcjEIo,2:21 apex Predator,1
4657,BKOVzHcjEIo,2 baar Dhurandhar the revenge Dekhne ke baad 🔥😅,0
4659,BKOVzHcjEIo,Anyone after release dhurandhar 2❤❤,1
4660,BKOVzHcjEIo,Nope humans indian also major Iqbal these things are very dangerous,1
4661,BKOVzHcjEIo,Dhurandhar :- Akshay Khanna 💀☠️🫡Dhurandhar 2 :- Ranvir Singh ☠️🗿🫡,1
4662,BKOVzHcjEIo,whos here after watching dhurandhar 2??,2
4663,BKOVzHcjEIo,"A lot of these scenes are from Part 2.. Eg SP firing at the kids, Hamza hitting with the chains, lighting up the dynamite, etc...Awesomeness...!!",174
4664,BKOVzHcjEIo,For me part 1 🔥 Part 2 👍,0
4666,BKOVzHcjEIo,Yaar india walo kuch apna bana lo kuch apne logo pe bana ke pese banao yeah kya har bar ki tarha Pakistan ka nam le le ke 1000cr bana liya And btw real mein aesa kuch nahi howa tha aur na kabhi real mein aese ap log kuch kar sakte ho so stop this nonsense shit,0
4667,BKOVzHcjEIo,Watching Dhurandhar's trailer again after watching Dhurandhar 2 made me realise so many hints and scenes of dhurandhar 2 here❤️❤️,2
4668,BKOVzHcjEIo,Bol beta 1:04 ☠️☠️☠️,0
4669,BKOVzHcjEIo,The main thing now i see is that this trailer contains scene from dhurandhar 2 revenge epic movie,1
4670,BKOVzHcjEIo,That 3:45 Sec..🔥💯,3
4671,BKOVzHcjEIo,"3:45 Now everone knows, WTF happens after this",70
4672,BKOVzHcjEIo,3:47 dhurandhar 2,2
4673,BKOVzHcjEIo,2:46 Dhurandhar 2 scenes,2
4674,BKOVzHcjEIo,Dhurandhar is the revolutionary movie of my era🙏🙏🙏✌️✌️🔥🔥🔥,19
4675,BKOVzHcjEIo,Aditya Dhar!!!! The Real Dhurandhar has the guts to show what it means to be a true Indian!!! You are Greatest of all Time!!!,3
4676,BKOVzHcjEIo,A true patriot would never be against this movie!,2
4678,BKOVzHcjEIo,Anyone after watching Dhurandhar The Revenge 🎉❤,3
4679,BKOVzHcjEIo,Trailer of the century 🗿,3
4680,BKOVzHcjEIo,03:45 Major no more leg😂,19
4681,BKOVzHcjEIo,Movie is so goated I have been watching it post part 2,3
4682,BKOVzHcjEIo,Who after here seeing dhurandhar 2 trailer 😂,3
4683,BKOVzHcjEIo,Whose here after watching Dhurandhar 2,8
4684,BKOVzHcjEIo,Jai shree 🚩 Ram jai yogi ji Jai Hindu mental,1
4686,BKOVzHcjEIo,Who is watching trailer again after watching dhurandhar 2?,2
4687,BKOVzHcjEIo,Anyone after the movie release 😂,1
4688,BKOVzHcjEIo,Dhurandhar 2 dekha Kaun Kaun aaya Hai😂🎉,3
4690,BKOVzHcjEIo,Watching this trailer after watching both parts.. it has made me excited to watch it again.. tells you how wonderfully edited the trailer was,5
4693,BKOVzHcjEIo,"Technical Analysis: Production Oversight in DurandharamSubject: Continuity and Physical Realism Errors in the Climax SequenceObserver Perspective: Professional Telugu Art DirectorThe Sequence BreakdownIn the climax of the movie Durandharam, the protagonist carries a cache of guns into a structure resembling a mosque. When the antagonists attempt to open the weapon crates, a concealed bomb detonates.The Scale of the ExplosionThe impact of the blast is depicted as massive. The entire building shakes violently, and the explosion—occurring in the underground section—is powerful enough to shatter and collapse an entire concrete slab.The Technical Oversight (The Flaw)Despite the sheer magnitude of the blast that caused structural failure (the collapsing slab), there is a glaring lack of environmental reaction:Window Integrity: Not a single glass pane in the building’s windows shatters or even cracks.Chandeliers & Lighting: The large, ornate chandeliers hanging in the hall, which are made of delicate glass components, remain perfectly intact. They don't break, fall, or lose a single crystal.Professional ConclusionAs a Telugu Art Director, I am pointing this out as a significant lapse in coordination between the Production Designer, Director, and Cinematographer.When a blast is powerful enough to bring down a ceiling slab, the resulting shockwave would realistically pulverize every glass surface in the vicinity. This lack of ""destruction detail"" creates a disconnect in the visual storytelling and undermines the stakes of the scene.",1
4694,BKOVzHcjEIo,Greatest trailer in indian cinema 💥💀,0
4696,BKOVzHcjEIo,Ranveer diwali dhamaka❤️ 💥💥,1
4697,BKOVzHcjEIo,Anyone after watching dhurandhar 2 😫❤️‍🔥💥⚡,1
4698,BKOVzHcjEIo,Watching this again after watching Dhurandhar 2 and it's crazy how no one noticed that this trailer already had glimpses of Part 2 and its major climax scenes too! Peak detailing agaaain!!!,1
4699,BKOVzHcjEIo,Watching this trailer again  after watching dhurandhar 2 twice,0
4700,BKOVzHcjEIo,Kon kon Dhurandhar 2 Dakhne Ke Baad Aaya Hai.,1
4703,BKOVzHcjEIo,Anyone after dhurandar the revenge,3
4704,BKOVzHcjEIo,"After watching dhurandhar the revenge, i can clearly say , toxic has no match to clash with dhurandhar, or it will be so bad for toxic",4
4705,BKOVzHcjEIo,Koi intimate scene nehi hey best decision,1
4706,BKOVzHcjEIo,Kon kon 10 baar se jayda dkh liya iss trailer ko,8
4707,BKOVzHcjEIo,Me after watching the second part in theatre 😂,2
4709,BKOVzHcjEIo,Yesa movie bannake subh intaligency information subh ko bata hogaaa india ka pehala durbhagya ek news channel ek flim industry.... Paise kammanekeliye kuch bhi karsakte hai,0
4710,BKOVzHcjEIo,MADHAVAN RAMPAL KHANNA DUTT  & SINGH 💀💥🤙🏻,2
4711,BKOVzHcjEIo,This is where it all started 🫡☠️,1
4712,BKOVzHcjEIo,"This was edited by Yami’s brother !!! Goddd , he is only 22 what a edit yarrrrrr",1057
4713,BKOVzHcjEIo,Last scene gives me goosebumps,0
4714,BKOVzHcjEIo,Anyone after Modi recieves anonymous bombing email😮😮😮,0
4715,BKOVzHcjEIo,Movie could have used better music than the annoying rap music,0
4716,BKOVzHcjEIo,"""major iqbal saab jispar meherbaan ho jaye uska mustakbil badal jata he"" ye dialogue dono bhi movie me nhi he agar koi me ho to batao",0
4717,BKOVzHcjEIo,Still the best trailer till date,1
4718,BKOVzHcjEIo,Who knows this movie will create history in indian cinema.,0
4719,BKOVzHcjEIo,2:33 to 2:45 the truth how sanjay dutt birth😂,2
4720,BKOVzHcjEIo,GOAT movie bro....🙌🏻🗿🗿✨❤️‍🔥❤️‍🔥,1
4721,BKOVzHcjEIo,I swear this movie has raised my Hindi cinema standards so high I can’t explain 🤌🏻✨,6
4722,BKOVzHcjEIo,Tum Logon Ke Patakhe Khatm Hogaye Ho Toh Mai Dhamaka Shuru Karu. Damn ADITYA DHAR you cooked,6
4724,BKOVzHcjEIo,this film contains scenes from Dhurandar 2,3
4725,BKOVzHcjEIo,After watching Dhurandhar 2 😂,245
4726,BKOVzHcjEIo,Very amazing movie 🍿 Goosebumps every time 🔥🔥🔥🔥🔥🔥🔥🔥🔥🔥🔥🔥🔥🔥🔥🔥🔥🔥🔥🔥🔥🔥🔥🔥🔥🔥🔥🔥🔥🔥🔥🔥🔥🔥🔥🔥🔥🔥🔥🔥🔥,0
4727,BKOVzHcjEIo,"For me , Dhurandhar Part One will be the peak even part two is not even close even though it is a good sequel",2
4729,BKOVzHcjEIo,Wait for tiger vs pathan,0
4730,BKOVzHcjEIo,Who here after dhurandhar 2,0
4731,BKOVzHcjEIo,After 3:25 it is absolute cinema whoever agree comment,2
4732,BKOVzHcjEIo,Trailer in peak⚡️⚡️🔥,1
4733,BKOVzHcjEIo,Dhurandhar 2 was so disappointing.,0
4734,BKOVzHcjEIo,Mommyuyuyuyy,0
4735,BKOVzHcjEIo,last scene is just 🥶,0
4736,BKOVzHcjEIo,Movie babander 😅,0
4737,BKOVzHcjEIo,Indian movies 🎥🎥🎥🎥📽️📽️📽️📽️📽️📽️ dhurandar movie.           UPPULETI.ANJANEYULU,0
4738,BKOVzHcjEIo,UPPULETI.ANJANEYULU,0
4739,BKOVzHcjEIo,Movie 🎥🎥🎥🎥🍿. Dhurandar.    Uppuleti anjaneyulu,1
4740,BKOVzHcjEIo,Ye movie 100%✓ islamik h bekar h 🙄,0
4742,BKOVzHcjEIo,Who after Watching Dhurandhar the revenge 😂😂😂,2
4743,BKOVzHcjEIo,Petition to release PANIC,2
4744,BKOVzHcjEIo,Guys i want to be honest with you when i see dhurandhar trailer i think it was typical movie of bollywood and like yrf movies(spy movies) but when i see dhurandhar i change my mind and thought this is a masterpiece and show reality not some movies where danceing with heroines and showing india and pakistan are one! Now if i say this some *Khan fans not accept this and leftist people also,3
4745,BKOVzHcjEIo,Anyone after dhurandhar 2 watching,2
4746,BKOVzHcjEIo,Kya crazy idea tha part one k trailor mai part 2 k scene 😂😂😂😂jb movie dekhi uske bad dubara trailor dekha,2
4747,BKOVzHcjEIo,Anyone after launch of dhurandar 2,2
4748,BKOVzHcjEIo,3:46 Pinning the masterpiece ❤,2
4750,BKOVzHcjEIo,The last song have aura,0
4751,BKOVzHcjEIo,This movie has ripped Bollywood!!,3
4752,BKOVzHcjEIo,1:28Film...Ajay Sanyal😊Real...The Godfather Ajit Doval❤,2
4754,BKOVzHcjEIo,"wow , this first one created history",0
4755,BKOVzHcjEIo,Who liked part 1 more than revenge?,0
4756,BKOVzHcjEIo,Bestest trailer I've ever seen,1
4757,BKOVzHcjEIo,After Dhurandhar 2 become a massive hit,2
4758,BKOVzHcjEIo,Watched this movie 6 times and still can’t get over with it ❤❤🎉🎉,1
4759,BKOVzHcjEIo,I am here after watching both the films and every cuts…  jaha pe ji use kiya gya hai wo best hai… bhai kya bna diye ho,6
4760,BKOVzHcjEIo,After watching Dhurandar Revenge in Theatre ❤,2
4761,BKOVzHcjEIo,Who is here after Dhurandhar the Revenge,4
4763,BKOVzHcjEIo,Anyone after Dhurandhar:The Revenge? 💀☠️,3
4764,BKOVzHcjEIo,After watching Dhurandhar 2 Dhurandhar 1 🔥 > Dhurandhar 2 Story 💯Acting 💀Songs ❤Comedy 🤪Overall Complete movie it was !,1
4766,BKOVzHcjEIo,Anyone after movie part2,2
4767,BKOVzHcjEIo,Theatre experience of Wrath Of God 🥵🥵🤯🤯,7
4768,BKOVzHcjEIo,Today I watched DHURANDHAR THE REVENGE ❤❤❤ that WRATH OF GOD scene hits different mannn🔥🔥🔥🔥,2
4769,BKOVzHcjEIo,Is trailer ke baad mujhe pakka ho gaya tha ki ye movie banger hone wali hai🔥🔥🔥🙌🫡💯,5
4770,BKOVzHcjEIo,02:55 aree  mere ganteka sp Choudhary 😂,3
4771,BKOVzHcjEIo,Who is Watching after Dhurandhar 2 Success❤😊,3
4772,BKOVzHcjEIo,"I regret very much that I didn't watch part 1, but...Thank you Aditya Dhar for making part 2 ! Iam going to the nearest theatre this week to watch this BANGER ...!",2
4773,BKOVzHcjEIo,Abd ruk bhai kitni baar trailer dekhega😂😂,3
4774,BKOVzHcjEIo,This movie ain't no less than a hollywood movie 👌👌,2
4775,BKOVzHcjEIo,Anyone after dhurandar 2 movie??❤,2
4776,BKOVzHcjEIo,After dhurandar revenge watch,0
4777,BKOVzHcjEIo,Who is here after dhurandhar the revenge release.😅,2
4778,BKOVzHcjEIo,Just watched Dhurandar 2—really inspiring and engaging! Loved Ranveer Singh’s performance and great direction by Aditya Dhar. Definitely worth watching!❤❤❤❤,2
4779,BKOVzHcjEIo,Oscar tees mar khan aathish,0
4782,BKOVzHcjEIo,Anyone after dhurandhar 2🤣?,1
4783,BKOVzHcjEIo,Here after the historic Dhurandar The Revenge,7
4785,BKOVzHcjEIo,"A director so goated that he has redefine the cinema. Dhurandhar is a commercially viable Film, the fact it is so long yet so engaging. Hats off Dhar.",6
4786,BKOVzHcjEIo,It's my infinite time,2
4788,BKOVzHcjEIo,ye indian bas movies mai jeet kar khush ho jaty dum hai to samne ao 😂 pakistan zindabad tha hai or rahega ❤,0
4789,BKOVzHcjEIo,Super movie❤❤❤❤❤,1
4791,BKOVzHcjEIo,Dhurandhar trailer ❌ dhurandhar 2 trailer 😂😂,0
4792,BKOVzHcjEIo,"One thing is for sure Ranveer Singh is a better actor than SRK. SRK may be suited for romance etc, but Ranveer can do it all. Just like in the movie it is time to put ranveer in the throne.",1
4793,BKOVzHcjEIo,Movie me hi kr sakty ho rel me nhi😂😂😂😂😂,0
4794,BKOVzHcjEIo,Matlab kuch bhi,0
4795,BKOVzHcjEIo,Who is here after seen on Instagram that trailor edits made by 22 year old ojas goutam,0
4796,BKOVzHcjEIo,Most of the scene of dhurandhar 2 in the dhurandhar trailer 😁,0
4797,BKOVzHcjEIo,1:06 major iqbal vs hamza,0
4798,BKOVzHcjEIo,Very nice this movie trailer❤❤,0
4799,BKOVzHcjEIo,What an incredible movie!!! The bar has been set high that it would not be even seen by previously made lowly spyverse movies. Absolutely GOATed!,0
4800,BKOVzHcjEIo,Pakistan Zindabad,2
4801,BKOVzHcjEIo,Anybody after watching Dhurandhar 2 💀,24
4802,BKOVzHcjEIo,Film film hai yaar,1
4803,BKOVzHcjEIo,Kon kon dhurandhar the revenge movie dekh ke aaya hai 😂,3
4804,BKOVzHcjEIo,Anyone after Dhurundhar 2 India All records break,4
4807,BKOVzHcjEIo,Anyone after Dhurandhar 2 the revenge movie🔥🔥,4
4808,BKOVzHcjEIo,Bhai Jameel Jamali ko kyu fasa diya ? 💀💀,2
4809,BKOVzHcjEIo,Anyone after dhurandhar the revange 😊,1
4810,BKOVzHcjEIo,First 10 second ☠️☠️,2
4811,BKOVzHcjEIo,Dhurandhar 2 ke asli seen toh is trailer me h 😮,2
4812,BKOVzHcjEIo,Anyone after watching Dhurandhar 2😂😂,3
4813,BKOVzHcjEIo,Major iqbal ki sari massti Dhrundhar 2 main nikal di 😋,2
4814,BKOVzHcjEIo,Major Iqbal the first scene is 😢😢😢😢😢,2
4815,BKOVzHcjEIo,"Thanks to durandar and all such,Now the criminal will get more orgasam,pleasure, satisfaction while killing and tourchering an innocent by applying all  the scenes which is portrayed as thrill, masculinity,sigma and other shits.NOW IT WOULD BE MORE INTRESTING TO READ AND WATCH CRIMES REPOTS ON TV AND NEWS,WELL DONE 💅",0
4816,BKOVzHcjEIo,Re-watching after watching both parts of the movies,0
4817,BKOVzHcjEIo,Any  one after revenge?,3
4818,BKOVzHcjEIo,From trailer to Ghar ki yaad nai aayi tujhe jassiiii,2
4819,BKOVzHcjEIo,ARE GUYS NEWS DEKHO SAB MOVIE ME UNKNOWN MAN KE BARE ME VO BATAYA H NA PAKISTAN NE USSE SERIOUS LEKE PAK ME EK BANDE KO INDIAN AGENT KA TAG DEKE MAR DIA Abe dhurandhar ka to alag level ka aura ban gya bhai ye log ab apne logo ko hi maar rahe h😂😂😂😂😂😂😂😂😂😂,0
4820,BKOVzHcjEIo,Jo bhi bolo part 1> part2,1
4821,BKOVzHcjEIo,"After watching Dhurandhar the revenge, you noticed many scene and dialogues are in the 2nd movie",2
4822,BKOVzHcjEIo,Fabratious actors means fabulous actor in the industry,0
4823,BKOVzHcjEIo,Maximum scenes of dhurandhar the revenge😂😂,0
4824,BKOVzHcjEIo,Say My name ranveer singh(David guetta),0
4825,BKOVzHcjEIo,That fact that this trailer has scenes from part 2 amazes me. Aditya Dhar really created an 8 hour masterpiece.,3
4826,BKOVzHcjEIo,Who is here after watching dhurandar the revenge second part85% this trailor is about second part lol,1
4827,BKOVzHcjEIo,50% cuts are from part 2,2
4828,BKOVzHcjEIo,Anyone after dhurandhar 2❤,2
4829,BKOVzHcjEIo,A new chapter in indian cinema was written from this film keep this as proof,2
4830,BKOVzHcjEIo,half of the trailer has part 2 bits damnnnn,2
4831,BKOVzHcjEIo,Now after watching dhurandhar 2 ...I have realized that there are 4 to 5 scenes in trailer which belongs to part 2..,1
4832,BKOVzHcjEIo,After watching dhurandhar 2 i realised this trailer has majority of scenes of second part only. The whole 8 hours cinematic thrill was prepared even before releasing the first part. Director🫡,4
4834,BKOVzHcjEIo,Ye part to hmne dekha hi nhi,1
4835,BKOVzHcjEIo,Now we know who's the real Dhurandhar.,0
4836,BKOVzHcjEIo,in the trailer all the lead actors last names are mentioned. Interesting :),2
4837,BKOVzHcjEIo,Anyone after the revenge☠,0
4838,BKOVzHcjEIo,goated....no trailer would beat this in the next 10 years in bollywood,2
4839,BKOVzHcjEIo,This is where all it was started.,2
4840,BKOVzHcjEIo,2nd part dekhne ke baad waps ye dekh rha hu :),2
4841,BKOVzHcjEIo,Who is here after watching Dhurandhar 2 in theatre 🗿🔥💯,1
4842,BKOVzHcjEIo,Angel of death Rehman ki to kasi moms hoti thi par iqbal to ro leke jata insaan ki,0
4844,BKOVzHcjEIo,Anyone after watching dhurandhar 2??,2
4845,BKOVzHcjEIo,Here after D2,0
4846,BKOVzHcjEIo,So many scenes of dhurandar 2😮,0
4847,BKOVzHcjEIo,3:48 goosebumps 🔥🔥,3
4848,BKOVzHcjEIo,Dhurandhar 2 dekh kar pta chala uski aadhi jhalak is trailer mein thi G.O.A.T Movie😎,2
4849,BKOVzHcjEIo,when you realise that clips of movie 1 trailer were part of 2nd movie peak detailing by dhar sahab,1
4851,BKOVzHcjEIo,"Jawan , pathan. Dekko...still Doud ibrajim Investing in Bollywood, its khan Bollywood...mahira, Faisal...Pakistani actors ko lena hai ye koi dream me nahi aata...Doud inrahim se aata hai.Full Pakistani links ...when banned by maharashtra then their actors stopped , but funding still going on, Bollywood actors , directiors still Pawns of doud.....now it's changing a bit due to new Directors and south industry...throw put khan Bollywood from Bollywood , bycott movies from Aamir khan, salman khan, shahrukh khan and those who all praise Pakistan...you can easily find out who shows loyalty to Pakistan",1
4852,BKOVzHcjEIo,Dialogue and Scenes of Part 2 are also utilised for trailer of Part 1. 🤘,0
4853,BKOVzHcjEIo,After watching part 2 it seems much of the first look and trailer of part 1 mostly had scenes from part 2...Dhar already had completed much of both parts already 🙏🙏,0
4854,BKOVzHcjEIo,Thanku for 70 subscribe 😅,0
4855,BKOVzHcjEIo,Maturity is when you realised that last action scene of this trailer is almost last action scene of Dhurandhar 2,2
4856,BKOVzHcjEIo,Trailer is edited by a gen z Once again gen z wins,2
4857,BKOVzHcjEIo,Watching part 2 scenes after watching dhurandhar the revenge,0
4858,BKOVzHcjEIo,Best movie in all time india I love this movie ❤❤❤❤,2
4859,BKOVzHcjEIo,Most of Gens Wearing Balochi Clothes But No Any lady in this movie wearing Balochi Clothes. That will be better if you add Balochi Clothes in The movie for Ledies .... Also No Balochi Talk and Balochi Song,1
4860,BKOVzHcjEIo,Ya India Wala sochta ha ka Pakistan ma ghus kar ya Pakistan ka Gangstar ko mar da ga bahi ya Sirf film ma hi acha lagta ha kabhi A hi na Pakistan khushi Laga kar Rafael ghira ga,1
4861,BKOVzHcjEIo,So many scenes from dhurandhar2 movie,1
4862,BKOVzHcjEIo,those 'ai will replace you buy my course' fearbait ads are gone since i found blockify,0
4863,BKOVzHcjEIo,Movie so good that I'm rewatching Part 1's trailer 4 days after watching the premiere show of Part 2,1
4864,BKOVzHcjEIo,I am here after watching 8 hr Dhurandhar,1
4865,BKOVzHcjEIo,Jamil bhai 💜🔥,0
4866,BKOVzHcjEIo,3:48 this music peak of flim,1
4867,BKOVzHcjEIo,Who is here after watching the revenge,0
4868,BKOVzHcjEIo,1:46 ye scene toh dono part me hai hi nahi,0
4869,BKOVzHcjEIo,Propaganda movie BCMC,0
4870,BKOVzHcjEIo,Anyone after watching Dhurandhar revenge,1
4871,BKOVzHcjEIo,"Anyone after dhurandhar 2, now realising from where it all started😢❤",2
4872,BKOVzHcjEIo,This is one of the out of the world trailer...and the background song in the trailer is just wow!! ❤,0
4873,BKOVzHcjEIo,Anyone after Dhurandhar 3😂,2
4874,BKOVzHcjEIo,Ro Superhit Sharma 👑♥️🔥,2
4875,BKOVzHcjEIo,Missing akshay khanna in dhurandhar 2 😢,0
4876,BKOVzHcjEIo,3:48 = goosebumps moment🔥,0
4877,BKOVzHcjEIo,Who's here after watching dhurandhar 2 in hall ?,0
4878,BKOVzHcjEIo,Trailer dekhte dekhte pata nahi konsi duniya mein pahunch gaya bahi,0
4879,BKOVzHcjEIo,Bol.... Betaaaa..💀,2
4880,BKOVzHcjEIo,Both 1 and 2 .super movie,2
4881,BKOVzHcjEIo,WHO IS HERE AFTER DHURANDHAR 2 THE REVENGE 💯💯☠️🥰,11
4882,BKOVzHcjEIo,This is the original trailer of Dhurandhar 2 😂,1
4883,BKOVzHcjEIo,Any one 2026,0
4884,BKOVzHcjEIo,Arjun Rampal voice ❤️‍🩹💥👹😶‍🌫️,0
4885,BKOVzHcjEIo,Here after dhurandhar 2😮😮,3
4886,BKOVzHcjEIo,Wrath of God is Here 🗿🥶,7
4887,BKOVzHcjEIo,2nd dekhne jayege aaj😂😂 kon kon dekhne jara h aaj,3
4888,BKOVzHcjEIo,Am watching this trailer to see clips from D: Revenge 2,5
4889,BKOVzHcjEIo,Bol betaaaa 🔥 🔥 ❤,3
4890,BKOVzHcjEIo,National award loading....❤,3
4891,BKOVzHcjEIo,Anyone after watching dhurandhar the revenge ☠️☠️,7
4892,BKOVzHcjEIo,The difference between dhurandhar 1- testoroneDhurandhar the revenge - testorone + seriousness,4
4893,BKOVzHcjEIo,Something is missing in this scene 3:45 🤫😉,0
4894,BKOVzHcjEIo,Who is here after watching Dhurander 2???,0
4895,BKOVzHcjEIo,❤Anyone after dhurandhar 2 movie ❤,3
4897,BKOVzHcjEIo,This trailer is on my loop with all my fav songs❤,3
4898,BKOVzHcjEIo,3:45 GOOSEBUMPS 💀,4
4899,BKOVzHcjEIo,Part 2 dekhne ke baad bhi 3:48 ye wala part nahi mila,1
4900,BKOVzHcjEIo,Anyone after dhurandhar 2 ☠️🔥🔥,3
4901,BKOVzHcjEIo,"Dhurandhar tries to show how Indian RAW functions, but honestly it just makes them look stupid. RAW sends Hamza undercover to infiltrate Rahman’s small rebel group and kill him. But to get close, Hamza actually saves Rahman from an assassination attempt, only to later spend so much time trying to kill him himself. That is what makes the whole plan look dumb. Rahman could have died in the first place, but RAW instead risks everything for no reason. So instead of looking smart, the mission just feels unintentionally funny.",0
4902,BKOVzHcjEIo,2:47 second part ki clip include ki h isme,2
4903,BKOVzHcjEIo,Anyone after dhurandar 2 the revenge❤,0
4904,BKOVzHcjEIo,Who is from Pakistan 😅,1
4905,BKOVzHcjEIo,The last chain scene was in part 2,1
4906,BKOVzHcjEIo,Anyone after dhurender 2 who miss akshay khanna😅😅,5
4907,BKOVzHcjEIo,Kon kon 25x slow mw dekha kasainuma maut😂😂😂,4
4908,BKOVzHcjEIo,When the second movie is out but you still can't get over the first one ❤️,22
4909,BKOVzHcjEIo,Who is here after theatrical experience❤?,3
4910,BKOVzHcjEIo,Dhurandhar part 3 kab aayegi?,3
4911,BKOVzHcjEIo,1 was much better than second,2
4912,BKOVzHcjEIo,I'm so glad for being able to witness the uncensored version of this masterpiece  in theatre. Uncensored version ka mazza hi alag tha.,2
4913,BKOVzHcjEIo,Who after dhurandhar 2 release?🔥📈,1
4914,BKOVzHcjEIo,Dhurandhar 2 movie songs are ok ok but dhurandhar 1 songs are littraly over the top🔥🔥🔥🔥🔥🔥🔥🔥,1
4915,BKOVzHcjEIo,3:44 to 4:08 this scene is superb🔥🔥🔥🔥,0
4917,BKOVzHcjEIo,Legend after DhurandhaR The Revenge 😂😂😂😂❤❤❤,4
4918,BKOVzHcjEIo,Who is after seeing zamil shab as Indian spy 😂❤❤❤,4
4919,BKOVzHcjEIo,Most of the clips are from dhurandhar 2,40
4920,BKOVzHcjEIo,Who's watching after the second part released?? 😅,5
4921,BKOVzHcjEIo,Dhurandhar 2 dekhne ke baad kon kon aya dhurandhar 1 ka trailer dekhne ?,3
4922,BKOVzHcjEIo,I always get bored to wash Virus movies but after this movie I really are loving the spy movies of Adityanath heads of that man that making this of type of movie like is a more than three hours movie and not a bit single second you are getting bored and I am going to show your watch this movie on 19th of March and I am very glad that to brilliant director I wish that he should make this type of movies more I am only waiting for his movies for his movies and I always get more for watching virus by universe movies are the last years I really hate but after watching this movie I say that Bollywood is there it will be like if you are director is dated definitely the movie going to be,1
4923,BKOVzHcjEIo,Anyone after the movie release ❤,1
4924,BKOVzHcjEIo,Any one dhuranthar 2,0
4925,BKOVzHcjEIo,Is type ki movie Kashmiri Pandit hi banaa sakte hain ❤bharat mata ki jay,0
4926,BKOVzHcjEIo,Ye dekh kr ISI join krny ka mood ban rha 😂😂,1
4927,BKOVzHcjEIo,I will suggest Adiya dhar and his team to make a movie on Pakistan featuring post 2025 events also.😏😏,4
4928,BKOVzHcjEIo,Best Trailer Best Movie,1
4929,BKOVzHcjEIo,Dhurandhar 2 dekhne ke baad kaun aaya hai,0
4930,BKOVzHcjEIo,With the *WRATH OF GOD* Its an end of Part 2 too....Peak detailing by Aditya Dhar 😂❤,2
4931,BKOVzHcjEIo,This movie is so goated you are watching trailer even after watching movie ☠️💀👽,3
4932,BKOVzHcjEIo,"“Dhurandhar 2” trailer is pure dynamite in 100 seconds of madness. Ranveer Singh unleashes a brutal, unhinged avatar, backed by Sanjay Dutt and Arjun Rampal in full power mode. Every cut is sharper, every explosion bigger, every dialogue more lethal than the first film. The background score thunders, the action feels relentless, and the scale screams EVENT cinema. This isn’t just a sequel, it’s war on steroids. If the trailer is this wild, the movie is going to set theatres on fire—missing it in 2026 is not an option for any action lover.",2
4933,BKOVzHcjEIo,3:08 name of the bgm or song??Anyone knows it??,0
4934,BKOVzHcjEIo,Dhurandhar 2 dekh kar aane wale link kare,1
4935,BKOVzHcjEIo,Omg...Anyone noticed... Few scenes from part-2 movie...😮😅,3
4937,BKOVzHcjEIo,Still can't believe this trailer is edited n made by 22 yr old love how he introduced the characters better than most holly n bollywood movies,5
4938,BKOVzHcjEIo,Ye agent kon tha aur iski story kya thi jisko major iqbal ne pkda hai😢😢😢😢,2
4939,BKOVzHcjEIo,Anyone after The Revenge🔥🔥,1
4940,BKOVzHcjEIo,3:45 Finally witnessed “Wrath of god” in Dhurandhar 2 🔥,2
4941,BKOVzHcjEIo,Anyone after dhurandhar 2 release,0
4942,BKOVzHcjEIo,Who is here after dhurandhar the revenge,0
4943,BKOVzHcjEIo,Proof that were are living in a alternate universe.This is not an indian film,1
4944,BKOVzHcjEIo,Anyone after dhurandhar 2 dropped ?,3
4945,BKOVzHcjEIo,Who is here after watching the movie DHURANDHAR THE REVENGE,1
4946,BKOVzHcjEIo,See as i predicted on 3:46 it happened in the same way 😂😂Check my other comment i did three months ago,1
4947,BKOVzHcjEIo,Who's here after watching Dhurandhar : The Revenge (just to find the scenes from part 2 shown in the first trailer),0
4949,BKOVzHcjEIo,At first i feel like i am watching mirzapur,0
4950,BKOVzHcjEIo,Oscar Worthy,2
4952,BKOVzHcjEIo,Anyone after watching 2nd part movie 🔥🔥🔥,2
4953,BKOVzHcjEIo,3:44 The 'WRATH OF GOD' 🔥🔥🔥💯💯💯💯💯,3
4954,BKOVzHcjEIo,When you some important scenes were from dhurandhar 2,1
4955,BKOVzHcjEIo,Anyone After Dhurandhar The  Revenge Release 😂,1
4957,BKOVzHcjEIo,"This trailer is going to the history books, it all started from here omg.",1
4958,BKOVzHcjEIo,"3:19 This dialogue is actually in the *""Dhurandhar 2""* ❤ CLIMAX.... Wahhhhhh!!!!",2
4959,BKOVzHcjEIo,Anyone after Watching the DHURANDHAR THE REVENGE 🔥,1
4960,BKOVzHcjEIo,Anyone after watching both movies,2
4961,BKOVzHcjEIo,Anyone after dhurandhar 2 💀,5
4962,BKOVzHcjEIo,Here after watching part 2,1
4963,BKOVzHcjEIo,Zindagi me kabhi pata hi nhi tha ki hamare desh me solid Film bhi aaygi jo dil chu jaygi ❤❤❤❤ love you Aditya Dhar sir love you Ranveer Singh ❤❤❤❤,4
4964,BKOVzHcjEIo,who watching after dhurandeer movie ☠️🥶,2
4965,BKOVzHcjEIo,Who is here after watching dhurandhar the revenge to notice the sequel scenes in this trailer ?,1
4966,BKOVzHcjEIo,Asli scene to part 1 me hai part 2 ka😂,3
4967,BKOVzHcjEIo,"I don't believe that what I saw☠️☠️ . OMG 😱 What a sequel, It is the peak sequel in the Indian cinema 📽️. Hat's of to All Cast and Crew's. Specially "" AADITYA DHAR""",0
4968,BKOVzHcjEIo,"3:45 Ye scene Part 2 Mein dikhaya hai, Or Yaha Trailer Of Dhurandhar 1 mein, What a Thinking ❤",0
4969,BKOVzHcjEIo,Anyone after Dhurandhar 2 release ❤❤❤❤❤❤,2
4970,BKOVzHcjEIo,Jab mein rat ho TU mujhe Sy Kiya chaye koi Sher cheeta haathi gohra labboh Rat Sy Kiya mile gah,0
4971,BKOVzHcjEIo,"After watching D2. just like my oldies told me about Sholay, i will tell my future gens about Dhurandhar. Goated movie by a goated team . Condolences to Khangress, Jihadis, and Liberandu youtubers and media",2
4972,BKOVzHcjEIo,0:28 cbfc did the same thing with the movie😅😅,0
4973,BKOVzHcjEIo,Am I the only one who saw this trailer again and again 😂,3
4975,BKOVzHcjEIo,Anyone after the dhurandhar 2 theatre experience ❤🎉,0
4976,BKOVzHcjEIo,Anyone after the revenge❤️‍🔥💥,1
4977,BKOVzHcjEIo,Abe tu bahut chota hai ranveer SRK Bollywood film indurstries ka baap hai minded tera boss or tera bollywood ka boss yeh religion agnaist film hai,2
4978,BKOVzHcjEIo,Anyone after the revenge🤩,0
4980,BKOVzHcjEIo,Here again after watching Dhurandhar The Revenge most satisfying complete entertainer movie Aditya Dhar you cooked hard man what an epic showdown and climax ❤😂,4
4981,BKOVzHcjEIo,1:06 we literally saw Hamza fighting Iqbal here !!!,3
4982,BKOVzHcjEIo,MAN I AM HERE AGAIN AFTER WATCHING FIRST SHOW OF DHURANDHAR THE REVENGE,24
4983,BKOVzHcjEIo,who is here after Paid Premiere of Dhurandhar 2🙌,2
4984,BKOVzHcjEIo,Best dialogue ..... BOL BETAAAAAAAAA,0
4985,BKOVzHcjEIo,Aaj 2 part bhi aagya 😊😊,0
4986,BKOVzHcjEIo,Anyone after watching dhurandhar 2 ❤,1
4988,BKOVzHcjEIo,Anyone after watching dhurandhar 2😅😅,1
4989,BKOVzHcjEIo,Anyone after watching dhurandhar 2,0
4990,BKOVzHcjEIo,Any one on The day movie released 😅,2
4991,BKOVzHcjEIo,Anyone after dhurandhar 2 movie,1
4992,BKOVzHcjEIo,Any one after watching part 2 movie 🔥📈,4
4993,BKOVzHcjEIo,Who is here after watching dhurandhar 2 😅,2
4994,BKOVzHcjEIo,Anyone after watching Dhurandhar 2 on first day 🛐💀,1
4996,BKOVzHcjEIo,Any one after REVENGE 💀,1
4997,BKOVzHcjEIo,Where can i find this background song?,0
4998,BKOVzHcjEIo,Can see so many clips from Dhurandhar the revenge.. watched part 2 today ..,0
4999,BKOVzHcjEIo,The rap music in this trailer is really off putting.,0
5000,BKOVzHcjEIo,Just finished watching dhurandhar the revenge.... halfway through i started missing dhurandhar like an ex😭,4
5001,BKOVzHcjEIo,Part 2 deak ke aaya hu Ye deak ne ke liye ki part 2 main kitna cut laga haiPart 2  maza aa gaya Memory lose ho jaye taki phir 1 baar deak paau ❤❤😊,0
5002,BKOVzHcjEIo,Aadu3 thookkum🫵😌,0
5003,BKOVzHcjEIo,I'm sure ... After movie wale bhi pakka honge jo trailer dekh rhe h .. 😌,0
5006,NHk7scrb_9I,"Yesterday I saw this movie, salute to those people who are ready to die for the country, and people like us live peacefully at home with the family.One more thing, there is no propaganda or etc, jo b is film k baare mei failaya gaya hai sab jhoot hai.",0
5007,NHk7scrb_9I,Most electrifying trailor & even more electrifying movies,0
5008,NHk7scrb_9I,Dhurandhar franchise to yrf : mere ghante ka spy universe.... 😂😂😂,2
5009,NHk7scrb_9I,YRF Ka Mustakbil....ab B62 Tay Karega,1
5010,NHk7scrb_9I,Thank you Aaditya Dhar Sir 🎉🎉🎉🎉🎉  for Grant Milestone Set by you,0
5011,NHk7scrb_9I,"Animal Music 100% Trailer 100% Movie Story/ Content 5%, Acting 75% Total 280 out of 400Dhurandar Music 100% Trailer 100% Acting 100%  Story/Content 200% 500 out of 400 🎉🎉🎉Deserve 2000 cr",1
5012,NHk7scrb_9I,Abhay tattti,0
5013,NHk7scrb_9I,Jo bt bhot achi movie B'nai h dhurandr movie se zada achi acting Ranveer Singh ki h Maza aagya,0
5014,NHk7scrb_9I,1:49 real thing starts from here🫶🏻,0
5016,NHk7scrb_9I,"So, Honsla - Eendhan - Badla it is ⚔️",1
5017,NHk7scrb_9I,😂😂😂😂😂😂😂😂😂😂😂😂😂😂😂 bakvash,0
5018,NHk7scrb_9I,This trailer is pure goosebumps 🎉🎉,1
5019,NHk7scrb_9I,i’ll tell my grandkids the craze of dhurandhar 😢,3
5020,NHk7scrb_9I,Indians and their obsession with Pakistan😂,2
5021,NHk7scrb_9I,Goosebumps starts 2:54 fireeeee,1
5022,NHk7scrb_9I,Movie dekhne ke baad.... Trailer kaun dekh raha hai meri tarah😅??,2
5023,NHk7scrb_9I,"News reporter in bg be like: Dhurandhar ke release ke baad, Bollywood ki sadkon par khaufo kharast ka mahaul. Kayi makamaan par Pure Spy Thriller aur YRF se acchi Spy Universe ke naare saaf sunayi diye jaa rahe hai. Sabse bada sawaal! Dhurandhar part 1 ke baad kaun banega Bollywood ka Baadshah?",5
5024,NHk7scrb_9I,DHURANDHAR IS GREAT.BAAHUBALI IS GOAT,1
5025,NHk7scrb_9I,Aditya bhai jab bhi iss movie ko ott par lana toh uncencered version hi dalna ....❤❤❤ Please,2
5028,NHk7scrb_9I,"The line hosslaa,eendhan,badlaa gives a huge number of motivation 😂❤",0
5029,NHk7scrb_9I,Aditya Dhar.....Dhurandhar.....Dono k Naam me DHAR hai.....💀 YRF chir faad diya tez Dhar se 😂😂😂,1
5030,NHk7scrb_9I,2:46 min My Favourite Scene,0
5032,NHk7scrb_9I,Hamza Ali Mazari ka Ghar yeeh wala jaga bohot hee overacted  ho gya tha,0
5033,NHk7scrb_9I,Rafale thus only good in movies 😂,1
5034,NHk7scrb_9I,What a trailer man 🔥🔥We are still not ready for this 🙌🥶,1
5035,NHk7scrb_9I,"1:10 , 2:33 SP Aslam 😂😂",1
5036,NHk7scrb_9I,Ye movie 18+ kyu hai apne bacho ko bhi dikhao unhe bhi pata hona chaiye jab baat desh parivar par aaye har bhai har purush kahtarnaak hau,1
5037,NHk7scrb_9I,Don't come in theaters with your children👶👧👦 because this film🎬 is rated as by CBFC A adult 18+ thank you🙏,1
5038,NHk7scrb_9I,Bhai ye is movie me wo ranveer nahi hai koi bahurupiya hai puri personality change ho gyi yaar iski to ❤❤❤❤,0
5039,NHk7scrb_9I,One movie entire india shaking that's power of Director vision and story telling capability without fear ❤,0
5040,NHk7scrb_9I,Daily motivation🔥🔥🔥🔥,0
5041,NHk7scrb_9I,Movie dekhne k baad trailer dkh r h😂😂😂,1
5042,NHk7scrb_9I,Love this trailer more than the movie,0
5043,NHk7scrb_9I,So now Bollywood's survival depends on Pakistan 😅😅,1
5044,NHk7scrb_9I,THE GREATEST INDIAN FILM TO EVER EXIST,4
5045,NHk7scrb_9I,NOW-Ranveer to shahrukh-Mere ghante ka baadshah😂😂😂,1
5046,NHk7scrb_9I,Ranbir singh ko ek achhi movie mil ni chahiye warna ranbir singh sab franchise ko katam kardega ex like - yrf😂😂,1
5047,NHk7scrb_9I,Ranbir singh in circus 🎪- 🙄😒🤮🤢🤕😷😮‍💨 but ranbir singh in dhurandhar 🤫🤫🤫😎😎🔥,1
5048,NHk7scrb_9I,2:50 BRUHHHHHHHH🔥🔥🔥🔥,0
5049,NHk7scrb_9I,29-04-2026....bar bar kyu❤️❤️,0
5050,NHk7scrb_9I,I noticed the credit scene is same an the trailer 1 credit scene,0
5051,NHk7scrb_9I,is there a site to download cut versions where all the dancing are removed?,0
5052,NHk7scrb_9I,Yesterday I watched Again at PVR INOX at ₹93,1
5053,NHk7scrb_9I,And only bcs of ppl like dhruv rathee this movie is not getting that reputation,0
5054,NHk7scrb_9I,Mai phir aagya trailer dekhne 😂,3
5056,NHk7scrb_9I,2:03 Honsla Eedhan Badla 💥,0
5057,NHk7scrb_9I,0:01 This dialogue enough to warm your Blood 😡😡😡,0
5058,NHk7scrb_9I,Bollywood😂😂😂,0
5059,NHk7scrb_9I,Itni Badi trailer to movie kitni Badi Ho Gi😂😂😂😂😂😂😂😂😂😂😂😂 4 ghante ki tum movie hai😂😂😂😂😂😂😂😂😂😂😂,1
5060,NHk7scrb_9I,This movie is making India 1 NO. Movie,1
5061,NHk7scrb_9I,Movie was good but the concept is too poor 😂😂 itna asaan hai Pakistan intelligence me ghusna aur ek Banda jisko itna maara jaa rha wo Marta he nahe baqi dosrey ek muqey se mar rhey peak of stupidity shown in this movie 😂😂😂😂😂😂😂,1
5062,NHk7scrb_9I,Ranveer Singh ne acting nahi ki… jeeya hai role ko 🛐,3
5063,NHk7scrb_9I,Background score alone deserves a theatre ticket,2
5064,NHk7scrb_9I,Bharat mata ki jai 🔥❤️🤩,1
5065,NHk7scrb_9I,Incredible movie made ever in Bollywood. Great director,0
5066,NHk7scrb_9I,still a banger even after movie its fun to watch,2
5067,NHk7scrb_9I,4th time watch Dhurandhar 💪🏻❤️🇮🇳,1
5068,NHk7scrb_9I,Movie Expectation - 💀💀💀Reality - 💀💀💀💀💀💀💀💀💀💀💀💀💀,4
5070,NHk7scrb_9I,Today India is a very hot picture this is a very cool picture😅😅😅😅😮😮😮😮😮😮,1
5071,NHk7scrb_9I,What have they made man i am watching this for 10 th time  i have already watched the film and let me tell you that i dont watch films much but this one is different.,0
5072,NHk7scrb_9I,1:50 to 3:26 pure goosebumps,1
5073,NHk7scrb_9I,bhai goated movie of all time. best bollywood movie till date 😚 aditya dhar is a genius 🫡🫡 hatss of to him 🫡🫡,1
5074,NHk7scrb_9I,Kon kon din me 100 bar dekhta hai,1
5075,NHk7scrb_9I,Easily the greatest trailer ever made for an  Hindi film❤️‍🔥💥,2
5076,NHk7scrb_9I,"Movie so goated that you can't stop watching trailer, even after the movie is ended screening on theaters.",1
5077,NHk7scrb_9I,It's 1 month but still vibing ❤,2
5078,NHk7scrb_9I,Ranveer ne faad diya,1
5079,NHk7scrb_9I,"Thankyou love you to my favourite directior Aditya Dhar SirThankyouu love you to my favourite Actor Ranveer SinghThankyouu love you to my favourite music director Shashwat Sachdeva Thankyouu love you to my favourite film making team Team DhurandharThankyouu love you to my own country intellectual audience lovely audiance, fans of Dhurandhar for making this India's best,biggest film from empty theatres to housefull 🙏🏼Bharat Mata ki Jai 🙌🏼🙏🏼",3
5080,NHk7scrb_9I,0:59 jaskirat singh rangi means jay shree ram peak detailing by aditya dhar 🔥💯,3
5081,NHk7scrb_9I,28 april 2026 attendance here✌🏻,2
5082,NHk7scrb_9I,List of t*rrorists killed by unknown men after movie release :• Bilal Arif Salafi• Amir Hamza • Yousuf Afridi Waiting for update...,7
5084,NHk7scrb_9I,Goosebumps still.. after watching movie multiple times..,1
5085,NHk7scrb_9I,Please upload the king of lyri BGM🙏,1
5086,NHk7scrb_9I,3:18 Who is here after watching the movie? Remember that 'eeeuuu! '🥶🥶,0
5087,NHk7scrb_9I,Me addicted ho gaya hu is trailer ka kaise niklu issee❤,2
5088,NHk7scrb_9I,"Even after months, I can’t stop watching Dhurandhar trailers. This is what a real film feels like—a once‑in‑a‑generation masterpiece. Salute to Aditya Dhar.",6
5089,NHk7scrb_9I,Yousaf afridi has been neutralised ✌️🇮🇳🇮🇳,6
5090,NHk7scrb_9I,Aari aari aari🎉🎉🎉,2
5091,NHk7scrb_9I,"The trailer is so goated that after watching it for 1000 times, it still feels like I'm watching it for the first time",1
5092,NHk7scrb_9I,"The movie is the real tribute to our grt unknown men who r tirelessly sacrificing everything to safeguard our Bharat,Thank u Aditya Dhar for letting us know the real heros of the country",3
5094,NHk7scrb_9I,Bhai mana dhurandhar the revenge abhi dhaki hai  trehater ma sada pah baja gaya tha Bhai kya movie thi ❤,1
5095,NHk7scrb_9I,I am still watching this trailer❤❤❤❤ movie make 1800 worldwide and many more to go,2
5096,NHk7scrb_9I,1:49 I'm addicted 😂😂😂😅😅😅,1
5097,NHk7scrb_9I,dhurandhar watching  9999 times also means not getting bore🎉❤,6
5098,NHk7scrb_9I,I have watched the trailer of Baahubali 2 more than 50 times.After Baahubali 2 Now I have watched the trailer of Dhurandhar 2 more than 70 times.I just love it ....!,1
5099,NHk7scrb_9I,What about wheat packet scenes?,0
5100,NHk7scrb_9I,2:02 housla eendhan badla,2
5101,NHk7scrb_9I,Ye trailer to lagta h avengers doomsday aane tak 100 baar or dekh lunga😅,1
5102,NHk7scrb_9I,Goat director Aditya Dhar,2
5103,NHk7scrb_9I,1:10 Me whenever someone is sad 😂😂😂,1
5104,NHk7scrb_9I,Watching this trailer everyday 😁 still feeling the thrill,1
5105,NHk7scrb_9I,I'm happy that the movie is hit. 🎉,2
5106,NHk7scrb_9I,Dhurandhar to YRF:- mere ghante ka spy universe 😂😂👇👇,6
5107,NHk7scrb_9I,"Watching this trailer again and again, Aditya Dada , one day we will make a Movie together. You woke up all the asleep Nationalists around the world. Together we Will Awaken each and every Hindu Sanatani in the World.",0
5108,NHk7scrb_9I,Rajat Patidar ❤❤,0
5109,NHk7scrb_9I,Meee using aura from this trailer in neet 😭,4
5110,NHk7scrb_9I,Who is here after OYE OYE song❤❤❤,1
5111,NHk7scrb_9I,I am going to watch it in cinemas today agaiiinnn❤❤🤩🤩🔥🔥,2
5112,NHk7scrb_9I,DHU - Dhruv rathee RAN - Ranveer SinghDHAR - Aditya dhar,3
5113,NHk7scrb_9I,Hausala Eendhan Badla,1
5114,NHk7scrb_9I,😱02:02 Goosebumps🔥💯How Many time You Watch You Feel Energetic 🇮🇳😍,2
5115,NHk7scrb_9I,Movie se acha trailer jayda acha laga 😅,0
5116,NHk7scrb_9I,"""Jaskirat apni Maa se kyun nhi mila ? "" Anyone answer please...",2
5117,NHk7scrb_9I,When trailer is better than the whole bolywood,1
5118,NHk7scrb_9I,will part3 come,1
5119,NHk7scrb_9I,If you didn't get goosebumps and didn't cry while watching it you are not a true patriot of India. It was always hard for me to watch long movies but in durandhar even blinking eyes was difficult ❤ the time flew while watching this masterpiece ❤,4
5120,NHk7scrb_9I,Thank you  Aditya dhar for masterpiece 🗿🗿🗿🗿🗿,5
5123,NHk7scrb_9I,"Wat movie ,wat acting ,change the bollywood",3
5124,NHk7scrb_9I,This trailer gives me an adrenaline rush,3
5125,NHk7scrb_9I,2:02 hosla eendhan badla.  🥶🥶🥶🥶,2
5126,NHk7scrb_9I,"Aditya dhar ka 6 saal gayab hona worth it tha,☠️☠️☠️💀💀",9
5127,NHk7scrb_9I,Forget the movie Ranveer Singh deserves an Oscar only for this scene 1:56 🔥🔥🔥🔥🔥,13
5128,NHk7scrb_9I,Bhai main ye movie dekh liya hoon,4
5129,NHk7scrb_9I,"Trailer, thousand times, I see this was the goosebumps",18
5130,NHk7scrb_9I,2:00 pure goosebumps just listen to background music 🔥,5
5131,NHk7scrb_9I,Dhurandhar has literally finished yrf universe and khans legacy 😂😂😂,11
5132,NHk7scrb_9I,Anyone 26.04.2026,8
5133,NHk7scrb_9I,Trailer all time favourite.,5
5134,NHk7scrb_9I,2:02 honsla eendan badla🔥🔥🔥,7
5135,NHk7scrb_9I,Peak detailing by SHASHWAT SACHDEV,30
5136,NHk7scrb_9I,1:49 trailer peaked ❤❤❤❤❤,3
5137,NHk7scrb_9I,The part where Uzair comes was epic 💣🔥,6
5138,NHk7scrb_9I,No jameel jamali in trailer 🤔,0
5139,NHk7scrb_9I,Loot laya re tu to loot laya bollywood ko 😊😊😊,2
5140,NHk7scrb_9I,1:49 goosebumps,2
5141,NHk7scrb_9I,Me after vibing all dhurandhar songs finally ending seeing the the tralier,2
5142,NHk7scrb_9I,Watched Dhurandhar The Revenge today 25th April on my bday,2
5143,NHk7scrb_9I,"M still watching both the trailers. Wt trailers, amazing music and so on...",7
5145,NHk7scrb_9I,I like Aditya Darr he is my favorite new Hindi director!,2
5146,NHk7scrb_9I,Anyone from other country ❤,3
5147,NHk7scrb_9I,Jitni baat Dekhtahun maan nai bharta ❤,1
5148,NHk7scrb_9I,Dhurandhar 2🔥🔥🔥🔥🔥🔥🔥🔥🔥🔥🔥🔥🔥🔥🔥,2
5149,NHk7scrb_9I,"Let’s call it out: these films simplify, distort, and politicize.In Uri: The Surgical Strike, the National Security Advisor is shown like a field commander. That’s factually wrong. The Army answers through its own hierarchy led by the Chief of the Army Staff.Then you have a Major casually bypassing the entire chain of command—something that would never fly in a professional military.And now, with Dhurandhar 2, the pattern seems worse: real-world events appear to be rewritten into hero-centric encounters, even when widely reported accounts suggest otherwise (like drone-based eliminations).Add to that the heavy political tone, and it stops feeling like cinema—it starts looking like messaging.",1
5152,NHk7scrb_9I,This trailer very GOOSEBUMPS...........🗿🗿🗿,1
5153,NHk7scrb_9I,Absolute cinema  ✋ 😮 ✋,0
5155,NHk7scrb_9I,YRF Ka mustakabil Dhurandhar ne tey kar diya..😂😂,547
5156,NHk7scrb_9I,"Indeed, we were not ready for this.",2
5157,NHk7scrb_9I,Still watching,3
5158,NHk7scrb_9I,Bhai jitni bar dekhu man nhi bhar rha hai,5
5159,NHk7scrb_9I,Bhai movie to a nahin Rahi kam se kam trailer Hi dekh le usse man Bhar jaega,1
5161,NHk7scrb_9I,Anyone Today😅😅😅😅,1
5163,NHk7scrb_9I,Dhurandar.    2,0
5164,NHk7scrb_9I,Movie theatre mai 2 bar dhekhne k baad bhi trailer dhekhne se mann nahi bhar raha ...😢,1
5165,NHk7scrb_9I,What a trailer mann,0
5166,NHk7scrb_9I,Coming back to re-watch this trailer after 1.5 months,2
5167,NHk7scrb_9I,2:04 feeling is completely out of this world <3,0
5168,NHk7scrb_9I,Dhurandhar 💀Dhurandhar the revenge ☠️☠️💀💥🔥,1
5170,NHk7scrb_9I,Actor Director Musician 💀,0
5171,NHk7scrb_9I,NO ONE KNEW JAMEEL JAMALI IS HERE WHO WILL PLAY THE LONG GAME,1
5172,NHk7scrb_9I,Please release Dhurandhar 1 & 2 movie background score. 🙏🏻,1
5173,NHk7scrb_9I,"This film finished the whole bollywood circus 😂😂😂, can't watch any other movie since I watched dhurandhar 2 ab har movie cartoon film lag rahi hai specifically all types of patriotic, spy because dhurandhar movie give us a reason not just watch a patriotic movie but be a more deshbhakta den ever. ❤❤❤❤ ye aisi film jise dekhane k baad aisa lag raha ki ye film chalati hi jaye kabhi khatam hi na ho 5 bari dekh li parso phir plan hai jane ka ☺️☺️☺️☺️😇😇  thank aditya Dhar sir for this incredible movie  .",1
5174,NHk7scrb_9I,YE NAYA INDIA GHAR ME GHUSEGA BHI AUR MAAREGA BHI❤❤,0
5175,NHk7scrb_9I,Just awesome trailer oh bhai,0
5176,NHk7scrb_9I,Border 3 me india england py qabza kar ly ga or dhurandhar 3 me me america py qabza kar ly ga 😂😂😂,0
5177,NHk7scrb_9I,Lo g ye waqt bhi dekhna tha jo country khud 3 baar jung haar chukka Pakistan sy wo country Pakistan ka mustaqbil teh kary ga 😂😂😂😂,0
5178,NHk7scrb_9I,4 baar dekhne k baad bhi trailer itna faadu haiii🧨,0
5179,NHk7scrb_9I,"I am a hater of this film. I hate it's theme, action, Ranveer Singh and everything about it. It feels like it's promoting more violence and gun usage. If this happens there will be terror around the country.",1
5180,NHk7scrb_9I,"No nepotism , pure teamwork , every person deserve the recognition for their work 😊",1
5181,NHk7scrb_9I,Hope this would be available on Netflix soon esp for countries who can’t watch this on the big screen.,1
5182,NHk7scrb_9I,"Best movie ever made🎉❤ a great movie 🍿🎥 with emotions , actions , reality , justice interesting part by part divided ,,thanks and huge salute to Mr. Aditya Dhar for making this Masterpiece.. specially Ranveer Singh as Hamza , Sara Arjun ,Arjun Rampal ,Sanjay dutt , and all the team 💎🙌also all fantastic songs by Sashwat Sachdev was epic,, I watched both the parts of dhurandur in laptop 💻😅 btw.  This movie deserves to watch in the theatres 💥✨🎊",1
5183,NHk7scrb_9I,"Koi kami nahi chori musalman or islam ko bura batane .. or kitne propoganda movies banayenge .. jihad ka matlab galat , kafir ka matlab galat … kaha ki story kaha jodi hai … kab log samzege or sarakar hi inko protsahan deti hai ..",0
5184,NHk7scrb_9I,2:03 goose bumbs,0
5185,NHk7scrb_9I,"2:32 , SP Aslam 's Josh of shooting .",1
5188,NHk7scrb_9I,"Why i am watching the trailer again , while i have already seen movie 😅😅",3
5190,NHk7scrb_9I,Both these films lead to the failure of Operation Sindoor.,0
5191,NHk7scrb_9I,Theater me ye film 3 baar dekhkr aaya hu...phir bhi roj trailer dekhta hu😭What an impact bro ❤😭,2
5192,NHk7scrb_9I,The sound track is just so addictive i can't help but watch this again and again Dhar sahab kya hi banae ho !!🔥🔥🔥,1
5193,NHk7scrb_9I,Mast mast movieee,1
5194,NHk7scrb_9I,Trailer aged like a fine wine ❤,1
5195,NHk7scrb_9I,When will release ott katta waiting 😮‍💨,1
5197,NHk7scrb_9I,i watched it multiple tiimes every day since it got released. Its our national pride. Our Life,1
5198,NHk7scrb_9I,This trailer can eat a whole Bollywood cringe movie 🎥🍿😮,1
5199,NHk7scrb_9I,"This film is a fake love letter from the deceptive Indian Bollywood industry to the Balochistan community. This is Bollywood patronising the struggles of real victims for entertainment and profit.Utterly distasteful and disgusting.This is a fantasy of what India would like to do but in reality lacks the intelligence to do. The Indians would love to be as deceptive as their role models MOSSAD but are stuck on the scam call centre level of espionage. They can only pretend to be macho through fiction which is desperate and pathetic. Everything for these people is a never-ending tedious urinating contest. They regurgitate the same narrative because they can only live life as a broken record and refuse to move forward.Pakistan lives rent free in their minds 24/7. They are obsessed and the more Pakistan ignores these deluded fragile egos, the louder and bigger the budget becomes. But this will only serve to entertain for a short period and as soon as the people leave the cinema the problems are still waiting for them at home. The same questions are asked, why does GDP growth not resulted in employment? Why are the rich becoming richer and poverty is still rising? What happened to the promises of industrialisation? Why are the rich allowed to exploit loopholes with impunity? Why has the government not done anything about 30,000+ applicants for only10 government vacancies?People like Arnab Goswami and Bollywood propaganda are just the distraction to create the fake boogie man so everyone is preoccupied to ask the real questions and hold those in-charge accountable.",0
5200,NHk7scrb_9I,Aa movie nhi Nasha ha nasha❤❤,1
5201,NHk7scrb_9I,Addictive Trailer 🙏🙏,0
5202,NHk7scrb_9I,How many times did you watch the trailer after watching the film?Me: YES,2
5203,NHk7scrb_9I,movies mn hi jeetna chotyooo,0
5204,NHk7scrb_9I,Heads off to the whole team. This is the way a trailer should be. This is going to be the 2nd highest grossing film of all time after dangal.,1
5205,NHk7scrb_9I,DHURANDAR 2,0
5206,NHk7scrb_9I,In the last scene where there is paramilitary shown believe me no one can even raise their voice in front of Pak Army,0
5207,NHk7scrb_9I,This trailer is fire 🔥,1
5208,NHk7scrb_9I,Movie m Bhaut Jayda Political Background daal diya dekhne ke baad laga Movie kisi ko Promote kar rahi h😂😂😂,0
5209,NHk7scrb_9I,Sir Agar Movie m Political Throught Kam dekhate to m bhi Movie Ek baar aur dekhta aur isse apki Movie duration bhi kam ho jati🫡🫡🫡,0
5210,NHk7scrb_9I,Applying for leave to watch it again ( for the 6th time),1
5211,NHk7scrb_9I,Director Aditya dhar cooked all other directors in just making a PAN WORLD CINEMA 🔥,1
5212,NHk7scrb_9I,"😅😅 I am from Pakistan 🇵🇰, india kion nahi bhool jata Pakistan 🇵🇰 ko!!!!",0
5213,NHk7scrb_9I,2:38 best part 🫂,3
5214,NHk7scrb_9I,High point 2:02,1
5215,NHk7scrb_9I,Guys please release this version of AARI AARI... Please...,2
5217,NHk7scrb_9I,Goated Film & Trailer... ❤,2
5219,NHk7scrb_9I,Bollywood is not secular anymore,2
5220,NHk7scrb_9I,In between 2:53-3:09 wala music kaunsa song hai koi batao please???,0
5221,NHk7scrb_9I,Ads never get played whenever you watch this trailer 🤔,7
5222,NHk7scrb_9I,"1:29 Bro .. literally .. before watching the movie , it made me think major iqbal is actually in front of jaskirat singh rangi ( like .. he is in India ) .. peak edit brooooooo",2
5223,NHk7scrb_9I,Absolute cinema 🎥❤❤,3
5224,NHk7scrb_9I,Some scenes are deleted in theater,2
5225,NHk7scrb_9I,Kya is movie me Rafael gire hein🤣,1
5226,NHk7scrb_9I,India sirf movies me he Pakistan ko hara skta he real me to 6 - 0 ho jata he,1
5227,NHk7scrb_9I,Real life me to 6 - 0 ho gya tha,1
5228,NHk7scrb_9I,1:13 aditya dhar to whole bollywood,3
5229,NHk7scrb_9I,Anyone who daily watch this 😂😂,4
5230,NHk7scrb_9I,All part dhurandhar My faverate movie 🔥,1
5231,NHk7scrb_9I,"Today is 22nd, Never forget, never forgive. 🇮🇳🇮🇳",7
5232,NHk7scrb_9I,1:49 Trailer peaked here,2
5233,NHk7scrb_9I,"Aditya DHAR, Salute to you man ! 🔥❤️",1
5234,NHk7scrb_9I,Dhruv Rathee 🤡 Dhurandhar 2☠️,4
5235,NHk7scrb_9I,Sashwath sachdev music is 1000 times better than Anirudh Ravichandran music. Because the way patriotism induced by sashwath into his music is irreplaceable and cannot be done by anyone other than sachdev,3
5236,NHk7scrb_9I,Have you watched the trailer?Yes.Have you watched the movie?YesWill you see trailer again?Again Yes.,5
5237,NHk7scrb_9I,Pakistan ka mustaqbil ab Hindustan teh karay ga. Real funny.,0
5238,NHk7scrb_9I,2:45 “Pakistan ka mustaqbil… Ab hindustan dekh lega”,2
5239,NHk7scrb_9I,Trailer (999990000000/10)Movie (9900000000/10)Teaser (990000/10Revenge (9000000/10,1
5240,NHk7scrb_9I,0:15 to 0:22 💀🔥,1
5241,NHk7scrb_9I,Yes Dhurandhar 3  I’m interested for Dhurandhar 3,1
5242,NHk7scrb_9I,Dhurandhar dekhne ke bad sari movie illogical lag raha hai... Dusra movie dekhne se achha main trailer dekhlu 100 times.,7
5243,NHk7scrb_9I,Today I watched movie pvr 92 Rs and today I watched trailor first time 😅 . Enjoy Full Movie 😊,3
5244,NHk7scrb_9I,This is what happens when talents work together ❤,0
5245,NHk7scrb_9I,Whole Trailer got infinitely peaked between this 10 seconds 0:13-0:23 🔥💀,2
5246,NHk7scrb_9I,2:22 my favourite bgm,2
5247,NHk7scrb_9I,The Best Movie Trailer that ever made in history,4
5248,NHk7scrb_9I,Your batags are really white 😂,2
5249,NHk7scrb_9I,They sy hame Pakistan sy farq nae parta lykin reality me Pakistan k ilawa innko kuch nazar nae ata,0
5250,NHk7scrb_9I,So I heard India will take their revenge in Dhurandar 3 for the whopping it received in May 2025? 😂,1
5251,NHk7scrb_9I,"THIS IS ONCE IN A LIFE TIME MASTERPIECE....NO DOUBT.....NO ONE CAN BEAT THE PERFORMANCE OF RANVEER WHEN HE SAID ""MERE GAR ME GUSKHE MERE MEHAMAN KO MAREGA""THAT INTENSIVE STATEMENT HOLDING HIS EMOTIONS AND TEARS SUPRESSEING THEM BEYOND HIS EYES.....WHAT A PERFORMANCE..... RANVEER YOU TURLY ARE THE G.O.A.T AND ADITYA DHAR SIR THANK YOU FOR GIVING THIS ONCE IN LIFE TIME MASTER PIECE",4
5254,NHk7scrb_9I,"One thing is proved here that rest of the audience didn't even bother to watch Dhurandhar 1&2,they just simply ignored the movie otherwise Dhurandhar would have made universal history of box office collection.",1
5255,NHk7scrb_9I,Ek film Great Major Mohit Sharma ji par bhi ho jaaye unka role Uzair Baloch (Danish Pandor) Sir kar sakte hai Director Aditya Dhar ya phir Vivek Agnihotri dono mein se koi bhi banaye jabardast hoga movie 🔥🔥,0
5256,NHk7scrb_9I,Koi mujhe 19 march se pehle le jao firse wahi excitement aur thrill feel karna hai 😩,1
5257,NHk7scrb_9I,Hai  asli reRehman daikait Akshay Khanna SE ziada Katar nak real party nai people party name hai,0
5258,NHk7scrb_9I,Mian Pakistan SE ho Lahore SE fake movie,0
5259,NHk7scrb_9I,Missing the character Rehman Baloch (Dakait). His acting was good.,1
5260,NHk7scrb_9I,Peak indian movie,1
5261,NHk7scrb_9I,Anyone from Pakistan 🇵🇰,0
5262,NHk7scrb_9I,Even after watching the film for more than 8 times.. Am again watching the trailer on 20.04.2026,1
5263,NHk7scrb_9I,Absolute Cinema 🤯🙌🏻,5
5264,NHk7scrb_9I,0:17 ahh that adrenaline rush in veins 🔥🔥,0
5267,NHk7scrb_9I,Rehman died 2009Major Iqbal 2011Arsad pappu 2013Aslam sp 2014 jan Modi pm bane 2014 me Notbandi 2016Director ne achha chutiya kata h Achhi movie h enjoy karo dimag mat lagao yeh DHURANDHAR real Manmohan singh tha na ki modi aur jamil indian spy 45 sal se h indra Gandhi ke time gaya tha Propoganda Mt kro 😅😅😅,1
5268,NHk7scrb_9I,pehle mera favorite trailer Badlapur movie ka tha ab Durander the revenge daily watching's,2
5269,NHk7scrb_9I,"So whats the difference between these movies and footages/dialouges that ISIS/AL qaeda uses on war victims to brain wash them to become terrorists in the name of becoming ""a soldier"" ???Im  neither indian or pakistani.. but my god the last dialouge here and in the 1st movie is eye rolling of obvious propoganda. India really belives they are the hereoes and innocent same way America and Israel thinks of themselves when they make movies about poor traumatised american soldiers (cough* American sniper *cough*). Lets challenge Dharr to make same type movie against China.. oh, wait...",0
5270,NHk7scrb_9I,This is fckn amezing can't get bored of it ❤,1
5272,NHk7scrb_9I,Who missed Rehman dakhait The real ora man,0
5273,NHk7scrb_9I,Why this masterpiece didn’t release in Bangladesh. In our country people are so liking it,2
5274,NHk7scrb_9I,0:40 The song starts from here.,0
5275,NHk7scrb_9I,"After this movie, most Indian movies will be more irrelevant",3
5276,NHk7scrb_9I,Bar bar dekhta hu yr me ye trailer 🔥🔥,3
5277,NHk7scrb_9I,Aaj bhi bollywood bhari hai....😊,3
5278,NHk7scrb_9I,This movie changed history ❤❤❤,0
5280,NHk7scrb_9I,Le dekh fir aa gaye..... trailer dekhne....,1
5281,NHk7scrb_9I,Feel bad because they cut some really violent scenes 2:30,0
5282,NHk7scrb_9I,Congratulations Sara Arjun ma'am love dhurander the revenge is awesome songs are splendid and rate of this movie is given 30000/30000 and I love you Sara Arjun ma'am,1
5284,NHk7scrb_9I,"The trailer so goated ,It eats the whole YRF spy universe for breakfast 😂😂😂",2
5285,NHk7scrb_9I,20/04/2026 ----> who still here to watch again 😎😎😎😎😎😎,1
5286,NHk7scrb_9I,Honsla eendhan badla ❤️‍🔥,2
5287,NHk7scrb_9I,Balidam parmo dharm,0
5288,NHk7scrb_9I,pakistan ka nam liay bgair  khud ko kbhi acha nhi dikha skta ye india😂,0
5289,NHk7scrb_9I,Rip for sunjay dutt 😭😭😭,0
5290,NHk7scrb_9I,Balidan Parmo dharam ❤😢,1
5292,NHk7scrb_9I,😭✋🏻kitne time baad koi movie itni hit hui hai lol,4
5293,NHk7scrb_9I,(Pinda/Udaybir San)DHU - RAN(veer) - (Aditya)DHAR!,1
5294,NHk7scrb_9I,"2nd best time to watch this masterpiece of a film is now, ticket prices are low after the 5th week.",1
5299,NHk7scrb_9I,this movie is so good,1
5300,NHk7scrb_9I,Cant get over this.. still NOT ready to get over it!!! 🙌🫶,1
5301,NHk7scrb_9I,Aditya dhar hajam ghughu aur Ranveer singh sabse bada dewaana mental,0
5302,NHk7scrb_9I,2:50 goosebumps Moment❤❤❤❤❤❤,0
5303,NHk7scrb_9I,A masterpiece propoganda 🎉,0
5304,NHk7scrb_9I,Daily trailer watchers😂❤,0
5305,NHk7scrb_9I,Rohit Shetty should learn from dhurandhar not to reveal any major plot of movie in the trailer only,1
5306,NHk7scrb_9I,"Its been a month, i am still not tired of watching this amazing trailer ❤",4
5307,NHk7scrb_9I,2:52 this BG score has a different peak audience 🔥🔥🔥,2
5308,NHk7scrb_9I,Hosla edhan badla 🤸🤸,1
5310,NHk7scrb_9I,"Sigarate smoking cinema.... Pagla, har time sirf sigarate pina hai😂😂😂😂. Dhurondor 2 nahi, is cinema ka namm sigarate or blast rakhna chahiye",0
5311,NHk7scrb_9I,Dhundhar 2 ek baar dekhi lekin trailer ∞ ❤,1
5312,NHk7scrb_9I,trailer so great that it has defeated the circus spy universe,13
5313,NHk7scrb_9I,Steps of my brain :1. Thinking of Aari Aari 2. Thinking about Aari Aari played in Trailer. 3. Remembering about Trailer. 4. Watching Trailer.I watch the even after the release  and Remeber the day when I was exicted to watch the trailer for the first time. ❤ Love trailer and movie both .,2
5314,NHk7scrb_9I,1:50 background song name,0
5315,NHk7scrb_9I,"Now I can finally tell my kids ""Hamare zamane ki film hua karti thi"".",4
5316,NHk7scrb_9I,Wow Bhai kya movie Hai ❤,2
5317,NHk7scrb_9I,It's the 19th of April 2026 .. I'm still watching the trailer... Just stuck to this film ❤❤❤,1
5318,NHk7scrb_9I,"GejavidviabidvakhgSorry gng, I sneezed on my keyboard Im allergic to Bullshit🥀",0
5319,NHk7scrb_9I,"When every aspect of movie went GOD mode, then this kind of movie happened.",1
5321,NHk7scrb_9I,"The film is a loud, self-glorifying display of arrogance that claims unmatched superiority, yet ultimately exposes its own emptiness and lack of substance.",1
5322,NHk7scrb_9I,Those who have deep information about the history of terrorism in India will understand why this trailer ignites fire inside every fellow Indians,2
5324,NHk7scrb_9I,Please upload the movie Dhurandhar the revenge please please 😢😢,0
5325,NHk7scrb_9I,No adds in trailer 😮,0
5326,NHk7scrb_9I,The Best Indian Franchise of the Year 2025 - 26.,4
5327,NHk7scrb_9I,Whenever i feel stress i watch this comedy trailer 😂😂😂😂,0
5328,NHk7scrb_9I,1:18 Sanjay dutt's dialogue was so insane ❤‍🔥,2
5329,NHk7scrb_9I,Omg face reveal,3
5330,NHk7scrb_9I,Yeh  movie nahi hai Emotion hai hum Indians ka Thank you Aditya Dhar 🙏 😭💜 🇮🇳,8
5333,NHk7scrb_9I,i am daily watching meri dil de bazi aage koi dard bara na lagge this trailer line,3
5334,NHk7scrb_9I,1:49 from here this trailer becomes goated 2:02 and the legendary 3 word dialogue,4
5335,NHk7scrb_9I,india apne aap ko bacha ni sakta to ye pakistan ki mustakbil apne hathe ka keh rahe hai 😂🤣😂😂,0
5336,NHk7scrb_9I,Haha any one on 19 Apr ??,5
5337,NHk7scrb_9I,watching whole trailer for hausla enden badla 🗿,4
5338,NHk7scrb_9I,I am here just to register myself.❤,1
5340,NHk7scrb_9I,Today is 18th April 2026 And still get the goosebumps while watching it and still watch every other day.Tnx to Aditya Dhar and Ranveer singh for the masterpiece 🙏,14
5341,NHk7scrb_9I,Anbhakt ki jai😂,0
5342,NHk7scrb_9I,That HOSLA...ENDHAN...BADLA with Ranveer climbing up is just 🔥🔥,9
5343,NHk7scrb_9I,Can someone identify which song it is for the music played 2:53 . Need it. Lovely crescendo,5
5344,NHk7scrb_9I,Jb movie na chale tb hindu muslim kar ke hi to movie se rupee chap sakte ho😂,0
5345,NHk7scrb_9I,Tera baap kya jara,0
5346,NHk7scrb_9I,Main toh dekhuga,0
5347,NHk7scrb_9I,"Total Collection of YRF Spy universe with 6 movies: 3,239 CroresMeanwhile Aditya Dhar with his Dhurandhar Duology of just 2 movies: 3,200 CroresOn an Average, 1 Dhurandhar movie ≈ 3-4 YRF Spy movies.One Kashmiri Pandit has literally exposed the so-called Urduwood industry. From now onwards, every spy movie will be compared with Dhurandhar. 🗿💥🔥",9
5348,NHk7scrb_9I,Pakistan zindabad❤❤❤❤❤❤,0
5349,NHk7scrb_9I,0:15 song name please,2
5350,NHk7scrb_9I,I have one question !Why pakistan is always become enemy?,0
5351,NHk7scrb_9I,2:50 This Title Card Gave Me Goosebumps! 🔥🔥,2
5353,NHk7scrb_9I,i am a kid but i saw the movie most goated voilence movie,1
5354,NHk7scrb_9I,DHURANDHAR THE REVENGE ☠️💀🦁🦁🇮🇳💖❤❤❤❤❤🔥🔥🔥🔥🔥,2
5355,NHk7scrb_9I,Aur dekhoonga hazar baar dekhoonga 💀,2
5356,NHk7scrb_9I,"Jameel jamali :"" Your buttocks are really white""😂😂",1
5357,NHk7scrb_9I,First 25 secs of trailer 🥶🥶,5
5358,NHk7scrb_9I,Addiction ho gya is trailer ka,4
5359,NHk7scrb_9I,I want to heartfully thank Aditya dhar and Sashwat sachdev for including so many new music artists Bollywood always revolves around similar mainstream voices and it sounds less appealing This bold move by the flim director and music director and anyone else involved deserves full credit for all the success and fame they are gettingAs a music enthusiast it elevates my expectations that Bollywood is starting to think out of the box stuffSashwat sachdev is already a accomplished music director and I bet more like me would want him getting more musical projects ❤,8
5360,NHk7scrb_9I,can anyone tell...0:15 which song?,0
5361,NHk7scrb_9I,Hosla indhan badla ❤,1
5362,NHk7scrb_9I,10 se jyada baar dekh chuka isko😂,4
5364,NHk7scrb_9I,Saw this movie in Calgary today. Note really a family move with the amount of swears and heavy violence. Also the English subtitles don't translate at all to the Punjabi swears. I'm sure that was done on purpose to get it passed on the international level. Should be flagged.,0
5365,NHk7scrb_9I,"Meh, not enough explosions!",0
5366,NHk7scrb_9I,"Aditya Dhar please make a movie on India _ china Arunchal pradesh issue , How China looting and capturing our land and how our government dealing with it, you only make movies for political agenda on India _ Pakistan (which is weaker side and no where stand infront of india)  😂😂😂",0
5367,NHk7scrb_9I,1000 baar trailer dekhne wale,3
5368,NHk7scrb_9I,"Fact : Rahaman Dacait killed in 2009, SP Aslam chaoudary assasinated by militants in 2013, current government came power in mid of 2014, such a fabrication of story for political agenda 😂😂😂",0
5369,NHk7scrb_9I,Trailer ka phela word e .kafi a. Propaganda film sabit ho ny ka 😂,0
5370,NHk7scrb_9I,Mene ye tailer abhi tak 100+ ho gye honge 😂😂,1
5371,NHk7scrb_9I,Dhurandhar 2🔥🔥🔥🔥🔥🔥🔥🔥🔥🔥🔥🔥🔥🔥🔥,3
5372,NHk7scrb_9I,Mera 40 baar aapka,4
5373,NHk7scrb_9I,Aman ki asha propoganda ko 72 parts me divide kardiya 😂😂😂,6
5374,NHk7scrb_9I,7.0           india siraf movie men hi yeh sub ker sakta hai real men kya hoa sab ko pta hai pura india heckling hoa   modi trump se ro ro ker kerta raha Pakistan se aik baar jung rokwao,0
5375,NHk7scrb_9I,"Went to see Dhurander2  with family. What a film? It beats even best of Hollywood movies.Though it is 29th day, the theater was half full.❤❤❤",4
5376,NHk7scrb_9I,3rd part aana hi chahiye 🚩,3
5377,NHk7scrb_9I,DHU - RAN - DHAR WAS EPIC 🔥🔥,3
5378,NHk7scrb_9I,Iss movie ka craze kabhi nhi jaane wale ye toh smjh aagya ab😂,6
5379,NHk7scrb_9I,Sab se bada properganda sif dhurandhar hi reh sakta h 😅😅,0
5381,NHk7scrb_9I,Here after TCS controversy,4
5383,NHk7scrb_9I,Mind = occupied by Dhurandhar 🔥,5
5384,NHk7scrb_9I,Movie is so goated that 10 movies got posponed,5
5385,NHk7scrb_9I,"""Honsla Eendhan Badla""",5
5386,NHk7scrb_9I,Aap log movie ko kyun dabane ki koshish kar rahe ho??,0
5387,NHk7scrb_9I,"Why trailer is so addictive even after I watched the movie 4 times still feel so good. Now I can't abled to watch the movie again cause , movie so goated and starting and ending so emotional I can't able to see it So perfectly",1
5388,NHk7scrb_9I,kindly release OTT.,1
5389,NHk7scrb_9I,2:02 this line goosebumps ❤️‍🔥,3
5390,NHk7scrb_9I,"And what a movie whose tickets are being sold five times costlier than general movies, it should definitely eat the whole YRF spy universe.",2
5391,NHk7scrb_9I,Yr koi itna superb trailer kaise bana sakta hai.... still confused,1
5392,NHk7scrb_9I,Kon kon sanjay dutt ka english dub dekhne aaya 😂,0
5393,NHk7scrb_9I,"No matter how many times you watch it, it's gonna give goosebumps.",1
5394,NHk7scrb_9I,2:24 major vs Hamza,2
5395,NHk7scrb_9I,1:49 - 2:19 Goosebumps 🌪️,2
5396,NHk7scrb_9I,Pakistan always wins in real life while india only wins in cinema 😂😂,0
5397,NHk7scrb_9I,Lekin indian cinemas ka mustakbil ab dhurandhar tai karega 🎉🎉❤❤❤,3
5398,NHk7scrb_9I,Laken sunju baba ki gade white wale wo tu bullet proof hute ah na move ma tu vo dusri kar ka fatne sa baba ki car vi kisa bilkul fat gahi yr move ma ? Btao koi,2
5399,NHk7scrb_9I,0:15  2 baar theater mai dekhne ke baad phir se trailer dekhne aya hu 😎,0
5400,NHk7scrb_9I,30 bar dekh chuka hu😂,2
5401,NHk7scrb_9I,Aisee movies sirf Hindu Muslim ko judda kr k kamaee ka acha zariya hai..ager log sache hote to aisee filme hi na bnaate jo sirf zaher ugalti hai...insaan to wo jo Aman phailaye Na k wo jo apni baato se dil chalni kre aur her taraf nafrat phaila kar apni jeb bhare.... ..chahe phir character ho ya director ya phir producer sirf kamaee paisa hi sab kuch hai aman insaniyat kuch nahi......khuda ki zameen per hukumat krte ho ager zydati kro ge to wo to qaroon ki tarah zameen m dhans dega begunaho ko hairan krne k jurrm m.........inshAllah ..,0
5402,NHk7scrb_9I,Remember this movie budgest is around 200-250 crores. what a movie!,3
5403,NHk7scrb_9I,Why watching this trailer gives me so much satisfaction Revenge is the purest form ~ Mahabharat ❤🔥,3
5404,NHk7scrb_9I,Radhe Radhe ❤,1
5405,NHk7scrb_9I,Trailer of the century ❤🔥,2
5406,NHk7scrb_9I,"Seeing it on 17 April and even now it's looking amazing, fabulous Hats off to Aditya Dhar",4
5407,NHk7scrb_9I,Movie 2 baar dekh chuka hu aur trailer 200 baar 😂,4
5408,NHk7scrb_9I,Movie 2 baar dekh chuka hu aur trailer 200 baar 😂,2
5409,NHk7scrb_9I,"bhai life main kabhi bhi itna trailer nahi dekha hoon , roz 2 se 3 baar to yahi trailer dekh raha hoon 🔥🔥🔥",2
5410,NHk7scrb_9I,"Greatest cinematic experience ever. Success of Dhurandhar franchise seens like personal victory. Shaken Bollywood to the core. Everything about this franchise is a C.U.L.T.  genre bending,  template shaking ❤❤❤❤",2
5411,NHk7scrb_9I,Is very long movie and just west of time super flop movie this year,0
5412,NHk7scrb_9I,Reality is k kalbhoshan yaduv abi tk Pakistan ki custody my hy. 😂,0
5413,NHk7scrb_9I,Itni jaldi part 2,0
5414,NHk7scrb_9I,bhai.... this trailer.. yeh alag se sikhna padega,0
5415,NHk7scrb_9I,The last scene of the trailer after watching the movie🥶☠️,2
5418,NHk7scrb_9I,Watched it 4th time today,2
5419,NHk7scrb_9I,1:02   just like fire 🔥,3
5420,NHk7scrb_9I,The best trailer ever made in the history of Indian cinema... ❤,4
5421,NHk7scrb_9I,🎉We got Dhurandhar 2 before gta 6🎉😂😂,6
5422,NHk7scrb_9I,"whats the name of the song in this trailer which goes aint it funny thats it ominous when im in this, aint it funny that the prophet is the profit in",4
5423,NHk7scrb_9I,Khan aur pathan ka mustakbil ab ek kashmiri pandit tai karega,3
5424,NHk7scrb_9I,0:59 arri arri,4
5425,NHk7scrb_9I,Why many say hindi film 😢😢... this is a real wholesome indian film.. no partition ❤,22
5426,NHk7scrb_9I,Bollywood ka mustak-bil ab Aditya Dhar tay krega,6
5427,NHk7scrb_9I,0:12  dho dia 😂,2
5428,NHk7scrb_9I,Watching equally good as the movie,3
5429,NHk7scrb_9I,"Who's here for the ""PANIC 🫪 Song"" ?",4
5430,NHk7scrb_9I,1:55 from here peak 🥶🥵,5
5431,NHk7scrb_9I,"Aditya Dhar was right when he said “Ladies and gentlemen you are still not ready for this""",9
5432,NHk7scrb_9I,ladies and gentlemen you’re still not ready for this 🤣😎🔥,2
5433,NHk7scrb_9I,Ye wo masterpiece hai jise shayad aditya dhar khud life me dobara na bana paaye ❤❤❤❤,4
5434,NHk7scrb_9I,Is movie ke sabhi charectors ke sath sath bollywood ka bhi comeback kara diya Aaditya dhar ne ❤❤😊🚩🕉️🙏,3
5435,NHk7scrb_9I,Iss baar 3000 par!,2
5437,NHk7scrb_9I,Anyone will listen 20 April? ❤,2
5438,NHk7scrb_9I,Dhurandhar is the greatest movie ever made! I love John Dhurandhar.,2
5439,NHk7scrb_9I,Adita Dhar is OG!,4
5441,NHk7scrb_9I,I can watch this trailer 100 times more even the movie is released. What a art aditya dhar 💥,5
5442,NHk7scrb_9I,2 baar movie dekhne ke baad bhi trailer dekhe raha hu😅,3
5443,NHk7scrb_9I,You are right truly. ! 😢 we were not ready for this,3
5445,NHk7scrb_9I,Mai ne tho movie dekhne ke baad bhi trailer dekh raha hai😂,3
5446,NHk7scrb_9I,"Ek our Bollywood movie bano,Ek tha Rafael, 0 to 06.",0
5447,NHk7scrb_9I,"Good climax. But,  Duniya ka mustaqbil ab Pakistan te karega. India nahi.Welcome to Islamabad Accord.",0
5448,NHk7scrb_9I,Honsla-Eendhan-Badla ❤,3
5449,NHk7scrb_9I,Topic: like button ✅ for Editor,3
5450,NHk7scrb_9I,Yes dhurandhar is good but don't compare kgf..😜,0
5451,NHk7scrb_9I,Kitne b janam lelo Pakistan ka mustaqbil nahi tay kar sakte yeh ek khuwab hai,0
5452,NHk7scrb_9I,"Trailer watching before movie - 100 times
Trailer watching after watched movie - 10000 times",7
5453,NHk7scrb_9I,Kab aayega part 3,1
5454,NHk7scrb_9I,2:04 best part from trailer ever 💯🔥🤯🤯💥💥💥💥😶😨,2
5456,NHk7scrb_9I,Watched this trailer 6969th times after watching the movie...😂,1
5458,NHk7scrb_9I,Revolution in Indian cinema,0
5459,NHk7scrb_9I,Hahahahaha Ek isi agent tum loug real mai dekh lo tou touhari shit nikl jaye. Movie looks good tho.,1
5460,NHk7scrb_9I,Mera baccha hai tu bolke sabki Fielding set kardi...😂😂Those who know😂😂,3
5461,NHk7scrb_9I,"This is what an action, spy thriller movie should be like. There must be violence, bloodshed and killings.",1
5462,NHk7scrb_9I,Hosla Endhan Badla,2
5463,NHk7scrb_9I,End Of DAWOOD - WOOD,3
5464,NHk7scrb_9I,ABSOLUTE CINEMA ✋🏼😮‍💨✋🏼,0
5465,NHk7scrb_9I,Seen the film almost 9 times still here to watch the trailer!,1
5466,NHk7scrb_9I,this was only indian cimema i watch with my beautfully indian wife and i name my twin son hamza and other i named Jaskirat  🎉🎉🎉 ❤❤❤ As a african descendant i wish india cinema very big success this was A Sholay of our Generation let this movie to cross 2000cr stay away from jealous people this is a movie its a only for entertainment,1
5467,NHk7scrb_9I,A fucking redefining of Indian cinema in all aspect Aditya dhar you beauty ❤❤Just created a universal standard for movies 🎉🎉🎉,2
5468,NHk7scrb_9I,I wish if I can watch this film but it is still in film halls,0
5470,NHk7scrb_9I,This movie not south Not east This Indian movie Jai hindusthan☠️,1
5471,NHk7scrb_9I,God mode on music... 2:53,0
5472,NHk7scrb_9I,I thought if any movie had changed the way of movie telling in india atleast by an inch it was Dil Chahata Hai but Dhurandhar has changed the entire script of movie telling in India.. Aditya Dhar Sir you are a genius. And someone rightly said one can't imagine how many movies were postponed due to Dhurandhar.. ( Be it in 1 or 2).. But above all Sir I would like to mention that the use of music and songs are just phenomenal.. I personally have watched 1 thrice and 2 twice going tomorrow to match the first one..,0
5473,NHk7scrb_9I,"Eveyday i come for attendence 😎Can't live without this addiction..Credits:Ranveer Bhai [the backbone and hero]Dhar Bhai [ the og director and writer ]Sanju sir[aslam chaudhary]Arjun Sir[iqbal]Madhavan Sir[ajay sanyl]Sara  [yalina jamali]Akshaye Khanna sir[rehman baloch]Shashwat sir..[music composer] Aejaz Gulab, Sea Young Oh, Yannick Ben, Ramazan Bulut [action directors]And the rest of the team who made it ''DHAMAKEEDHAR  DHURANDHAR''",1
5474,NHk7scrb_9I,Sholay of our time,0
5476,NHk7scrb_9I,"Fltu scene 1. Humza apni biwi ko flights ke ticket ghar ke bahar kyon de raha hai jabki vah ghar ke andar bhi De sakta tha😅2. Arjun Rampal aur Ranveer jab last mein ladh rahe hain tab clear dikh raha hai jab vah donon niche gir rahe hain tab Hamza iron rod se lagkar niche girta hai aur use kuchh nahin hota, jab ke uska pet faad Jana chahie tha 3. Aur last mein humza jab Apne gaon jata hai tab samne gate ke pass uski mummy hoti hai aur uske bhanje Khel Rahe hote hain aur chhat per uski bahan kapde Sukha Rahi hoti hai fir bhi Koi nahin dekh pata usse, aur theek time per sab ghar ke andar chale jaate Hain😅, aur vah bhi unse Bina mile vahan se Laut jata hai, vah kya writing hai",0
5477,NHk7scrb_9I,"Faltu scene 1. Hamzaa flight tickets apni biwi ko ghar ke bahar deta hai😂2. While fighting with arjun rampal wo dono niche girte hain uss scene me clear dikh raha hai hamzza iron rods ke upar gira hai fir bhi usse kuchh nahin hota jabki pet faad Jana chahie tha. 3. Aur last ke seen mein jab vah Apne Ghar mein jata hai, tab vahan ghar ke gate ke pass uski mummy uske bhanje aur uske syster chhat ke upar hoti hai fir bhi usse Koi nahin dekhta aur sab ussi time ghar ke andar chale jaate Hain, aur apna Hero unse Bina mile vahan se Laut jata hai😂 kya writing hai",0
5478,NHk7scrb_9I,2:48 hamza roaring like lion is my favourite genre,1
5479,NHk7scrb_9I,Bollywood Ka mustaqbil Pakistan te karega 😅😅,0
5480,NHk7scrb_9I,Why I am addicted to the trailer💀☠️,3
5481,NHk7scrb_9I,Beast mode on❤,1
5482,NHk7scrb_9I,Anyone here😂❤❤😂🎉🎉,0
5483,NHk7scrb_9I,kitni kamayi ki hai is movie ne abhi tak 1800 + hui ya nahi,0
5484,NHk7scrb_9I,Bollywood Ka Mustaqabil PAK Teh Kare Ga,1
5485,NHk7scrb_9I,Calm down guys reality mai inky abhinandan jesy pilots ghar mai guss ky maar khaty hain😂,0
5486,NHk7scrb_9I,Dhruv rathee needs similar treatment,4
5487,NHk7scrb_9I,Kaun Kaun movie dekhne ke bad yah dekhna hai,1
5489,NHk7scrb_9I,0:15 Song Name,0
5490,NHk7scrb_9I,1:50 onwards!! Shashwat Sachdev and T-Series... We want this portion of Vaari Varsi with that beat!! That's slapping so hard!! 😭,2
5491,NHk7scrb_9I,Bollywood really hates Islam and Muslims 😆 🤣 😂,0
5492,NHk7scrb_9I,Ajeeb fazool waste of time,0
5493,NHk7scrb_9I,BEST FILM EVERRRRRRRRRRRR❤❤❤❤❤❤❤❤❤❤❤❤❤❤❤❤❤❤❤❤❤,3
5494,NHk7scrb_9I,2:54 bgm at the end👌👌,9
5495,NHk7scrb_9I,Nice movie well done Aditya Dhar and Ranbir singh is amazing in movie 🎉🎉🎉😍🥰🤯🤯🤯,2
5496,NHk7scrb_9I,"Paid Preview Aur usake baad 4 baar till last Sunday... Phir Bhi man nahi bharta...I think isse hi ""Nasha""Bolte the...❤❤❤Papa unake Jamane ki ""Sholey"" ki misal dete the Hum ""Dhurandhar"" ki denge.. 😎",1
5497,NHk7scrb_9I,Dhurandhar 1 Trailer < Dhurandhar 2 Trailer ❤,1
5498,NHk7scrb_9I,Still here 😅,2
5499,NHk7scrb_9I,"Yaar, don't make this type of trailer, so that people watch this 1000 times, even after watching the entire movie twice 😅❤",2
5500,NHk7scrb_9I,Baap of Bollywood ❤. The ADITYA DHAR. Remember the name ❤❤❤.,1
5501,NHk7scrb_9I,Baap of Bollywood ❤. The ADITYA DHAR. Remember the name ❤❤❤.,1
5502,NHk7scrb_9I,"2:45 Dear Mr. Ajith thoval sir and indian RAW agents, please go to isreal. Make an operation like dhurandhar. The world will be peaceful!",0
5503,NHk7scrb_9I,I saw this movie 3 times in the theater 🔥💥⛓️⚔️👑👊😎💖💖💖🇮🇳💖,0
5504,NHk7scrb_9I,This movie's box office slowed down for IPL... otherwise it wouldn't have been possible to stop it.🗿🔥,3
5505,NHk7scrb_9I,Everyday watching d trailer Mindblowing 🔥🔥🔥🔥🔥🔥🔥🔥🔥 Already watched d movie,0
5506,NHk7scrb_9I,2:50 goosebumps got goosebumps 🔥,0
5507,NHk7scrb_9I,LADIES AND GENTLEMEN YOU ARE STILL NOT READY FOR THIS!!!💀🔥,0
5508,NHk7scrb_9I,Trailer dekh liya ab fir se ticket book Krna padega 😆😆😆😅,9
5509,NHk7scrb_9I,3rd Time I Am Watched This Movie Everytime I feel Goosebumps And Something New Details From This Movie This Was THE Generational Movie Definitely 🧡🤍💚# EVERGREEN MOVIE 🎥,0
5510,NHk7scrb_9I,I watched Dhurandhar 3 times than also I m watching  the trailer  I learned from Dhurandhar that I will also take revenge  from my sister,2
5511,NHk7scrb_9I,Showstopper trailer,1
5512,NHk7scrb_9I,Great effort by every single artist.....music every single piece,1
5513,NHk7scrb_9I,We want extended version of Dhurandhar,1
5518,NHk7scrb_9I,1:02 that frame😮‍💨,1
5519,NHk7scrb_9I,Jamil in trailer: 🤡Jamil in movie: 💀IYKYK,3
5520,NHk7scrb_9I,Movie esi banao ki trailer dekhne se hi man na bhare,0
5521,NHk7scrb_9I,watched more than 1 attendence lagao,0
5522,NHk7scrb_9I,toxic: Daddys homeDhurandhar: Ghar pe hi raho beta,1
5523,NHk7scrb_9I,Just bring the sking of lyari BGM background score ❤❤❤❤ please,0
5524,NHk7scrb_9I,"Superb movie, saalo tak yaad rahegi,",0
5525,NHk7scrb_9I,April 14 here❓,1
5527,NHk7scrb_9I,Kai saare scenes cut kiye hue hai,0
5528,NHk7scrb_9I,Seriously we were not ready for this....this is beyondddddddddd our expectations....,1
5529,NHk7scrb_9I,Who are all here after virat kohli tweet 🔥💯,1
5530,NHk7scrb_9I,Has officially crosses 3000 Crores!!!!!!!,5
5531,NHk7scrb_9I,"If I had to watch this movie on a plane, i would still walk out 🥀",1
5532,NHk7scrb_9I,Bhai nasha hai ye trailer.. saans bhi nahi lene deta.,5
5534,NHk7scrb_9I,Really looking forward to Aditya Dhar ji's new movie ❤❤❤,4
5535,NHk7scrb_9I,trailer jab se ayi tab se dekh rahi hu...movie bhi 4 baar dekh li...But yaha wapas trailer dekhne aa jati hu mein💀💀Lat lag gayi trailer ki😩😩,3
5536,NHk7scrb_9I,Jaisa naam bilkul vaisi movie DHURANDHAR 🙌❤️‍🔥,1
5538,NHk7scrb_9I,2:50 onwards the trailer and its music is simply outstanding. Simply amazinggg ❤❤,1
5539,NHk7scrb_9I,I think after watching both Dhurandhars trailer. Producers should now ask ki aapki pichli movie ka trailer kitne logon ne dobara dekha tha. Repeat value should be the new metric for a trailers success. YouTube should add this feature,1
5540,NHk7scrb_9I,Dhurandhar 2🔥🔥🔥🔥🔥🔥🔥🔥🔥🔥🔥🔥🔥🔥,2
5541,NHk7scrb_9I,No expect movie bahubali kantara dhurandhar 😂😂😂😂😂😂😂❤❤❤❤❤❤❤❤😮😮😮😮😮😮😮,0
5542,NHk7scrb_9I,"I've seen this film twice, and watched the trailer countless times, still not over this I'm watching it again❤",18
5543,NHk7scrb_9I,Thank you aditya dhar for this magnum opus ..❤,2
5544,NHk7scrb_9I,Song ka naam koi batayega please 0:15,2
5545,NHk7scrb_9I,2:29 ye scene censored kyu kiya yaar 💔💔 trailer mai uncensored tha movie mai censored dikha diya 💔💔.Anyways movie was 🔥🔥🔥Love you Aditya dhar (Spy universe ka career kha gya ),1
5546,NHk7scrb_9I,"Before dhurandhar I don't like ranveer Singh, kind of a hater but now after dhurandhar i respect him a lot and i also start liking his flop movie's also 😭",1
5547,NHk7scrb_9I,Kash part 3 b hota ❤❤❤ 🔥,0
5548,NHk7scrb_9I,This trailer>>>>>>>>>>>Entire YRF Spy Universe,0
5549,NHk7scrb_9I,"HIEL ""Dhurandar"" ✋️💀🔥",0
5550,NHk7scrb_9I,2:15 leadings and gentleman you are still not ready for This!💥🔥,1
5551,NHk7scrb_9I,Trailer version of aari aari is More energetic🔥 than song version of aari aari🎵,2
5552,NHk7scrb_9I,First movie jise log 3 baar theater mein dekhne baad daily ek baar trailer bhi dekh lete hain 😅,0
5553,NHk7scrb_9I,"2:28 the movement when you hit all librals, anti indian, bollywood Mafia (especially YRF FAKE SPY Universe) in absolute BEAST MODE🔥🫵🗿👊... Dhurandhar..🙏👏😍",0
5554,NHk7scrb_9I,"Movie is ban in Pakistan and Middle East, so we have to watch it thrice, on their behalf as well.",4
5557,NHk7scrb_9I,day by day the hype for dhurandhar is getting bigger and bigger ❤,0
5558,NHk7scrb_9I,"This movie became a hit only because of Rehman Baloch; otherwise, it is full of lie 😂",0
5559,NHk7scrb_9I,Ghar ki yaad nahi aai jassi 👹,0
5561,NHk7scrb_9I,Trailer ❌ Aari Song ✅,4
5562,NHk7scrb_9I,Watch Dhurandhar 3 times in cinema😂,1
5563,NHk7scrb_9I,Name registered in indian cinema,0
5564,NHk7scrb_9I,This trailer and the movie don't just touch upon—they unleash—decades of suppressed pain endured by Indian nationalists.,0
5565,NHk7scrb_9I,0:15 song name?,2
5566,NHk7scrb_9I,What a trailer. Mjhe laga main hi repeat mode me dekh rhi hu,1
5567,NHk7scrb_9I,Movie 7 baar deekhne ka baad Movie Trailer Deekne aaya hu 😅😅,1
5568,NHk7scrb_9I,Dhurandhar is making history fs 🐐,3
5570,NHk7scrb_9I,1.00 best scene,2
5571,NHk7scrb_9I,"I have never seen such a movie till date, honestly I can watch this movie 1000 times.",345
5572,NHk7scrb_9I,Fir a gya trailer dekhne movie dekhne ke bad,55
5573,NHk7scrb_9I,Ab Bollywood ka mustkabil DHURANDHAR Tey karega,99
5574,NHk7scrb_9I,Jbrdst action and top level violence 😍,9
5575,NHk7scrb_9I,Producer Modi and The BJP,1
5576,NHk7scrb_9I,"But tell me, what do I do now. I won't be able to watch any movie after Dhurandhar Series. I'm scared, like it's my last love ❤",11
5577,NHk7scrb_9I,Pakistan real life aura level 🗿🗿🗿,2
5578,NHk7scrb_9I,"another stupid propaganda movie,lack of idea and brain",1
5579,NHk7scrb_9I,What a trailer... 😮,4
5580,NHk7scrb_9I,Bathak bolna tha chicha,0
5581,NHk7scrb_9I,"THANK YOU JIO & ADITYAA DHAR FOR GIVING THIS - """"""MASTERPIECE""""",76
5582,NHk7scrb_9I,Where is dhurandhar title track ??,3
5584,NHk7scrb_9I,Brooooo the moment when introducing jaskirat singh rangi with this absolute bangerrr brooooooo🤯1.01@adityadharfilms,7
5585,NHk7scrb_9I,Puri Dunia ka mustaqbil Islamabad may ho Raha hay or Pakistan mustaqbil ab India bnay ga,1
5586,NHk7scrb_9I,Trailer watching before movie - 100 timesTrailer watching after watched movie - 100 times,2421
5587,NHk7scrb_9I,Last wala jock samjha do bhai please!😅,2
5588,NHk7scrb_9I,Dekhe jao...dekhe jao...dekhe jao...dekhe jao...dekhe jao...bas dekhe jao..,15
5589,NHk7scrb_9I,The trailer is better after watching the movieThemes towards the end of the trailer is goated,3
5590,NHk7scrb_9I,Movie so goated that you are still watching the trailer after its release and still getting goosebumps🔥🔥🔥,1361
5591,NHk7scrb_9I,When ranveer was in his difficult times all people bycott him including bollywood and big production companies and actors but after dhurandhar movie all people chase him....,6
5592,NHk7scrb_9I,Bharat mata ki jai ❤🇮🇳,2
5593,NHk7scrb_9I,Anytime Goosebumps ❤️‍🔥🔥💯🥵,1
5594,NHk7scrb_9I,Aaj kitni tarikh Khatarnak movie hai na Aakar Maine Dekhi nahin aisi,1
5595,NHk7scrb_9I,STILL GIVES GOOSEBUMPS🔥🔥🔥🔥🔥,2
5596,NHk7scrb_9I,0:15 my reaction to those who called this movie as propaganda movie 😅😅,4
5597,NHk7scrb_9I,Movie re-watchability to hmesha dekhi thiAb Trailer re-watchability bhi dekh li✍️,2
5598,NHk7scrb_9I,Who is watching this in 2050?,1
5599,NHk7scrb_9I,Fazol movie rahman dakit hota tho maza hota,0
5600,NHk7scrb_9I,If we stop imagining politics in movie then we would be realized that this Movie is 10/10 Im from PAKISTAN and love this Movie❤,3
5601,NHk7scrb_9I,Ab samaj aaya trailer me Jameel jamali ko last kyun dikhaya😂😂,4
5602,NHk7scrb_9I,1:34 the dialogue 🥶,1
5603,NHk7scrb_9I,Trailer so goated that you watch trailer after watching the full movie 😅,5
5606,NHk7scrb_9I,This film destroy the whole bollywood aura,3
5607,NHk7scrb_9I,"0:15 always gives me a jumpscare0:25 Rehman Dakait ke maut ke baad Lyari ke sadkon par khapo kharas ka mahol, kai makkamaar par firing aur rocket launcher ki dhamaakein saaf sunai diye jaa rahe hain0:58 AARI AARI AARIJaskirat Singh Rangi entry1:18 jahaan dard hai wahaan mard hai",0
5608,NHk7scrb_9I,0:06 Indian Relatives Challenging us be like 😂😂😂😂😂,0
5609,NHk7scrb_9I,Fuckin Hype by the producers and current government nothings true on it,0
5610,NHk7scrb_9I,Goosebumps 😂,0
5611,NHk7scrb_9I,watching 100th time still want more ❤,1
5613,NHk7scrb_9I,Guys if this movie doesnt cross 2000 crore then its a shame for indian audience😢😢😢😢😢,4
5614,NHk7scrb_9I,Dhurandhar series khakseer❌Bawaseer ✅,0
5616,NHk7scrb_9I,0:15 bro that bgm🥶🥶🥶📈📈 please release something of it please i have watched dhurandhar the revenge📈👌,1
5617,NHk7scrb_9I,HONSLA EENDHAN BADLA❤❤❤❤,1
5619,NHk7scrb_9I,Revenge ho to aisa .... Ki pure pakistan ki  sirf movie se hi fat jaye 🤣🤣🤣,3
5620,NHk7scrb_9I,Rap part starting 0:16,0
5621,NHk7scrb_9I,Monkey movie 😂😂😂,0
5623,NHk7scrb_9I,Salute all Indian agents and army Jai hind 🇮🇳♥️,1
5624,NHk7scrb_9I,0:09 4th time watching dhrunder The revenge trailer 0:33,0
5626,NHk7scrb_9I,"Dhurandhar dekhne ke baad jab ye trailer dekha tha tab laga tha is film me to Akshay Khanna bhi nahi hai, kya hi hoga isme bas Ranveer Singh ki back story hogi, aur Major Iqbaal se fight hogi jyada se jyada bas aur kya hi hoga.Aur ab ye film theatre me dekhne ke baad ab lag raha hai First wali Dhurandhar me to kuch bhi nahi tha, bas thoda sa action aur thrill tha - lekin isme to Khatarnak action, thrill, aur music bhi ek number. 'Destiny' wala song jab interval ke baad aata hai wo abhi tak dimaag me hai.Aisa lagta hai itni lambi film fursat se banayi hai kayi saal me, tab jaa kar bani hai Dhurandhar. Part 1 aur 2 dono alag alag mood ki film lagti hai - lekin 1st Dhurandhar ka 'First Look' video aur 'Trailer' dekho to usme dono part ke scenes hai us se lagta hai ki ye puri 7-8 ghante ki ek hi film hai - means chapter 'Et tu brutus' ke baad 'burnt memory' aata hai jo is film ka 1st chapter hai.Bas is wali part ka music hi aisa epic hai ki ek next level vibe aati hai. 1st wali dhurandhar ka music thoda stable hai to wahan fun aur heroic vibe aati hai jaise title track jisme 'goat of 'em all' bolte hain, aur romantic song, party song sab ek badhiya happy aur high vibe dete hain  - Lekin is part ka music thoda vulnerable side me hai - ranveer singh ka past aur present dono par ek tragedy ki tarah sunayi deta hai, jaise 'jaan se guzarte hain' , 'jaiye sajna', 'aari aari' (ye thoda revenge wali vibe deta hai - lekin wo dhurandhar title track ki tarah nahi hai ye thoda intense hai), 'destiny' (ye sunke to har baar wo fight yaad aati hai interval ke baad wali uske purane friend ke sath), 'aakhri ishq' (wo aakhri baar bolke jaata hai ki bas aaj kaam khatam karke aata hu phir yahan se kahin dur chale jayenge).Is se achhi film koi kya hi banayega ab - log bolte the south ki filmein bollywood se jyada achhi ban rahi hai aaj kal, ya hollywood ki filmein best hoti hai - lekin bhai ye ek film hai jo 'pure' hindi bollywood film hai with all the 'heroic' moments (jab peeche dhamaka hota hai aur saamne hero chal ke jata hai type), aur iska muqabla koi aur bollywood film to kya koi hollywood ya south ki film bhi nahi kar sakti. Agar mai khud bhi ek bollywood ka director hota na to ye film dekhne ke baad mai khud apni dukaan band kar deta.",5
5627,NHk7scrb_9I,Why is this movie 4hours long 🫠,0
5628,NHk7scrb_9I,1:32 Ghost Arrived ☠️,1
5629,NHk7scrb_9I,Super movie Dhurandhar the revenge,0
5630,NHk7scrb_9I,This 1 st portion 💥💯💯⛈️,0
5631,NHk7scrb_9I,"Absolut 10 On 10 It creat the next laval of era from this flim , Salute from bottom of my heart ❤️❤❤❤",0
5632,NHk7scrb_9I,02:52 to 03:05 exactly in the movie as well,0
5633,NHk7scrb_9I,1 0:15 konsa song ka bgm hai ye,0
5634,NHk7scrb_9I,Itna addictive trailer h,0
5635,NHk7scrb_9I,I think in real life also Ranveer Singh is a spy sent in Bollywood and that spy has started bombing the industry now by saying - ' tumhare pataake khatam ho gye to main Dhamaka kru' 😂😂😂,2
5636,NHk7scrb_9I,Ranveer Hindu Sher hai.,2
5638,NHk7scrb_9I,Bhaiya agar mere papa bolate Na le jaaye dekhne ke liye to main dekhta hai,1
5639,NHk7scrb_9I,Best Trailer Ever Indian Cinema,1
5640,NHk7scrb_9I,Major iqbal❤,2
5641,NHk7scrb_9I,This movie is Friggin FIRE! Going for the 4th time tonight :-) What a cinematic thrill ride.,4
5642,NHk7scrb_9I,If you can watch TRAILER again and again Then IMAGINE the aura of the whole MOVIE🗿📈🔥,3
5643,NHk7scrb_9I,"THIS MOVIES HAS SPOILED EVERYTHING, BHAI KOI NAYI BOLLYWOOD MOVIE ACHI NAHI LAGRI",3
5644,NHk7scrb_9I,Dhurandhar and dhurandhar part 2 very nice movies,3
5645,NHk7scrb_9I,First Aditya Dhar copied Garv. Then he cut copy pasted Anurag Kashyap's Gangs of Wasseypur. But no tribute to him!!! 😂,1
5646,NHk7scrb_9I,Blast XSunkoon √,1
5648,NHk7scrb_9I,100 million pahuchao dono trailer ko d1 & d2,2
5649,NHk7scrb_9I,100 million pahuchao dono trailer ko d1 & d2,1
5650,NHk7scrb_9I,"Bad news guys, Dhurandhar 2 is not crossing 2000 cr,the craze is over,Ipl ne khatam kr diya...",0
5651,NHk7scrb_9I,My favourite 🎥 movie ❤,1
5652,NHk7scrb_9I,The ones who will watch the movie will get to know the character of JAMMEL JAMALI Saab.... 😂😎,1
5653,NHk7scrb_9I,2000+ cr confirm 🔥,2
5654,NHk7scrb_9I,The rage you'll feel from inside after seeing this very first part 0:12 🔥🔥,2
5655,NHk7scrb_9I,Again I Watch In Theater 🔥 Dhurandhar 2 🙌Hamza 🔥,1
5657,NHk7scrb_9I,"can't believe an ancient civilization like Bharat coming to this low level of intellect, propaganda and entertainment",1
5658,NHk7scrb_9I,Keep doing this stuff in movies…Pakistan is doing is reality 😂,1
5659,NHk7scrb_9I,"Absolute must-see. Ignore the noise from agenda-driven critics — many sound less like reviewers and more like insecure gatekeepers from the same Bollywood and political circles that have failed Indians for decades. But times have changed: the new generation is awake, aware, and far harder to deceive. And once truth takes root in people’s minds, no old propaganda can bury it again.",0
5660,NHk7scrb_9I,0:15 Sec 🔥🔥🔥🔥🔥🔥🔥,1
5661,NHk7scrb_9I,2:18 scene bhai literally pureGoosebumps aura 9999+,2
5663,NHk7scrb_9I,Movie dekhne k baad kon kon aaya h,3
5664,NHk7scrb_9I,This movie has changed everything in the air 🔥🔥🔥🔥,9
5665,NHk7scrb_9I,0:58 PURE GOOSEBUMPS 💀💀💀💀💀,13
5666,NHk7scrb_9I,Came here again after. Watching it 🎉❤,2
5667,NHk7scrb_9I,Pakistan zindabad abb hum na Deepika sa karna ha Ranveer ko Khao Deepika ko la aya yaad tu ho ga 7-0,0
5668,NHk7scrb_9I,Single moive completely vanish south moive craze in 2025-2026,3
5669,NHk7scrb_9I,Anirudh's aura end here😂,4
5670,NHk7scrb_9I,2:02 The background scoreArre baapre baap,1
5671,NHk7scrb_9I,0:40 Peak cinema,0
5672,NHk7scrb_9I,Weapon of Mass Destruction:Nuclear Missile ❌Hydrogen Bomb ❌Jameel Jamali's Bandage ✅🗿🗿🗿😈,3
5674,NHk7scrb_9I,I just heard that this video is edited by 22 year old ojas Gautam and just look at that trailer how amazing everything is!! Damnnn real talent,2
5675,NHk7scrb_9I,Bhaio movie itne baar dhek le h but is movie me itne scene h sare yaad nhi ho rhe h,3
5676,NHk7scrb_9I,Pakistan ka mutakbil sirf Allah tay karay gay inshallah! Ap indain sirf upni imagenery zehan main movies main he upna ! Qaad ! Ucha kar saktay hain ! Pori dunya maij mazaq khud bunya tramp bhai k agay pechay ghoom ghoom ky!,0
5677,NHk7scrb_9I,Think! Human mind volince dakha quin pashad karta ha!,0
5678,NHk7scrb_9I,"If this trailer was launched on t-series YouTube account, mr beast was cooked.☠️",2
5679,NHk7scrb_9I,The movie is based on true story only unreal/fictional character is Dhurandar 😂Fake Indians introducing fake Indian character in Pakistan’s real story. Google it if youself if you think I am making it up.,0
5680,NHk7scrb_9I,Movies are reflections of society.,0
5681,NHk7scrb_9I,Whats the music/song at 00:16???,0
5682,NHk7scrb_9I,Ek no ka trailer hai yaar or movie bhi ❤,0
5683,NHk7scrb_9I,❤️❤️❤️Goosebumps,1
5684,NHk7scrb_9I,Courage = Fuel = Revenge,1
5685,NHk7scrb_9I,Kitni baar dekho maan nhin bharta!! 🤌🏻,1
5686,NHk7scrb_9I,Watched the movie a few days ago. Now watching the trailer for the first time. 😂 I didn't want to spoil the fun so I skipped the trailer. 😅,0
5687,NHk7scrb_9I,Vai reheman dekeit means Akhay khanna ka such mar gaya part 1 mea,0
5689,NHk7scrb_9I,Me.....Movie 3 times ❤Trailer more than 10 times 😂,4
5690,NHk7scrb_9I,Yah sirf Desh ki barbadi Hai trailer nahin😢,0
5692,NHk7scrb_9I,From the only movie watcher's perspective this is the best movie I've watched till now,2
5693,NHk7scrb_9I,Watching it for the 100th time 💥,0
5694,NHk7scrb_9I,Trailer 💀Movie 💀💀,1
5695,NHk7scrb_9I,Is there anyone who feel this BGM 2:52 goosebumps overloaded,0
5696,NHk7scrb_9I,Trailer Aisa banao ki log movie se jyada trailer ko dekhe🗿🗿,2
5697,NHk7scrb_9I,100x views done by me,0
5698,NHk7scrb_9I,12 baat trailer dekh chuka hoon lekin man nahi bharta!! 😢,0
5699,NHk7scrb_9I,1:16 Jahan dard hai wahan mard hai,2
5700,NHk7scrb_9I,3 baar movie dekhne ke baad phir se trailer dekhne aaya hu,1
5701,NHk7scrb_9I,1:17 jahn dard hai wahn mard hai,2
5702,NHk7scrb_9I,Jabse trailer release hua h tabse din me 2-3 baar dekh leta hu . 😅,1
5703,NHk7scrb_9I,"Dharandhar Movie Main Ek Baat Kadvi Par Sach Kahi Hain - Hindustan Ka Phela Dushman Hindustan Khud Hain 😞, Pakistan To Dusre Number Par Hain 🔥",1
5704,NHk7scrb_9I,Who is the editor of this trailer?,4
5705,NHk7scrb_9I,2 : 30 was dangerous,0
5706,NHk7scrb_9I,2:50 IQBAL!!!!,1
5707,NHk7scrb_9I,3:10 asli dhurandhar 😂,6
5708,NHk7scrb_9I,Let's make this trailer most watched video of youtube📈📈📈,1
5709,NHk7scrb_9I,Please release this version of the song without the reble rap part,0
5710,NHk7scrb_9I,Epic epic 🔥🔥🔥🔥🔥🔥🔥🔥🔥🔥🔥🔥🔥🔥🔥🔥🔥🔥🔥🔥🔥🔥🔥🔥🔥🔥🔥🔥🔥🔥🔥🔥🔥🔥🔥🔥🔥 Baap of Cinema.......Nothing can be created like this again...it's a huge gem 💎💎💎💎💎💎💎💎💎💎,2
5711,NHk7scrb_9I,Toxic Real Daddy Is Dhurandhar 2 The Revenge Bye Bye Daddy's Home,0
5712,NHk7scrb_9I,1st 23 seconds ufff ❤,0
5713,NHk7scrb_9I,1st line itself is enough to make you watch what happens next .,4
5715,NHk7scrb_9I,Awesome movie,0
5716,NHk7scrb_9I,50 se jyada nar dekh chuka hu ab tak ❤😂,0
5717,NHk7scrb_9I,Other countries Iran usa war INDIA :dhurandha,0
5718,NHk7scrb_9I,"First look... Teaser... Trailer 1, ... Trailer 2 *Dhurandhar*  ❤❤❤, aur kitna dekhun ... Baar baar... 🙌🏻🔥🔥🔥🙌🏻",1
5719,NHk7scrb_9I,Theater me movie dekh li hai fir bhi trailer dekhne aa jata hu…🥀,1
5720,NHk7scrb_9I,"Guys I just received 15 crore in my bank account from Aditya dhar .I was the sound analyst in that movie. I am so happy wooohhhh.... Finally , now I can go to new York City with my girlfriend woohhhh... . Thank you Aditya sir.",0
5722,NHk7scrb_9I,Bhai movie dekhne ke baad trailer dekhne ka alag hi maza h 😅Peak detailing by Aditya Dhar ❤,5
5723,NHk7scrb_9I,Greatest Indian movie of 21st century.,33
5724,NHk7scrb_9I,Top notch movie,3
5725,NHk7scrb_9I,2:51 Backround music is just 🔥 watching trailer for 10th time for this music.,2
5726,NHk7scrb_9I,"As a white dude who's never seen an Indian film, this looks......kind of f**king sweet!? Even that song kind of hand me bopping. Indian bros, is this worth checking out? White Aussie bro enquiring.",7
5727,NHk7scrb_9I,Bhi addiction hogye iske 😢,3
5728,NHk7scrb_9I,Baap of all bollywood movies 🔥😎💀 2:55 and destroyer of YRF anti-national spy universe😂,3
5729,NHk7scrb_9I,Bai roj dekhta hooo movie or roj teaser trailr jb bi mn khraab ho. Koi or actor movie dekhte hi jehr lgti hai. Pta ni onda kyaa hai yaar,2
5730,NHk7scrb_9I,Does anyone know the song playing while Hamza beating Rehman in the beginning?,0
5731,NHk7scrb_9I,Best line - 2:46 🇮🇳🫡,2
5732,NHk7scrb_9I,"0:15 Release these bgm or Rap, or i died",3
5733,NHk7scrb_9I,Who's after virat's story,1
5734,NHk7scrb_9I,I am from Muridke bro,1
5735,NHk7scrb_9I,Major Iqbal(*Dhurandhar*) ☠️☠️And in (*Dhurandhar The Revenge*) 🤡🤡🤡,3
5736,NHk7scrb_9I,2:56 That BGM needs to be released soon,0
5737,NHk7scrb_9I,"Sahi kaha tha Jasmine ne ""You are still not ready for this"" sala movie dekhne k bad to ye Trailer or jyada accha lgta h ❤",0
5738,NHk7scrb_9I,2:49 Just insert this music in my veins. So fuckin gooooood,1
5740,NHk7scrb_9I,Who all are here for the music 🎶🎶,1
5741,NHk7scrb_9I,Adithya Dhar. the men who broken the mental slavery of Indian cinema... Changed the direction!!! the end of Hindu criticism?,0
5742,NHk7scrb_9I,2:28-2:30 deleted scene,1
5743,NHk7scrb_9I,What a trailer Have been visiting this trailer from past 5 days on daily basis !!!!What a treat to eyes 🎉,5
5744,NHk7scrb_9I,Bollywood serving on pakistan content  😂😂 what a lost,1
5745,NHk7scrb_9I,Theatre experience 🗿☠💥📈,5
5746,NHk7scrb_9I,Sigh... Make part 3 of this movie but at least give it a happy ending for the hero. Part 3 doesn't have to follow india's past history.,4
5747,NHk7scrb_9I,Wo waqt qareeb hai jab Indians k pas sirf dhurandhar reh jay gi aur sab kuch khatam ho jayga. Din rat dhurandhar dekh dekh k apne armano pe ansoo bahayn ge 😂😂😂,0
5748,NHk7scrb_9I,"Watched it in Sydney, Australia. House full!! Loved it.",161
5749,NHk7scrb_9I,bhai ye kya bna diya we were actually not ready for this,25
5750,NHk7scrb_9I,Who is here When Virat Kohli and Anushka Sharma promoted this Movie in his story,6
5751,NHk7scrb_9I,what is the song at 0:14 in the video,2
5752,NHk7scrb_9I,hehehehehe...,2
5753,NHk7scrb_9I,3:17 Buttocks Are Really White😂Arey Jameel Mamu Yeh Kya Keh Diya... 😂,5
5754,NHk7scrb_9I,watch out ginger by wahkid,1
5755,NHk7scrb_9I,Who see this trailer when movie already release,7
5756,NHk7scrb_9I,Bharatiya Cinema ka Mustakbil ab.... DHURANDHAR TAY KAR CHUKA HAI...A BENCHMARK!!❤❤❤❤❤,3
5757,NHk7scrb_9I,Dhurandhar still alive always 💀❤,2
5758,NHk7scrb_9I,Any Iranians here?,3
5759,NHk7scrb_9I,Watched yesterday . Extremely great acting by all actors. Peak cinema.,2
5760,NHk7scrb_9I,Kon kon movie dekhne ke bad trailer dekh rha h❤,1
5761,NHk7scrb_9I,I don’t know how many times I have watched this and Dhurandhar 1’s trailer. Can’t get enough of,2
5762,NHk7scrb_9I,I am here after Virat kohli story about this great movie.,2
5763,NHk7scrb_9I,The Shudarshan Chakra of Lord Vishnu (Wrath of God)Now awaiting Shree Hanumaan in Dhurandhar 3 may be.. jyo Lanka ko Jalaakar Raakh Kar Dega,5
5764,NHk7scrb_9I,"Great movie... Thanks to the movie makers for showing reality.  Thanks to Modiji, our spy agencies, our military officers and all those who guard our country from outside threats. God bless u all.",3
5765,NHk7scrb_9I,"Loved the movie but movie ke end me jo bola ki ""Balidaan hi dharam hai aur desh ke liye balidan sabse bada dharam hai""   I don't agree with that.  I think Balidan kabhi dharam nahi ho sakta, aur Dharam ke liye balidaan se bada koi dharam nah.  bas yahi sach hai. Dharam se upar kuch nahi. Om Namah Shivaay 🙏🙏",2
5767,NHk7scrb_9I,Puri movie dekhne ke bad bhi trailer se goosebumps aa gaye what a movie🎉❤,3
5768,NHk7scrb_9I,Hate will beget more hate.All will suffer except the filmmakers and the sarkaars. ENJOY,1
5770,NHk7scrb_9I,2:02 Peak Moment,3
5771,NHk7scrb_9I,Uzair Baloch 😂😂😂,3
5772,NHk7scrb_9I,Aditya Dhar Peak Detailing 😂😂😂,5
5773,NHk7scrb_9I,0:16 Does anyone know this song?,3
5774,NHk7scrb_9I,"That arjun rampal scene was a Jumpstart, MAH GAWD WHAT A TRAILER.",1
5775,NHk7scrb_9I,You value this trailer after watching the movie more,6
5776,NHk7scrb_9I,This is the first movie in my life where I listened to all the songs and watched the trailer over and over again over the course of two or three days.😊😊 What a wonderful film!😢😢😢,6
5778,NHk7scrb_9I,After virat story,5
5779,NHk7scrb_9I,i have seen 3 times and wathces trailor every day.,1
5780,NHk7scrb_9I,Durandhar 3 will be ready soon for enemies of my country 😂,2
5781,NHk7scrb_9I,Movie k baad trailer dekhne aaya h na? 😂,10
5782,NHk7scrb_9I,2:50 = pure goosebumps 💀,4
5783,NHk7scrb_9I,Make history this movie 🎥 🎉🎉🎉🎉,1
5784,NHk7scrb_9I,Punjabi music rock in the world 🌎🎉🎉🎉,1
5785,NHk7scrb_9I,Trailer goosebumps⚓💯⚡,1
5786,NHk7scrb_9I,Movie se bdia trailer hai ❤,2
5787,NHk7scrb_9I,I’m officially addicted to this trailer🔥🫡,3
5788,NHk7scrb_9I,Superhit movie 🎉❤,2
5789,NHk7scrb_9I,Me to Theatre wale bhaiya = BOL MERI TICKET KITTHE H!!!4 bar dekh li 😂,3
5790,NHk7scrb_9I,I have no idea what ANYONE said. But this film looks SERIOUS! is there an English translation version or with subtitles?,0
5791,NHk7scrb_9I,Kon kon movie dekhne ke baad bhi dekhra h,2
5792,NHk7scrb_9I,"Pata nahi kab or kese is movie ko bhul paunga Its painful to know that we wont be watching something like this, so deeply rooted within our hearts for a very very long time",1
5793,NHk7scrb_9I,The Peak Starts at 1:49 🙏,2
5794,NHk7scrb_9I,Abhi bhi trending me hain 2nd 😮😮,1
5795,NHk7scrb_9I,"Abhishek, bas kar kitni baar dekhega trailer?",2
5797,NHk7scrb_9I,"This is one of such outstanding movie, I'll be reminiscing years to come. ✨",1
5798,NHk7scrb_9I,I can't believe I'm obsessed with this movie.... although i hate action and gore movies but this one is brilliant,1
5799,NHk7scrb_9I,0:05 Bharat Mata ki jai 💪,3
5800,NHk7scrb_9I,That background music 🤌 2:52,10
5801,NHk7scrb_9I,Jitni bar trailer dekhta hu lagta he ek bar or movie dekh aau,2
5802,NHk7scrb_9I,2:53 bgm is on peak 🎉,1
5803,NHk7scrb_9I,6 baar movie dekhne ke baad bhi trailer dekhne aa gy,1
5804,NHk7scrb_9I,The roar and BG music mix at 2:50 gives you a different level of goosebumps. 🔥,1
5805,NHk7scrb_9I,After watching movie 3 times came here to watch the trailer again ❤❤❤❤😂,1
5806,NHk7scrb_9I,38. Come Soon Flight,1
5807,NHk7scrb_9I,Foilm Day Call email,1
5808,NHk7scrb_9I,The entirely yrf🤡🤡🤡,4
5809,NHk7scrb_9I,Faduuu movie,1
5810,NHk7scrb_9I,Indian cinema ka mustaqbil ab Aditya Dhar tay karega👍👍💪💪💪,1
5811,NHk7scrb_9I,The film already released but still addicted to the trailer 😂❤,5
5812,NHk7scrb_9I,Goosebumps at 2:51,1
5813,NHk7scrb_9I,Don't think Indians like Pakistan. And using this one concept for movie's success. Bring something positive please.,2
5814,NHk7scrb_9I,Wahi nautanki wahi bakwas batein boring hai bas aur kuch nahi.,2
5815,NHk7scrb_9I,Kya movie he yar masterclasses,2
5816,NHk7scrb_9I,8 apri waale Attandance lagao😅,3
5817,NHk7scrb_9I,WHY INDIAN FILIM DIRECTORS TAKING SERIOUSLY OF THIS MINNOW COUNTRY BIKHARISTAN 🇵🇰😂,2
5818,NHk7scrb_9I,Kitni baar dekhega bhaii😂,3
5819,NHk7scrb_9I,0:15 what is this song?,1
5820,NHk7scrb_9I,This movie is insane💪🏻🔥,2
5821,NHk7scrb_9I,Dhurandhar = blockbuster vibes only 🔥🎬❤️,3
5822,NHk7scrb_9I,"Sholay to copy thi ,lekin Dhurandhar is real",1
5823,NHk7scrb_9I,Maine Dhurandhar 2 Char bar dekh liya paanchvi bar dekhne Jaunga❤,5
5824,NHk7scrb_9I,@2:23 THE ABSOLUTE PEAK BEGINS HEREEE,1
5825,NHk7scrb_9I,Dhurandhar 2🔥🔥🔥🔥🔥🔥🔥🔥🔥🔥🔥🔥🔥🔥🔥🔥,2
5826,NHk7scrb_9I,Is there a third part,1
5827,NHk7scrb_9I,Who is here to watch it's english ai dubbed 😂,1
5828,NHk7scrb_9I,3 baar movie dekhne ke baad bhi trailer dekh leta hun 😅❤,2
5829,NHk7scrb_9I,What a deshbhakt director....dared showing truth instead of appeasement policy,2
5830,NHk7scrb_9I,Desh raksha movie ni BJP surakha dhurandhar,1
5831,NHk7scrb_9I,Dukh is baat ka hi ki aage ka koi part nhi hi 😢,1
5832,NHk7scrb_9I,How many of you went to watch this movie again after watching this trailer ?,0
5833,NHk7scrb_9I,Uper wale comment pe 60k likes hai 🗿,0
5834,NHk7scrb_9I,Without the name Pakistan 80% Bollywood film would wipe out 😅,0
5835,NHk7scrb_9I,"It's so good...kya movie hai yaar...shuru se lekar end Tak ...jitna taarif kiya jaye kam hai...pata nahi kaise log hain jinko ye movie pasand nahi aayi. Kya nahi hai isme ? Story se lekar twist, superhit gaane se lekar star cast, superb trailer editing, dialogue, action drama acting .it's a masterpiece.aasan nahi hai audience ko 4 ghante tak apne seat se baandhe rakhna. Ek second me liye bhi concentration idhar se udhar nahi hua. Mind-blowing. Ye movie koi bhi award deserve nahi karti. Award iss movie ko deserve karta hai...award ki khusnasibi hogi agar ye movie use mili toh❤",2
5836,NHk7scrb_9I,Virat kohli ke liye kon movie dekh ne ja raha hai 😅,3
5837,NHk7scrb_9I,The movie is best ❤❤,1
5838,NHk7scrb_9I,Chodhary aslam ka dailog AI eng dub me dekho 😂,0
5839,NHk7scrb_9I,Who is here after virat kohli story 📈💀,2
5840,NHk7scrb_9I,I didn't know it the trailer was edited by director's brother in-law who is only 22 years old.. man he did an excellent job.,2
5841,NHk7scrb_9I,"I just watched this movie for the 2nd time in Canada (and will go a third time this weekend). Bhai, maja hi aagaya. Second time is even more enjoyable. It should not be thought of as a sequel, rather a continuation of the same movie after a long interval. Aditya has intentionally shifted tone to be a climax/revenge film. Phenomenal. Everything about the second part, including songs, is a slow poison... seeps in deep. Jai Hind.",2
5842,NHk7scrb_9I,Anyone today🤩,2
5843,NHk7scrb_9I,I literally watch this everyday before workout for motivation 💪,0
5844,NHk7scrb_9I,virat kohli 👑,2
5845,NHk7scrb_9I,Hindu bahut hi darpo......... BOOM BOOM BOOM❤,2
5846,NHk7scrb_9I,Kisna abtak nahi dekhe movie 🍿,1
5847,NHk7scrb_9I,0:60 hindus will easily understand the imagery,1
5848,NHk7scrb_9I,Aditya dhar-Dhundhar 🔥🔥🔥🔥💯💯❤❤,2
5849,NHk7scrb_9I,Background music dammmm❤😊,2
5850,NHk7scrb_9I,Dhurandhar the revenge dekh ki fir bhi trailer dekh raha hu😂❤,4
5851,NHk7scrb_9I,The Spy Movie 🎥 as it should be ❤,2
5852,NHk7scrb_9I,2:51 feel sad they cut this scene in movie,1
5853,NHk7scrb_9I,Best movie till 2026 .,2
5854,NHk7scrb_9I,Watching for 1000th time 😅🥳,4
5855,NHk7scrb_9I,Real durandhar is Narendra Modi,3
5856,NHk7scrb_9I,Does anyone know where to find the the bgm at the start of the trailer ( the one that plays while Hamza gives Rehman the beatdown) ?,0
5857,NHk7scrb_9I,Aise hi film aur chahie Aditya Dhar ji kya film banae Hain aapane pura fire pura Aag Ranveer Singh to pura top notch ❤❤❤,2
5858,NHk7scrb_9I,I still not believe it's Indian movie awesome aditya dhar hats off you❤,3
5859,NHk7scrb_9I,What movie.. 😮what a sequel..😮. Resurrection of Bollywood in full might ❤,1
5861,NHk7scrb_9I,Cheers 🥂💖 To Dhurandhar 👑👊😎⛓️⚔️,3
5862,NHk7scrb_9I,It's 124 th time I'm watching this trailer 😅,3
5863,NHk7scrb_9I,Who is here after virat kohli story ?❤😅,5
5864,NHk7scrb_9I,Good movie 👍❤❤❤❤❤,1
5865,NHk7scrb_9I,Virat Kohli,6
5866,NHk7scrb_9I,Thank you aditya dhar Sir.,1
5867,NHk7scrb_9I,Peak acting by Ranvir Singh 🫡,2
5868,NHk7scrb_9I,"Peak acting by Ranvir Singh 🫡 his acting make Sanjay dutt, R.Madhavan and Arjun Rampal ’s acting shadowless 🙌🤌",0
5869,NHk7scrb_9I,"Courage, fuel,  revenge 💪💪💪💪",1
5870,NHk7scrb_9I,Bhai koi aise ffilm nahi bana payega yeh film nahi Ghatha hai awesome,1
5871,NHk7scrb_9I,❤❤ loved the movie i went with my bf amazing movie,0
5872,NHk7scrb_9I,"Revenge is a dish best served cold...An epic blood-soaked and brutal saga of espionage,betrayal,violence and vengeance...DHU-RAN-DHAR!! ☠️💀🗡🔥🤘🏻👍🏻👍🏻",0
5873,NHk7scrb_9I,Very interesting propaganda😂,1
5874,NHk7scrb_9I,Bakwas movie 👎👎👎👎👎👎👎👎👎👎👎👎👎👎👎👎👎👎👎👎👎👎👎👎👎👎👎👎👎👎👎👎👎👎👎👎👎👎👎👎👎👎👎👎👎,1
5875,NHk7scrb_9I,Bhai mai to movie dekhne ke baad bhi trailer dekh raha hu 😅Matlab samajh rahe ho movie ki awasome hai,4
5876,NHk7scrb_9I,Chlo Bhai...Abb Ranveer Singh bhi BAN PAKISTAN jane se😅,1
5877,NHk7scrb_9I,Jadatar log movie dekhne ke baad trailer dekhne aye h,0
5878,NHk7scrb_9I,Ye movie theater mai dekhne ka ghamand zindgibhar rahega 🗿🗿🔥🔥,1
5879,NHk7scrb_9I,Virat Kohli,11
5880,NHk7scrb_9I,"1:50 forgive me for being so stupid , but is that part of song from Ari Ari or another song ???",0
5881,NHk7scrb_9I,A Bollywood Film,2
5882,NHk7scrb_9I,Need the ost of both moviesRelease it please @jioStudios & @B62studios,3
5883,NHk7scrb_9I,Virat Kohli ne bhi dekhli ab dekhni padegi ❤😊,5
5884,NHk7scrb_9I,Who is watching this after watching the movie,3
5885,NHk7scrb_9I,"Just watched the movie and as a person who witnessed lived through the era of blasts, mourned the countless lives lost and felt helpless during Pulwama/Pahalgam attacks, this movie felt hits off as a personal revenge story. Jai Hind!!!",152
5886,NHk7scrb_9I,Amazing movie. An interval has never made me wonder so much.  Best cliffhanger. loml.,1
5887,NHk7scrb_9I,No Muslims are commenting 🤣. Dhurandhar roasts them.,5
5888,NHk7scrb_9I,Miss Rahaman daikat😢,0
5889,NHk7scrb_9I,"Modi hai to mumkin hai ♥️Jai hind 🇮🇳 , bjp ♥️",1
5890,NHk7scrb_9I,The jump cuts are soo cleannnn mann...,1
5891,NHk7scrb_9I,Abe ruk ja abb 😂,0
5893,NHk7scrb_9I,M to kohli ki story dekh kar 2bara trailer dekhne aaya hu ab ek baar or movie dekhne jaonga bhai ne dekhne ka to dekhne ka,1
5894,NHk7scrb_9I,First 18+ Movie which doesn't have any Sexual or Adult scene 😢😢😢,170
5895,NHk7scrb_9I,"Hamza is not only the example of  true patriotic person but also the  perfect example of real ""one man army"" ❤❤❤❤",0
5896,NHk7scrb_9I,"Admit it bro, you don't even know  how many times you came here to watch this trailer",1
5897,NHk7scrb_9I,This is one the best movie I was watching can’t wait to watch part 2,0
5898,NHk7scrb_9I,Kon kon Virat sir ke post dekh ke aaye,8
5899,NHk7scrb_9I,"After watching the movie 2 times, I still get goosebumps just watching the trailer.",0
5900,NHk7scrb_9I,Bro announced his franchise and released all two movies of his franchies and took home 3000 crore with the budget of 400 to 500 cr in 5 months,1
5901,NHk7scrb_9I,Movie me he Jeet sakte ho Pakistan se😂😂😂,0
5903,NHk7scrb_9I,Kohli ka status ke vajase a prophegenda movie dekhna padega.,0
5904,NHk7scrb_9I,Hoshla 💪🏼Indhan 💀Badla 🪖 This movie is an absolute cinema🪖💪🏼💀🦁,2
5905,NHk7scrb_9I,"Every time I watch this damm trailer, I want to go watch the movie. Everytime I watch the movie I want to watch this trailer. This is propaganda to make me watch this movie again and again.",3
5906,NHk7scrb_9I,Sabi se nivedan hai ek ek baar aur movie dekhne jao theatre 🙏,1
5907,NHk7scrb_9I,Bahubali ke baad best sequel of Indian cinema 📽️Dhurandhar 💥🔥👑,1
5908,NHk7scrb_9I,Those expressions of Ranveer at 01:58 is enough to describe the level of this movie 😍🔥,2
5910,NHk7scrb_9I,Aditya Dhar has just roasted Pakistan severely with Dhurandhar 1&2.,3
5912,NHk7scrb_9I,People throws STONES at you...Turn them to MILESTONES...🎉🎉❤❤,0
5913,NHk7scrb_9I,Film❌Propaganda film✅,0
5914,NHk7scrb_9I,Virat kohli story 🎉🎉🎉🎉,3
5915,NHk7scrb_9I,Who's after king's story???,2
5916,NHk7scrb_9I,Who are here after Virat's Story🤪 ab toh ek baar aur dekhna padegaaa,2
5917,NHk7scrb_9I,Hindustan ❤,0
5918,NHk7scrb_9I,Love from Bangladeshi Hindu❤🇧🇩❤️,2
5919,NHk7scrb_9I,Absolute Goated 🐐!,0
5920,NHk7scrb_9I,"Future of Pakistan will be decided by Pakistan,,,what a wishful thought",0
5921,NHk7scrb_9I,2:28-2:30 These shot is reduced by CBFC. I confirm overseas has these.,0
5922,NHk7scrb_9I,After watching the movie now the trailer looks more intense.,1
5923,NHk7scrb_9I,2:13 you are not ready for this and you still ready for this 💖 heads of salute 😁,0
5924,NHk7scrb_9I,After bhooth bangla trailer 👇,1
5925,NHk7scrb_9I,2:02. Bahut bhadiya r madhavan sir goated it is top notch honsla endhan badla in english courage fuel revenge 😮😮,0
5927,NHk7scrb_9I,Don't know why butDhurandhar's success feels personal ❤Ranveer Singh's comeback feels personal ❤,2
5928,NHk7scrb_9I,Kon kon movie dekhne ke baad aya hai 😅😂😂,0
5929,NHk7scrb_9I,Who after watched dhurandhar 2😂,0
5930,NHk7scrb_9I,"Hello, Aditya Sir Please Make Film On Kashmiri Hindu King ""Lalitaditya Muktapida""",2
5931,NHk7scrb_9I,Dhuran dhar,0
5932,NHk7scrb_9I,After 1600 ₹ crore ❤,1
5933,NHk7scrb_9I,@adityadhar Would love to see a prequel to Dhurandhar with Jameel Jamali as the lead star in that movie!!! Rakesh Bedi sir took the cake!! 🫡,1
5934,NHk7scrb_9I,"YRF ka utara bhukaar, jab ho DHURANDHAR baar baar.",1
5936,NHk7scrb_9I,Pakistan ZIndabad,1
5937,NHk7scrb_9I,ISI tumhara intzar ma ha,0
5938,NHk7scrb_9I,2000cr sooon … currently on 1600cr… watched movie thrice.. and came back to watch the trailer again…. It feels different,1
5939,NHk7scrb_9I,Propaganda moves 🤡,0
5940,NHk7scrb_9I,Movie dekhne ke baad bhi trailer dekh raha hu,1
5941,NHk7scrb_9I,Movie dekhne ke baad bhi trailer dekh raha hu,1
5942,NHk7scrb_9I,Vai ye gangstar wala movie sab itna pachand keu karta hain,0
5943,NHk7scrb_9I,It felt damnnn satisfying from 0:14 to 0:22,2
5944,NHk7scrb_9I,I watched today and gonna watch again,0
5945,NHk7scrb_9I,Dhurandhar 2 🔥🔥🔥🔥🔥🔥🔥🔥🔥🔥🔥🔥🔥🔥🔥,0
5948,NHk7scrb_9I,Yakeen ni hota ki ...ojas ne saari editing kari he...,2
5950,NHk7scrb_9I,First part watched on Netflix.  But second part has to be in theatre..  literally.  Theatre experience is beyond the words. . what a movie..  how can Aditya Dhar bring such a brilliant movie ...,3
5951,NHk7scrb_9I,Dhurandhar All Time ☠️😱💪Puspa😂Pathan 😂Jawan 😂KGF 😂 All Kinds Movie 🤡😅 Hai,2
5952,NHk7scrb_9I,Pakistan ka mustaqbil ab hindustan ty kary ga hahaha😂😂😂Wake to reality 😅,1
5954,NHk7scrb_9I,Chapter 6 bgm 🫡☠️,0
5955,NHk7scrb_9I,0:14 satisfaction level☠️⚔️🚩,2
5956,NHk7scrb_9I,"Movie dekhne ke baad firse trailer dekhne aaya, abb jyada maza aya 🔥🔥🔥🔥",3
5957,NHk7scrb_9I,finally and by far the best indian movie ive ever seen in this new era .,0
5958,NHk7scrb_9I,"Hamare jawano ka sir katkar pakistan le gye, aur German shepherd bol rha hai film propaganda hai 😮",1
5960,NHk7scrb_9I,CHUCHUNDHAR HOYA PURANDHAR HAM DEKHENGE DHURANDHARRANBIR HO YA KABIR SABKA BAAP RANVEER😂😂😂😂,0
5961,NHk7scrb_9I,End movie ❤,0
5962,NHk7scrb_9I,0:06 Isi samay Zahoor Mistry ka death warrant sign hua tha,1
5963,NHk7scrb_9I,The music and action of dhurandhar is a benchmark in Bollywood .,0
5966,NHk7scrb_9I,Movie dekh k aa gaya par trailer se mann nahi bhar raha😂,1
5967,NHk7scrb_9I,Theater Experience 💀⚜️,1
5968,NHk7scrb_9I,Jingoistic good for nothing piece of movie 🤢🤢🤢🤢,1
5969,NHk7scrb_9I,Oscar typeTrailer cut,0
5970,NHk7scrb_9I,Last time I sat down for the movie and came out lengthy draggy,0
5971,NHk7scrb_9I,Pakistan ki fad ke rakh diiiiiii❤😂,1
5974,NHk7scrb_9I,Ye toh RAVI GUPTA ka copy hai😂,0
5975,NHk7scrb_9I,3:20 Bro !! 😂😂😂,0
5976,NHk7scrb_9I,"Watched it 4 times now. Seriously it’s been more than 2 weeks now and can’t get over it. I don’t know which movie hit me like this before. This is one of the masterpiece Aditya Dhar and team has produced. Just thinking, will I get another chance to watch a film something like this. Just hats off to the direction, music, artists and each and every one who has made worth to watch this film again and again and still can’t get over.",2
5977,NHk7scrb_9I,"Love, peace, and understanding are not signs of weakness; they are the foundations of lasting progress. Instead of amplifying narratives, we should choose dialogue and humanity over hostility.",0
5978,NHk7scrb_9I,Great job by Aditya Dhar!,1
5979,NHk7scrb_9I,3:11 no one thought that’s this man turned out real Dhurandhar,2
5980,NHk7scrb_9I,Relished date,0
5981,NHk7scrb_9I,This are movies but pakistan kick ass of india ghazwa hind,0
5982,NHk7scrb_9I,Movie is too over the top.,0
5983,NHk7scrb_9I,That aaqaaaaaaaaaaaaaaah made me goosebumps 🔥🔥🔥,0
5984,NHk7scrb_9I,I honestly didn't think they could do better than the first film. This is a hit but in a double double entendre type of way.,0
5985,NHk7scrb_9I,Real dhurandhar is aditya dhar. Salute bro 🙏🚩,0
5986,NHk7scrb_9I,Best of all time in Indian cinema. Salute bro..,0
5987,NHk7scrb_9I,I finally watched the movie today I tell you every second of it was Worth it!!  Respect for Aditya Dhar,2
5988,NHk7scrb_9I,Nice sapot kare,0
5989,NHk7scrb_9I,Me watching trailer after watching the movie in theaters 😅 .... its a crazy movie,1
5990,NHk7scrb_9I,The greatest Hindi Film of All Time 🎉🎉,1
5991,NHk7scrb_9I,Part 1 and 2 what a ride it has been Absolute thrill,0
5992,NHk7scrb_9I,"Finally, aditya dhar understood the South's film paradox- Hero's long hair and beard- English songs- Voilent scenes",2
5994,NHk7scrb_9I,Part 3 should come Aditya Dhar sir please❤❤,1
5995,NHk7scrb_9I,Hosla Endhan Badla,0
5997,NHk7scrb_9I,2.13 the last honsla eendhan badla and beast mode on scene just gives pure chills even after watching the movie❤️‍🔥🤩🥶,2
5998,NHk7scrb_9I,Honsla Eendhan Badla😮😮,2
5999,NHk7scrb_9I,"Dhamal movie ke baad theater mein DHURANDHAR -2 dekhi Jabardast , Maza agya❤💥🔥🔥",0
6000,NHk7scrb_9I,What’s is the song used from 0:15 ?? Anyone ?,1
6002,NHk7scrb_9I,Who is here after 1500+cr cross 😅,1
6003,NHk7scrb_9I,Dhurandhar succeeded because there's no Anil Kapoor in it😅,1
6004,NHk7scrb_9I,0:14 can someone help me to find this song name I'm searching it since release date😭,1
6006,5XVoRGhrhZk,Puri joshi family main dar ka mahol,0
6007,5XVoRGhrhZk,6:38 Mai na apko gaon Bhj Dunga😅,0
6008,5XVoRGhrhZk,Mechanical guruji was the best😂😂😂😂😂😂😂,0
6010,5XVoRGhrhZk,Kaha leke Jaa rhe ho mujhe din mein hi was most dark 🌑😂,0
6011,5XVoRGhrhZk,Family vlogers apne life ke hr chez dekathy aur sunty hi but kuch specific moments ko chor k oska  moqa mile na oo bhy share krdengy  .... 😂,0
6013,5XVoRGhrhZk,Abani mere😂😂😂😂😂😂😂,0
6016,5XVoRGhrhZk,Last 10 seconds 😂😂,0
6017,5XVoRGhrhZk,*_BLA BLA BLA BLA BLA BLA BLA BLA bla_*,0
6018,5XVoRGhrhZk,_Legend watch in 28 April_,0
6019,5XVoRGhrhZk,*Salee flying beast ke Piche bmw tha Jo legend hai yo hi notice Kiya the*,0
6020,5XVoRGhrhZk,Kin kin kee mimicry kee hai,0
6022,5XVoRGhrhZk,10:24 10:24 10:25 jejdjd,1
6023,5XVoRGhrhZk,0:55 BMW spotted,1
6026,5XVoRGhrhZk,Iss zindagi k liye 😂😂😂,1
6030,5XVoRGhrhZk,😢 triggered insaan ne comment Kiya kyon kyon aukat Nahin hai,0
6031,5XVoRGhrhZk,Bhi mechanical guruji 😂😂😂❤❤ ki video mast lga mujhe,0
6032,5XVoRGhrhZk,Piyush❌ Kunali ✅,2
6034,5XVoRGhrhZk,9:47 which youtuber,0
6037,5XVoRGhrhZk,2026 me kon kon dekh rha hai 😂😂,0
6038,5XVoRGhrhZk,Legend watching at 23 april😂,0
6040,5XVoRGhrhZk,4:17 to 4:20 😂😂,1
6041,5XVoRGhrhZk,11:31 😂😂 goli chalau to samne Wala khusi se mar jaye .,0
6042,5XVoRGhrhZk,0:28 wo aaj tak retire nahi hua,0
6044,5XVoRGhrhZk,Arman malik?,0
6045,5XVoRGhrhZk,Flying beast?,0
6047,5XVoRGhrhZk,lets make this video also 100million,0
6049,5XVoRGhrhZk,2026 man kon kon dhak raha ha,2
6051,5XVoRGhrhZk,10:44 was epic 😂😂😂😂😂😂,0
6053,5XVoRGhrhZk,Why sorav joshi is looking like carryminati in this video.,0
6054,5XVoRGhrhZk,chachi ji ma apko gaon bhej dunga nice level parody,0
6055,5XVoRGhrhZk,Piyush ko dhakka deke niche gira diya Aur bol raha piyush school chala gaya 😂😂,1
6058,5XVoRGhrhZk,*The netu*!!!!!!😂,0
6059,5XVoRGhrhZk,I am legend 16 april😂😂😂😂😂😂please like❤❤❤😂😂😂😂😂,1
6060,5XVoRGhrhZk,Paani ki bottle 🤣🤣,0
6061,5XVoRGhrhZk,I live in noida!,0
6062,5XVoRGhrhZk,see rthe vedeoi at o.56 there a bmw,0
6063,5XVoRGhrhZk,Kon kon 2026 me dekh raha hai,0
6064,5XVoRGhrhZk,Anyone 2026😂,1
6066,5XVoRGhrhZk,5:59 Carry was looking Exactly like Sourav Joshi,2
6067,5XVoRGhrhZk,"this is the best, is se best koi bhi parody nhi ho skta guysss 😂😭😮",2
6068,5XVoRGhrhZk,After 10 minutes 😂😂,1
6069,5XVoRGhrhZk,Kya piyush sach me fail hua thha ??,1
6070,5XVoRGhrhZk,Le chachi din me hi 😂,0
6071,5XVoRGhrhZk,1:13 who is this one ?,1
6072,5XVoRGhrhZk,100 million views 🎉❤let’s make it 🎉❤,1
6073,5XVoRGhrhZk,Legend watching 2027 ❤❤❤❤,0
6076,5XVoRGhrhZk,4:40 Iss Jindegi ke liye😂😂😂,0
6077,5XVoRGhrhZk,I am watching in 10 april,0
6078,5XVoRGhrhZk,Anyone on 10th april,0
6079,5XVoRGhrhZk,Sourav Joshi vlogs roasting leval on top 😅😅😅😅,1
6080,5XVoRGhrhZk,The fact is when you actually realize that these daily vloggers actually do nothing and minting money out of nothing 😂😂😂,0
6081,5XVoRGhrhZk,Legend watching 9 April,0
6082,5XVoRGhrhZk,Legend watching 9 April 2026 😂😂😂,1
6083,5XVoRGhrhZk,7:42 Piyush Piyush kya laga rakha ha speech😂😂,0
6084,5XVoRGhrhZk,ambani mere lood pe,0
6085,5XVoRGhrhZk,Who is watching this video 9 Apr😂,1
6087,5XVoRGhrhZk,kya yaar piyush ne kya  bol diya,0
6088,5XVoRGhrhZk,yeh piyush toh farebi hai,2
6089,5XVoRGhrhZk,carry is legend ✋🫦🤚,0
6090,5XVoRGhrhZk,Saurav Joshi roast 😂😂,0
6092,5XVoRGhrhZk,Legend watching 8 april😂,0
6093,5XVoRGhrhZk,Saurabh joshi ko bhi 😂😂😂😂aayi hogi,0
6094,5XVoRGhrhZk,Best part5:10 chachi ji soch rhi aaj din me hi😂😂My fav. 10:21 guruji on fire😂😂😂Dobara dekhne ka maza alag hai😅,0
6095,5XVoRGhrhZk,Jitni baar dekho nayi hi lagti hai har video carry bhai aapki😅😅😅,2
6096,5XVoRGhrhZk,0:32  yeh Kon h bhai  (yeh avtar kiska h konsa Vloger h koi btayega bencho 2 year phle dekhi thi video ab yrr bholl gya and baki jiski parody ki h baki m sab ko janta hu yeh yeh is seen m kya bna hua bai  koi btayega  (Rajat bhai h kya syd isliye carrymintai ne Unke ghr jake mafi Mtlb sorry bol deti jakr us time bai carry k 42m c ab 45 m h God bless u bhai bhai jiski bhi parody krte ho phle carry bhai unse puchliya kro premiison jruri h kyi bar glt fas jate h jese Rajat se bin puche roast kiya tha na apko pta hi aw Apne reaction kiya uske Bad apko action mila ❤🙏❤ sidhi bat Khta hu elvishyadav k related job bhi h bus unke khilaf mat kiya kro har bns hmm troll ya fr action kr dete h jldi chaye Follow500 m ho but nhi sab Apne bhai h MIL Jul k kM kro but permission lo OK bro     #elvisharmy❤  elvisharmy attadnce here love you bhai Bhut achA kar rhr oh app youTuber hi ho or or bhi youTuber h Apne khud k Dushmn mat bno socho I YouTube level ko Bollywood se upar leke Jana h hme youTuber hokr youTuber Nal hi glt Krte ho ap yeh sale bolloyeood biggboss wale YouTuber  se Bhut chid Te h yeh hme late h only trp k liye jitate nhi sale kutee awishk malhan (Fukra insan) is session m elvish nhi ata Ta to pooja bhaat  elvish ko bhi nhi winner bnate yeh But itna achA khela odi ta fan following Bhut rm cult h 15 min me 280million vote the puri fim city bhar se band krdi thi sari fim city 15 din bad ghhre mhi Nhi Darya gya gya oho hotel rhya 15 din 1lakh ta + itni public c useles❤elvishyadav piche  Bhut public c zindagi ch koi wild card winner nhi hoya kde record set ta krta koi todu ta dkhga   .ab to yrr proof hi krvata c oho Rajat k session m jita job usne khud elvish Garemhai podcast m btaya h k biggboss trofy dkh kr kh rhr the k pesse se kya nhi milta pade media Shi kha tha sbko or h hi yeh mera,3
6099,5XVoRGhrhZk,Legend watching 5 april😊😂,0
6100,5XVoRGhrhZk,Nahi 5 mein,0
6101,5XVoRGhrhZk,watching in video 05/04/2026  Sunday  02:46:37 PM 😂😂😂😂,1
6102,5XVoRGhrhZk,6:37 maina aapko gao bhej dunga.😂😂😂,0
6103,5XVoRGhrhZk,Din main hi 😂😂 5.11was Epic,0
6104,5XVoRGhrhZk,Nice mimicry of soruv joshi,0
6105,5XVoRGhrhZk,Legend watching in April,0
6106,5XVoRGhrhZk,8:42 brooo hilarious 😂😂😂,1
6107,5XVoRGhrhZk,Legend watching on 4 april,0
6110,5XVoRGhrhZk,J e yuut hai,0
6111,5XVoRGhrhZk,legend watching 3 April 🤣🤣,0
6114,5XVoRGhrhZk,@CarryMinati,0
6115,5XVoRGhrhZk,@CarryMinati,0
6116,5XVoRGhrhZk,6:13 😂😂😂 pel denge,0
6117,5XVoRGhrhZk,Kon kon aaj dekh rha hai😅,4
6118,5XVoRGhrhZk,😢Koi 3 April ko dheka rha he kay,1
6119,5XVoRGhrhZk,Outstanding🎉,0
6121,5XVoRGhrhZk,ᴍᴜʜ ᴍ ᴋʜᴀɪɴɪ ɢᴜᴛᴋᴀ ᴅᴀʟᴀ ʜ ᴋyᴀ ᴄᴀʀʀy ʙʜɪ,0
6122,5XVoRGhrhZk,Anyone in April 3,1
6123,5XVoRGhrhZk,Legend on 2 april,3
6124,5XVoRGhrhZk,Koi 2 April m dekh raha kya 2026,4
6125,5XVoRGhrhZk,Who watch today April,1
6126,5XVoRGhrhZk,Legend Watching 2 Or 3 April😂,2
6127,5XVoRGhrhZk,Who watch today😅,7
6128,5XVoRGhrhZk,legend waching 2 april,4
6129,5XVoRGhrhZk,Legend watch April 😂,1
6130,5XVoRGhrhZk,April 2nd attendance,2
6131,5XVoRGhrhZk,Legends watching 10 April 2k26? 👇,1
6132,5XVoRGhrhZk,legends watching Now...,1
6134,5XVoRGhrhZk,Sahi kaha bhai,1
6135,5XVoRGhrhZk,Legend watching 1 April 😂😅,6
6136,5XVoRGhrhZk,Anyone on 1 april,12
6137,5XVoRGhrhZk,Legends watching on 01 April,3
6138,5XVoRGhrhZk,Legend watch' ing today,1
6141,5XVoRGhrhZk,Legend watching 1 April 😂,445
6142,5XVoRGhrhZk,2026 . 31 March Wale Like Karo,0
6143,5XVoRGhrhZk,31|03|2026 ko kon kon dekh raha hai 😅 aur aj mera result bhi aa raha hai dua karna achha ho 😅,1
6144,5XVoRGhrhZk,Anyone in 2026 ??,0
6145,5XVoRGhrhZk,10:04 funny😅😅😅,0
6146,5XVoRGhrhZk,2026 wale attence lagaw..😅,0
6147,5XVoRGhrhZk,Ye wala carry,1
6148,5XVoRGhrhZk,Legends are also watching on 30 March specially for Piyush vlog part 😂,1
6149,5XVoRGhrhZk,Bhai mera naam bhi gourav ha ma to vlog nahi banata😂😂😂,3
6150,5XVoRGhrhZk,Legends watching on 30 march,6
6151,5XVoRGhrhZk,Legends watching in 26 march 2026😂❤,0
6153,5XVoRGhrhZk,Legends watching  30march,0
6155,5XVoRGhrhZk,Who is first one,0
6156,5XVoRGhrhZk,Hakar watch 1 March 😂,1
6157,5XVoRGhrhZk,anyone in 2026 like the comment,0
6159,5XVoRGhrhZk,Legend watching in 1st April 😂,0
6160,5XVoRGhrhZk,Legends are Watching Today!,1
6161,5XVoRGhrhZk,Carry minati bhaiya tinder ko rost karo tinder,0
6162,5XVoRGhrhZk,6:10 wala mast tha😂😂😂,0
6163,5XVoRGhrhZk,Legend who watching in 29 March 2026❤😂😂,0
6164,5XVoRGhrhZk,5:11 din mehi........was epic 🌚🌚,7
6165,5XVoRGhrhZk,Mane sean is in 11:10😅😅,0
6169,5XVoRGhrhZk,Legends watching 29 march 😂,0
6171,5XVoRGhrhZk,I can't watch it on one go . It's too funny,1
6172,5XVoRGhrhZk,11:25  ambani mere L pe,1
6173,5XVoRGhrhZk,Bro ak Video IAS officers k uper bhi bnyo jo IAS officer fraud krta h ❤,1
6174,5XVoRGhrhZk,🤣🤣🤣mechanical guru ji 🤣🤣 bestt,0
6175,5XVoRGhrhZk,Legends watching in 28 march 14:32,1
6176,5XVoRGhrhZk,Kiya acting hai bhai 😂,1
6177,5XVoRGhrhZk,Legend on 28 march 😂,0
6178,5XVoRGhrhZk,Legends watching on 28 march😂,1
6179,5XVoRGhrhZk,Who is watching in 2026 🙄🙄🙄,0
6181,5XVoRGhrhZk,Sourabh Joshi ki kya acting Kari bhai maja a Gaya,0
6182,5XVoRGhrhZk,Legend in 28 march😅,1
6183,5XVoRGhrhZk,Kon Kon Legends Meri Tarhan March ka last par dekh rahe yeh 😂😂,2
6185,5XVoRGhrhZk,89MN views😂😂😂,1
6186,5XVoRGhrhZk,Ise Zindagi Ka liya 😂,1
6187,5XVoRGhrhZk,bro is fucking everyone🤣🤣🤣🤣😂😂,0
6188,5XVoRGhrhZk,Piyush ki sari frustration nikal gyi 😂,0
6189,5XVoRGhrhZk,Sourav 😅😅n piyush carry u have another level of roasting 😅😂❤,1
6190,5XVoRGhrhZk,26 march 26,2
6191,5XVoRGhrhZk,Who watch 2026 ?,4
6192,5XVoRGhrhZk,Legends watching 27 march 😂,368
6193,5XVoRGhrhZk,Only Legends can understand,1
6194,5XVoRGhrhZk,2026 me dekh rha hu 😂😂,1
6195,5XVoRGhrhZk,Legend watching in March,0
6198,5XVoRGhrhZk,Bmw spotted❤,0
6199,5XVoRGhrhZk,Legend coming after coffee with jalan  🗿,0
6201,5XVoRGhrhZk,Ambani mere 😅 pe,0
6202,5XVoRGhrhZk,25 march anyone is here ....,1
6203,5XVoRGhrhZk,20 march  2028 anybody,1
6205,5XVoRGhrhZk,No sourav joshi harmed in this video ❤😂😂😂😅,2
6206,5XVoRGhrhZk,25 MARCH 2027.....,36
6207,5XVoRGhrhZk,"vvDAILY VLOGGERS PARODY 😘 | CARRYMINATI

CarryMinati
45.4M subscribers


5.4M


Share

Ask

Download

89M views  2 years ago
Parivaar aisa banao ke content nikaal sako. 

Credits:  …
201,293 Comments
Serenity Soul
Add a comment...",0
6208,5XVoRGhrhZk,Who is the first one 🤔,0
6209,5XVoRGhrhZk,12:7 tha se climaxes h,0
6211,5XVoRGhrhZk,3:40 Madam ji acrylic paint Laga rahi hai,0
6212,5XVoRGhrhZk,Kon aaj dekh rha h 😅😅,1
6213,5XVoRGhrhZk,Only legend watching today 😅❤,1
6214,5XVoRGhrhZk,3:06 ye konsa vloger kon he koi batyega?,2
6215,5XVoRGhrhZk,Bhai galee naa dhii yaa karoo,1
6216,5XVoRGhrhZk,Watch today ❤,1
6217,5XVoRGhrhZk,5:11 din me 🤣💀🌚,1
6218,5XVoRGhrhZk,7:06 justice for piyush 😅😅,1
6219,5XVoRGhrhZk,3:54 Talak ka case toh thuk chuka hai carry predicted future 😂😂😂,0
6220,5XVoRGhrhZk,Abhi Kon dek rha he,0
6221,5XVoRGhrhZk,East or west carryminati is the west,1
6222,5XVoRGhrhZk,Who is watching in 2026😅,2
6223,5XVoRGhrhZk,Wakat Dheka Dea Vai 🤣😂,1
6225,5XVoRGhrhZk,Din me hi😂😂😂,0
6228,5XVoRGhrhZk,Legends watching today,1
6229,5XVoRGhrhZk,Kon kon aaj dekh rha h 😂,1
6230,5XVoRGhrhZk,Who is here in 2026,2
6231,5XVoRGhrhZk,Legends watching today 🙌,1
6232,5XVoRGhrhZk,Who is here in 2026 😂,3
6235,5XVoRGhrhZk,Can't believe 2 sala ho gye,1
6236,5XVoRGhrhZk,Starting 🤗 mid 💀 last 🌚 end ✊🏻,3
6238,5XVoRGhrhZk,Now in my feed 😂,3
6239,5XVoRGhrhZk,Legends watching in march 23 😅,18
6240,5XVoRGhrhZk,Kon kon  23 march ko dekh rahe hai,0
6241,5XVoRGhrhZk,Abbe yrr kya karu is bnde ka,0
6242,5XVoRGhrhZk,Reaaaaaaalllllllllllllllllllll,0
6244,5XVoRGhrhZk,Any legend 23 March 2026,2
6248,5XVoRGhrhZk,Very few people are watching this in even 2026 🥲,0
6249,5XVoRGhrhZk,Kaun-kaun yah video Do Bar dekh raha hai like karo❤😊😊😊😊😊😊,1
6251,5XVoRGhrhZk,Legend watching today,0
6252,5XVoRGhrhZk,Legends watch on 23 march 😂😂❤,0
6256,5XVoRGhrhZk,3:55 bhai future prediction kr dia,0
6257,5XVoRGhrhZk,Legends watching this video after 2 years 😂,1
6258,5XVoRGhrhZk,Subcribe kardo 😢😢,1
6260,5XVoRGhrhZk,Ultra legend watch today 💪,3
6261,5XVoRGhrhZk,Revisiting carry's videos to remind me he is still the goat 😭,1
6262,5XVoRGhrhZk,"Do you actually have the ability to do real comedy without mocking people or going below the belt? Why do you call yourself an “influencer”? What exactly are you influencing- other than negativity?I’m not even a fan of vloggers, but seriously, what are you doing? At least Gaurav Taneja has substance—an IITian, a pilot and an entrepreneur. What about you? Just mocking people—is that all you’ve got !!",0
6263,5XVoRGhrhZk,Legend watching today !!🥷🏻,0
6264,5XVoRGhrhZk,Who was 1st one? Flying beast?,0
6265,5XVoRGhrhZk,Legends watching on March 😂😅,1
6266,5XVoRGhrhZk,Ms dhoni ka kuchhh jyada ho rha h tara,0
6267,5XVoRGhrhZk,Legends watching today 😏,667
6270,5XVoRGhrhZk,2026 me Koon Koon dekh raha hai 😂😂😂😂😂,2
6271,5XVoRGhrhZk,Pta nyi log yeh joshi ko dekhte kyu h aur kon h wo log,0
6272,5XVoRGhrhZk,1st ine kon h?,0
6274,5XVoRGhrhZk,CARRY OLD VIDEO IS BETTER THEN NEW VIDEO 😢,0
6276,5XVoRGhrhZk,ULTRA PRO MAX Legends watching today,2
6277,5XVoRGhrhZk,4:43 is jindgi ke liya,1
6278,5XVoRGhrhZk,That din me was epic😂,0
6279,5XVoRGhrhZk,Aaj kon dekh raha hai😂😂,0
6280,5XVoRGhrhZk,Anybody Watching Today,0
6281,5XVoRGhrhZk,Din me hi 😂,2
6284,5XVoRGhrhZk,But why this  came in my feed after 2 years 😅,1
6285,5XVoRGhrhZk,Bhaii piyush character 🤣🤣,0
6287,5XVoRGhrhZk,Legend's watching today 💀💀,334
6288,5XVoRGhrhZk,Ma to joda apni,0
6289,5XVoRGhrhZk,Who can watch 2026😅😂😂😂,1
6291,5XVoRGhrhZk,Aj din may hi 😂😅,1
6292,5XVoRGhrhZk,Who is March 2026😅😅😅,0
6293,5XVoRGhrhZk,No hate...but  bro looks cute in sourav look😊,2
6294,5XVoRGhrhZk,Carry minati on top,1
6295,5XVoRGhrhZk,Chachi ji din me hi 😂,1
6296,5XVoRGhrhZk,Ye video meine kharid le hai dosto,1
6300,5XVoRGhrhZk,Ambni mere l pe,0
6301,5XVoRGhrhZk,bhai plzzzzzzzzzzz pakistani vlogers  ki bhi parody bana do,0
6302,5XVoRGhrhZk,Anyone in 2026😂,1
6304,5XVoRGhrhZk,Guruji ma chod di sabaki 😂😂😂,0
6305,5XVoRGhrhZk,"🇮🇳 A New App Idea for IndiaHello everyone, my name is Rohith.I have an idea for a mobile application that can help people in emergency situations and support society.This app will connect Indian Army support information, police, doctors, ambulance services, farmers support, donation help, and public reporting of injustice all in one platform.If someone faces a problem or emergency, they can press an SOS button and quickly get help from police, doctors, volunteers, and nearby support.The app will also have a transparent donation system where people can support those who are in need.This idea is created to help every Indian and make our society stronger.I humbly request the Government of India to review this idea and support the development of this application.If you believe this idea can help people, please share this post so it can reach the Government of India.Concept by Rohith  🇮🇳",0
6306,5XVoRGhrhZk,@sauravjosivlogs 😂,0
6308,5XVoRGhrhZk,"If ads were a person, I'd ghost them. Thankfully Blockify does it for me. 👻",0
6311,5XVoRGhrhZk,Nahin carry Sourabh ka 😅copy nahin kar sakte Tum,0
6312,5XVoRGhrhZk,2026 anyoneee?,0
6313,5XVoRGhrhZk,Who in 2026,0
6314,5XVoRGhrhZk,Who is the boy who act piyush,0
6319,5XVoRGhrhZk,Only legends can see the BMW,0
6320,5XVoRGhrhZk,Dhrup rathi ka roste karo bro,0
6321,5XVoRGhrhZk,0:31 That Crying 😂,0
6322,5XVoRGhrhZk,00:56 BMW h peeche,0
6329,5XVoRGhrhZk,Dun ma hi😂😂😂,1
6330,5XVoRGhrhZk,Boys only know 1 Korean and he is Gong yoo(salesman),0
6331,5XVoRGhrhZk,*5:10** din me he 😂🌚*,2
6333,5XVoRGhrhZk,Thank u guys for completing 23 subscribing to poor channel 😢,0
6335,5XVoRGhrhZk,5:10 din me hi 💀,1
6336,5XVoRGhrhZk,Carry be like 😅,0
6337,5XVoRGhrhZk,Peeyush😂😂😂😂😂,0
6338,5XVoRGhrhZk,7:40 😂😂 was epic,1
6339,5XVoRGhrhZk,Jb khudka kuch content na mile tab dusro ki copy krna pdta hai 😂,1
6340,5XVoRGhrhZk,11:25 is op😅😂,0
6342,5XVoRGhrhZk,Like for coffee with jalan part 2,1
6343,5XVoRGhrhZk,Last video prove that 😂😂,0
6345,5XVoRGhrhZk,Kiska Ghar hai bhai 😂ye,1
6346,5XVoRGhrhZk,5:11 chachi ji say --Din me 🌚💀,2
6347,5XVoRGhrhZk,Ye buzurg piyush kaha se le aaya😅,1
6350,5XVoRGhrhZk,5:11 din me💀,3
6351,5XVoRGhrhZk,Din me hi🌚💀💀💀,2
6352,5XVoRGhrhZk,https://youtu.be/oQqLH4qCMhI?si=X0IUMVE7qx6TkHX8,0
6354,5XVoRGhrhZk,Sourav joshi ne comment nahi kiya😂😂😂,0
6355,5XVoRGhrhZk,Big fan of carry sir 🔥❤❤❤🔥🔥🔥🔥💞💕💓💞💝🫀🌹,0
6356,5XVoRGhrhZk,0:56 legend focus on ......,2
6357,5XVoRGhrhZk,ROAST KAJAL PANDEYROAST KAJAL PANDEYROAST KAJAL PANDEYROAST KAJAL PANDEYROAST KAJAL PANDEYROAST KAJAL PANDEYROAST KAJAL PANDEYROAST KAJAL PANDEYROAST KAJAL PANDEYROAST KAJAL PANDEYROAST KAJAL PANDEYROAST KAJAL PANDEYROAST KAJAL PANDEYROAST KAJAL PANDEYROAST KAJAL PANDEYROAST KAJAL PANDEYROAST KAJAL PANDEY,0
6358,5XVoRGhrhZk,ROAST KAJAL PANDEYROAST KAJAL PANDEYROAST KAJAL PANDEYROAST KAJAL PANDEYROAST KAJAL PANDEYROAST KAJAL PANDEYROAST KAJAL PANDEYROAST KAJAL PANDEYROAST KAJAL PANDEYROAST KAJAL PANDEY,0
6359,5XVoRGhrhZk,3:54 Did not age well,0
6360,5XVoRGhrhZk,How many people are watching this on 19.2.26...😊,0
6361,5XVoRGhrhZk,10:29 to 12:25😂😂😂😂😂😂😂😅,0
6362,5XVoRGhrhZk,7:40 to 8:41😂😂,0
6363,5XVoRGhrhZk,Bas piyush (Arun) ka name janne aaya tha 😅,1
6364,5XVoRGhrhZk,11:30  😅😅 wo bhi soneka,0
6365,5XVoRGhrhZk,https://youtube.com/shorts/oqjy9bfoR8Y?si=BWLf-KjZLh-hSgIb,0
6366,5XVoRGhrhZk,Piyush badiya hai 😂😂,0
6367,5XVoRGhrhZk,Love you bhai 😂,0
6368,5XVoRGhrhZk,Sourav joshi 😂😂😂😂😂😂😂,0
6369,5XVoRGhrhZk,11:06 11:06 11:06 11:06 11:08 11:08 😂😂 machrod hahahahah,0
6370,5XVoRGhrhZk,Kon kon 2026 main dekh rha hai votte here 👇,2
6372,5XVoRGhrhZk,"9:10 sponsor wala Part cut kardia ??? Ya fir wo Wala dialogue - ""ki ab Aap Comment Karo Ki Baccha Biwi no 1 se hoga ya 2 se""",2
6373,5XVoRGhrhZk,Kon Kon ye 2026 mein dekh rha hy,0
6374,5XVoRGhrhZk,12:22 same to you 🎉,1
6375,5XVoRGhrhZk,https://youtube.com/shorts/TqWSq_0gkrs?si=tY9CMSDnYN8f70Ir,0
6377,5XVoRGhrhZk,Maza Aaya ❤❤❤🎉🎉🎉 😂😂😂😂😂😂😂😂😂😂,1
6378,5XVoRGhrhZk,Dinme 5:09 5:11,0
6379,5XVoRGhrhZk,0.33 par carry bhai ne khud ki hi video dekh li coffee with jalan 😊,0
6381,5XVoRGhrhZk,Don't troll carryminati,0
6384,5XVoRGhrhZk,Carry bhai hats off 😂😂😂,1
6385,5XVoRGhrhZk,Guruji wala part next level 😂,1
6386,5XVoRGhrhZk,5:11 is very sus Din me h 💀💀💀,26
6387,5XVoRGhrhZk,😂😂😂😂😂😂😂😂😂😂😂😂😂😂😂😂😂😂😂😂😂😂😂😂😂😂😂😂😂😂😂😂😂😂😂😂😂😂😂😂😂😂😂😂😂😂😂😂😂😂😂op,2
6388,5XVoRGhrhZk,Anyone 2026 😂,0
6389,5XVoRGhrhZk,Ambani mare loure pe😂😂😂😂😂,0
6391,5XVoRGhrhZk,Better than coffee with jalan 😂,0
6392,5XVoRGhrhZk,https://youtube.com/watch?v=WX7DBPcsiEs&lc=UgzP7hc-kQs8zHI5FV94AaABAg&si=6z6cFjbd5EFg0OGF,0
6394,5XVoRGhrhZk,10:36 ye bin plane ka pilot 😂😂,1
6395,5XVoRGhrhZk,Arman ko bhi pel diya 😂😂,1
6396,5XVoRGhrhZk,Ffthh F dfgdysgs na ɛyɛ adwuma,1
6397,5XVoRGhrhZk,Good mimicry 😂😂,0
6398,5XVoRGhrhZk,Ya wala Piyush kathar nak ha 😂❤,0
6399,5XVoRGhrhZk,"Start hi beast life se kiya bhai ne😂😂, uda di flight😂😂",0
6400,5XVoRGhrhZk,https://youtu.be/ZFoNBxpXen4?si=HcdNAf7Mqd_6_aUm,0
6401,5XVoRGhrhZk,1 more part,0
6402,5XVoRGhrhZk,carry's all video are so much epic,1
6403,5XVoRGhrhZk,Love you carry,1
6404,5XVoRGhrhZk,Ambani mery lody py 🤣,1
6405,5XVoRGhrhZk,9:44 epic part🎉😂,1
6406,5XVoRGhrhZk,I miss you old carryminati roasted style Bharat mein bahut blogger Hai fir se blogger roast karo bhaiya❤,1
6409,5XVoRGhrhZk,Chachi Ji was the perfect casting,1
6411,5XVoRGhrhZk,Who is watching on 11 feb 2026,0
6412,5XVoRGhrhZk,Amazing carry 😂,0
6413,5XVoRGhrhZk,Main na apko gaon bejdunga was too funny,0
6417,5XVoRGhrhZk,Legends watching this in February 😂,0
6418,5XVoRGhrhZk,Anybody in February ❤😂,0
6419,5XVoRGhrhZk,Sab ko roast kar Diya Gajab carry 😂,1
6420,5XVoRGhrhZk,Sourav ke best h bhai 😂😂,1
6422,5XVoRGhrhZk,Kon kon 2026 Ma Dakh raha ha 😅,0
6424,5XVoRGhrhZk,"7:44  ""bachpan main content bana bana ke ✊🏻✊🏻 kar diya hai 🥀💔""",0
6425,5XVoRGhrhZk,Sourav joshi kaha hun tum 😂,0
6429,5XVoRGhrhZk,"Main bhi daily vlog karta hoon, agar time mile toh support zarur karna 🙏”",0
6430,5XVoRGhrhZk,Who is monu,0
6431,5XVoRGhrhZk,kya lagta saurav Joshi ne vlog dekha hoga?,0
6432,5XVoRGhrhZk,Jakash video,0
6433,5XVoRGhrhZk,Sourav was exposed😂,1
6434,5XVoRGhrhZk,1rst kon hai ? .,1
6436,5XVoRGhrhZk,7:28 what are u doing😂🤣,1
6437,5XVoRGhrhZk,I am watching this again in 2026,0
6439,5XVoRGhrhZk,Yaar am I the only one who loved coffee with Jalan video I don’t know what’s wrong with people he did very hard work to make that parody video,0
6440,5XVoRGhrhZk,Any1  20-26,0
6441,5XVoRGhrhZk,"❤This man has made us smile for the past many years with every video but with his one coffee with Jalan video people are trolling him which is not right at all and from here we also get a lesson that a person can do everything well in life but with a small mistake they can put the person in front of them at gunpoint. Carry  keep it up, I am with you, love you broo🫡🫶",2
6442,5XVoRGhrhZk,8:47 par kon hai ye isko roste kara hai,0
6443,5XVoRGhrhZk,Bhai aapki dusri biwi Ke vaste main a jaaun,0
6444,5XVoRGhrhZk,Watching it again after 2 years 😂 4:40 was so funny,1
6446,5XVoRGhrhZk,7:38 best part.... 😂😂😂,0
6449,5XVoRGhrhZk,Technical guruji is Iconic yaar 😂😂😂,1
6451,5XVoRGhrhZk,Who after carry new video 😂❤,0
6452,5XVoRGhrhZk,Haha meri vlog bhi dekh skte ho sir😂😂,0
6453,5XVoRGhrhZk,Best was Guruji part😂😂,0
6454,5XVoRGhrhZk,7:50🤣🤣 best part start,2
6457,5XVoRGhrhZk,Avaj nhi aa rahi,1
6458,5XVoRGhrhZk,Handsome kam traffic police wala zyada lag raha hai😂😂,0
6460,5XVoRGhrhZk,Me after watching Dhakad khabar!😂Purav Jha!😂On Saurav JoshiNow I'M watching Carry's parody!!,0
6461,5XVoRGhrhZk,Came after knowing Chote miyan is here,0
6462,5XVoRGhrhZk,Only legend see BMW  0:56 ❤,0
6463,5XVoRGhrhZk,Carry minati bhaiya Apne hath se aapka video dekhna start kyon❤❤❤❤❤,0
6465,5XVoRGhrhZk,Chhote miyaa❤❤😂😂😂,0
6466,5XVoRGhrhZk,Aisa video banao #carry😂😂😂,0
6467,5XVoRGhrhZk,"Carry made this( the latest video)  on purpose,, There is no way that he can do this shi*t type of untracked joke and editing after giving all the disasters Video,,, Views got disappointed and going to see all his old Videos which is more beneficial for him,, Full respect to carry vai... He knows what he is doing,,,",1
6468,5XVoRGhrhZk,04:18  bhai vo sch mein gira hai 😂😂😂,0
6469,5XVoRGhrhZk,Here after coffee with jalan😢,0
6470,5XVoRGhrhZk,Koffee With Jalan ke baad Hansne Aaya Hu,0
6471,5XVoRGhrhZk,Please everybody vote for 2nd parody of saurav joshi.,0
6472,5XVoRGhrhZk,Bro please make saurav joshi parody again. We all request you,0
6473,5XVoRGhrhZk,6:51 yea kya hae silwatta 😂😂,0
6474,5XVoRGhrhZk,Gaurav saurav sab 😂😂😂,0
6475,5XVoRGhrhZk,Bhai tumhen to uski biwi ne bhi roast  ke mamle mein fail Kar Diya😂❤,0
6476,5XVoRGhrhZk,Koffee with jalan😢 ke baad mai idhar aagye,3
6477,5XVoRGhrhZk,Arman malik No Sangram singh 👍 😂 Good Video Carry minati ❤ 28-1-2026 1:47 AM,0
6478,5XVoRGhrhZk,One parody video on indian politician 😂,1
6479,5XVoRGhrhZk,5:10 Sorav joshi'sChachi -kahaan leke Jaa rahe ho mujhe .....din main hi😂😂😂,0
6480,5XVoRGhrhZk,Cofee with jalan ke baadye dkhne pahunch gya 😂😂,1
6482,5XVoRGhrhZk,Anyone after coffe with jalaan,2
6483,5XVoRGhrhZk,8:32 bhai future prediction😂,0
6484,5XVoRGhrhZk,4:38 mujhe diddy banana hai😂,0
6485,5XVoRGhrhZk,Coffee with jalan is just like coffee with Karan just spending lots of money on production but never on content😂But carry is good content creator before coffee with jalan video😅,1
6486,5XVoRGhrhZk,"I came to admire writer and director, OG Dayama",0
6488,5XVoRGhrhZk,Carryminatis all time best comedy video😂,0
6489,5XVoRGhrhZk,Carry bhai kya hogya aapko,0
6490,5XVoRGhrhZk,Anyone in 2028,1
6491,5XVoRGhrhZk,Who come after watch coffee with jalan 😅😂,2
6492,5XVoRGhrhZk,Koffee with jalan here,3
6493,5XVoRGhrhZk,😂dobara aana pada coffee with jalan me mazaa nahi aaya to😅,4
6494,5XVoRGhrhZk,Carry now🤡🤡🤡Carry then💀,81
6495,5XVoRGhrhZk,Anyone from 2026..😅,0
6497,5XVoRGhrhZk,Here after kofee with Jalan...Honestly hansi bilkul nahi aayi it was a lun video bitter but true 😒,4
6498,5XVoRGhrhZk,https://youtube.com/shorts/zYkMLBe91bI?si=1kv14fCDkzpUWBVn,0
6499,5XVoRGhrhZk,Saurav joshi mimicry was epic😂,0
6500,5XVoRGhrhZk,This video was 2 years ago damnnnnn 😳Coffee with jalan was trash btw 😂,9
6501,5XVoRGhrhZk,"Who’s here after Koffee with Jallan, where the audience gave him a taste of his own medicine?",10
6502,5XVoRGhrhZk,Kon kon aaya hai yaha hasne..coffee with jalan dekhne k bad 😂😂😂,4
6503,5XVoRGhrhZk,Coffee with jalan se yha aana pr rha hasne k liye🫠,2
6504,5XVoRGhrhZk,monu ki myyat ke maa chod di was epic😂😂,1
6506,5XVoRGhrhZk,Pius pius😂😂😂😂,0
6507,5XVoRGhrhZk,Who came here after koffee with Jalan 👇,154
6508,5XVoRGhrhZk,Coffee with jalan dekhne ke baad carry ke liye respect banae rakhne ke liye aya hu 🥀🥀,8
6509,5XVoRGhrhZk,Kon kon naye video dekh kr yhn pr thora hsne aaya h,14
6511,5XVoRGhrhZk,Hasi ane k liyeh iske old video pe aya hu,3
6512,5XVoRGhrhZk,Gandu carry 😂,3
6513,5XVoRGhrhZk,Kyon kyon naya vedio se disappointe hokar yaha aaya hai thoda hasne😅😅,8
6515,5XVoRGhrhZk,Kon kon coffee with jalan dekhne ke bad aya 😂,7
6516,5XVoRGhrhZk,Mai na aapko Gao Bhej dunga 😂😂😂 hilarious,0
6517,5XVoRGhrhZk,"Saw Koffee with Jalan, just came here to laugh :D",15
6518,5XVoRGhrhZk,KOFFEE WITH JALAN dekh ke mood jaal gaya toh ye dekhne aagaya,2
6519,5XVoRGhrhZk,Abhi main bhi coffee with jalan dekh kr aa raha hu😂😂😅isko bolte hai parody🤡😅,0
6520,5XVoRGhrhZk,Aa gye yhn bhi roast krne,1
6521,5XVoRGhrhZk,Every one is coming after deroasting of koffee with jalan😂😂😂,4
6522,5XVoRGhrhZk,Coffee with jalan ko bhulane ke liye aya hoon,1
6523,5XVoRGhrhZk,"Saw koffee with Jalan , came here to laugh",6
6524,5XVoRGhrhZk,Who's come here after coffee with jalan to laugh,17
6525,5XVoRGhrhZk,Who is here and after koffee with jalan.,11
6526,5XVoRGhrhZk,"Was watching coffee with jalan, came here to find the carry who was funny😢😢",3
6527,5XVoRGhrhZk,After that jalan video I'm here to laugh again and see my carry again,3
6528,5XVoRGhrhZk,Sab log yahi aa gye 😂😂😂,3
6529,5XVoRGhrhZk,Who came here after watching Koffee with jalan 😢😢,245
6530,5XVoRGhrhZk,Coffee With Jalan Dekhkr Jo Aya Hai Attendance 👇🏻,6
6531,5XVoRGhrhZk,After koffee with jalan 🤮 came to laugh 😂,10
6532,5XVoRGhrhZk,Latest video bekar he,57
6533,5XVoRGhrhZk,Jalan vali video dekh ke yaha aana padda hasne ke liye 😂,65
6534,5XVoRGhrhZk,came back here to erase his koffee with jalan episode from my memory.,46
6535,5XVoRGhrhZk,Coffee with jallan 😢 me hasi nehin aya isiliye ea video dubara dekh raha hun 😂,43
6536,5XVoRGhrhZk,Anyone  after cofee with jalaan?,695
6537,5XVoRGhrhZk,Who is watch this video today,17
6538,5XVoRGhrhZk,"Saw Koffee with Jalan, came here to laugh",2905
6539,5XVoRGhrhZk,Mene Apne paise kama liye was epic line🤣🤣,0
6540,5XVoRGhrhZk,2026 --- Guruji epic Mimicry ❤,1
6541,5XVoRGhrhZk,MADAR   CHOAD  CARRYMINATI,3
6542,5XVoRGhrhZk,Anyone in 2026,3
6543,5XVoRGhrhZk,Very nice 🎉🎉,2
6545,5XVoRGhrhZk,Who is watching the video on 23/01/26 😂,23
6546,5XVoRGhrhZk,Sourav 😂😂😂Ghar tho pura same h😅😅😅,3
6547,5XVoRGhrhZk,9:54 Kritika ki Lookalike on spot thi😅,0
6548,5XVoRGhrhZk,Bhai to bahut flop bandar hai,0
6551,5XVoRGhrhZk,Kon kon 2026 me dek rha ha😂,2
6552,5XVoRGhrhZk,Kon kon noida se hai bhai,1
6553,5XVoRGhrhZk,13:16 the end🔥🔥🔥🔥🔥,1
6554,5XVoRGhrhZk,2:30 unexpected 😂😂,1
6555,5XVoRGhrhZk,"here in 2026😂😂, aur kn kn h",28
6556,5XVoRGhrhZk,Mza aa gya😂,1
6557,5XVoRGhrhZk,Mujhe nahi laga tha is wali video par gali yeah fir kuch or sunne ko milega isliye mummy k samne bathke dakh rahi thi 😢 par mai galat thi tosto condom wali ward batt mare mammy sunte he mai khatam 😩bhai galti ho gayi kabhi bhi or family yeah fir mammy k samne bilkul nahi dakhungi 🤡,0
6560,5XVoRGhrhZk,Mr indian hacker ke sath karo😢😢😮😮😊,0
6561,5XVoRGhrhZk,Piyushhhhh piyusshhhh piyushhh 😂❤,0
6562,5XVoRGhrhZk,Piyush❌️ Abuse✅️,0
6563,5XVoRGhrhZk,Pyush to bona lag raha hau😂😂😂😂,0
6564,5XVoRGhrhZk,Piush is very funny,0
6566,5XVoRGhrhZk,Ek podcast mera bhi @pangopodcast,0
6568,5XVoRGhrhZk,7:28 par piyush muthhi laga raha tha 😅😅,1
6569,5XVoRGhrhZk,Sourav Joshi must be watching secretly 😂😂,0
6571,5XVoRGhrhZk,that guy who played piyush role is in bhool bhulaiya2,0
6572,5XVoRGhrhZk,Gaon bhj dunga was epic,0
6573,5XVoRGhrhZk,9:15 markup line was epic,0
6574,5XVoRGhrhZk,Anyone in 2026 😂😂😂😂 please attendence. .......😅,0
6575,5XVoRGhrhZk,Hi iam buying technical guru ji 1millon bar garibo,0
6577,5XVoRGhrhZk,@Sourav joshi gandu ka reply nahi aya guys😂😂,1
6578,5XVoRGhrhZk,Tech guru ji super memcary,1
6579,5XVoRGhrhZk,Purav jha ? who ?,5
6580,5XVoRGhrhZk,Km s km sorav tumri trh gndi galiya or dusro ka mjak to ni bnata tumse lakh guna axa h wo,0
6584,5XVoRGhrhZk,Again roast him,0
6585,5XVoRGhrhZk,Abe 3 ho gai hai aab,0
6586,5XVoRGhrhZk,11:27 anyone 2026 ??❤,1
6587,5XVoRGhrhZk,9:49 epick part😂,1
6589,5XVoRGhrhZk,2026 people like here😂❤,50
6590,5XVoRGhrhZk,https://youtube.com/shorts/OUn63Hc8D6E?si=7QCYb8TnyFGEix-Q,0
6591,5XVoRGhrhZk,Kis kis ko ye chutiya lgta he 😂😂😂😂,2
6594,5XVoRGhrhZk,7:42 was epic 😂,1
6596,5XVoRGhrhZk,12:20 cha mudao tum log 🗿,0
6597,5XVoRGhrhZk,Anyone After TOXIC 🧻😂,3
6598,5XVoRGhrhZk,Piyush ko bhi rost kro,2
6599,5XVoRGhrhZk,Tambaku khake vlog bana raha hai bhai 😂,2
6601,5XVoRGhrhZk,Credits: Producers: Deepak Char & CarryMinati Concept & Written By: Vishal DayamaCreated By: CarryMinati  Production House: One Hand ClapExecutive Producer: Naveed ManakkodanAssociate Producer: Dishant MehtaDirected By: Nishant SharmaCinematography By: Ashwin KadamboorAssociate Director: Karan JunejaLine Producer: Amit KumarEditor: Hitanshu ‘rAge’ Soneji Additional DOP: Prathamesh (One Digital Entertainment) Casting Director: Shivam Gupta Casting Associate: Prashant Singh Casting Assistant: Solanki Sharma Cast:Main Vloggers: CarryMinati Piyush: Arun Kushwaha,0
6603,5XVoRGhrhZk,Master admi hai,0
6605,5XVoRGhrhZk,Piyush from zomato😂,1
6606,5XVoRGhrhZk,https://youtube.com/@gvideo980?si=0afs5L0cZTltgQ7c,1
6607,5XVoRGhrhZk,Chamiya acting related to like Saurav baby😂😂😂😂,8
6608,5XVoRGhrhZk,"Yaar ye banda to alag hi level ka hai,😂😂😂😂😂",1
6609,5XVoRGhrhZk,Aaj v dekh raha hu aapka video 😂 08/01/2026,0
6610,5XVoRGhrhZk,Bote for dhuruv rathi,0
6611,5XVoRGhrhZk,2026 me kon kon dekh raha hai😂,1
6612,5XVoRGhrhZk,2026 mai kon kon dekhta hai 😂😂,12
6613,5XVoRGhrhZk,Tum jalte ho saurav se,2
6614,5XVoRGhrhZk,Hahaha bhai roast mast krte ho😂,0
6616,5XVoRGhrhZk,Sourav Joshi acting is on another level😂❤❤,3
6619,5XVoRGhrhZk,Gali nikal rha h,0
6620,5XVoRGhrhZk,Sourov joshi be like : 😤😤,0
6621,5XVoRGhrhZk,Anyone in 2026❤,1
6623,5XVoRGhrhZk,You should try collabing with sunil grover,0
6624,5XVoRGhrhZk,Jo sab 2026 mein dekh raha hai vah mujhe vote karo,1
6625,5XVoRGhrhZk,Content lavel 💯😂,0
6626,5XVoRGhrhZk,Keri bhai yaar tum 2019 wale Nahin Rahe 🥺 😢🥺2018,0
6627,5XVoRGhrhZk,Keri bhai yaar tum 2019 wale Nahin Rahe 🥺 😢🥺2018,0
6628,5XVoRGhrhZk,Keri bhai yaar tum 2019 wale Nahin Rahe 🥺 😢🥺2018,0
6629,5XVoRGhrhZk,Keri bhai yaar tum 2019 wale Nahin Rahe 🥺 😢🥺2018,0
6631,5XVoRGhrhZk,2026 mein kon dekh raha hai  vlog 😅,71
6632,5XVoRGhrhZk,Legends are watching in 2025😂😂,0
6635,5XVoRGhrhZk,Mza aaya bhi,0
6637,5XVoRGhrhZk,sourav joshi is best volger,0
6638,5XVoRGhrhZk,My name is sangram 😭😭,0
6640,5XVoRGhrhZk,CarryMinati bhai tumne acting bhut achi ki,0
6641,5XVoRGhrhZk,Saurbh johi ko rost kar diya😂😂😂😂,1
6642,5XVoRGhrhZk,Any legend in 2026😂😂,8
6643,5XVoRGhrhZk,When legends are roasting 😂lorav moshi,0
6647,5XVoRGhrhZk,Same to you 😂😂😂😂 12:22,4
6648,5XVoRGhrhZk,Same to you 11:29,0
6649,5XVoRGhrhZk,Videos Bana Apna Maine Hai tu ghar bananas need to make Mukka Maro,0
6651,5XVoRGhrhZk,Anyone 2026 03/01/,0
6652,5XVoRGhrhZk,https://youtube.com/shorts/TkfrCR_WjJA?si=qNU7dmqyM7KCmu77,0
6653,5XVoRGhrhZk,7:19 Most Funny Part 😂,1
6654,5XVoRGhrhZk,Piyush 😂😂😂😂,0
6655,5XVoRGhrhZk,You are crazy bro,0
6656,5XVoRGhrhZk,"I have seen three four,times I think the phone Ajay threw collide with the girl behind him 😢",0
6657,5XVoRGhrhZk,Who is watching 2026,11
6659,5XVoRGhrhZk,Anywone from 2026❤,26
6661,5XVoRGhrhZk,Ambani was on top 💥😂,1
6662,5XVoRGhrhZk,10:02 best part mechanical Guruji 😂😂😂,2
6663,5XVoRGhrhZk,ai hai bhai 😂😂,0
6664,5XVoRGhrhZk,9:09 yaha to kisi brand ka promotion tha na haha,1
6665,5XVoRGhrhZk,Bhai you are 🔥,1
6666,5XVoRGhrhZk,Any one 2026 ?,2
6667,5XVoRGhrhZk,Best part 11:26,1
6668,5XVoRGhrhZk,Still no body is subscribing my channel 😢,1
6669,5XVoRGhrhZk,Anyone from 2026,15
6670,5XVoRGhrhZk,7:29 Piyush tu ye kya kar Raha hai ?😂🤣,58
6671,5XVoRGhrhZk,*Sourav Joshi ❌ Krish ✅*,1
6672,5XVoRGhrhZk,Piyush 7:29 😂,0
6673,5XVoRGhrhZk,Auskar level acting😅😅,0
6674,5XVoRGhrhZk,Carry minati mantal sala,0
6675,5XVoRGhrhZk,Bhai haryana mein rahate hoo,2
6676,5XVoRGhrhZk,Omg what a acting of armaan Malik and his wife 😂😂😂😂😂😂,0
6677,5XVoRGhrhZk,Sabhi blocker ke maachudhi😂,0
6680,5XVoRGhrhZk,Technical guruji mimicry was just another level ❤❤,0
6682,5XVoRGhrhZk,12:10 that's evil ☠️,1
6684,5XVoRGhrhZk,Bhai saab 😂😂😂 bhot khatrnaak 🔥🔥🔥,0
6687,5XVoRGhrhZk,bhai sach mai trahimaam kar diya sabka😂😂,1
6688,5XVoRGhrhZk,Bud me jaiye😅,1
6690,5XVoRGhrhZk,But I like very very this content,0
6691,5XVoRGhrhZk,I like carryminati❤❤❤❤❤😊,0
6692,5XVoRGhrhZk,25 Dec 2025,5
6693,5XVoRGhrhZk,7:44 bachpan se tune content bna bna ke chod diya😂😂😂😂..Feeling sad for piyush..😂😂,1
6694,5XVoRGhrhZk,Sourabh Joshi ka achcha Laga,0
6695,5XVoRGhrhZk,Piiiii piiiiii piiiii piiiii😂😅,0
6696,5XVoRGhrhZk,Naya video ni arha vai 🤯🤯Vote for new video,0
6697,5XVoRGhrhZk,0:54 .  LAGANDS FOCUS ON GOL,0
6698,5XVoRGhrhZk,11.26 ambani mara l pa 🤣🤣,0
6699,5XVoRGhrhZk,Sadi kaa bi bnao bhai😂❤,1
6700,5XVoRGhrhZk,Vote for part 2 ❤,2
6703,5XVoRGhrhZk,Thanks for 100 subscribers ❤❤❤,2
6704,5XVoRGhrhZk,Dhruv tatti ko troll kro bhai 😅,0
6705,5XVoRGhrhZk,Legend watching on December last 2025 or January 2026 😂😂,0
6709,5XVoRGhrhZk,Bro only carrymanati is best clover mkc,0
6710,5XVoRGhrhZk,Bislery ki botal😂😂,0
6711,5XVoRGhrhZk,Banglabeshi ❤❤❤😂😂😂😂😂😂😂😂2025,1
6712,5XVoRGhrhZk,5:14  😂😂 din mai hi was epic,1
6713,5XVoRGhrhZk,Saurav Joshi block ❌ Sourabh Joshi roast ✅,5
6714,5XVoRGhrhZk,2025 december 20 11:24pm iQOO Z10 5G silchar,0
6716,5XVoRGhrhZk,2026 me kon kon dekh raha hai 😂,0
6718,5XVoRGhrhZk,Din me he😂😂😂😂,1
6719,5XVoRGhrhZk,Bro make video for saving Aravalli hills from this corrupt government.,0
6720,5XVoRGhrhZk,Vote for sourav joshi part 2😅,5
6721,5XVoRGhrhZk,4:41 iske liye piyush reaction was epic 😂,0
6723,5XVoRGhrhZk,Who all observed on namah shivai on carry's hand 👇,1
6725,5XVoRGhrhZk,MN tujhe sarap detiiii hn😂,0
6726,5XVoRGhrhZk,10:03 yahi say guruji ko life time a liya content milgya tha😂😂,0
6728,5XVoRGhrhZk,Ye to roast video hai,0
6729,5XVoRGhrhZk,Bina plane ka pilot 😂 10:40,0
6730,5XVoRGhrhZk,10 bar dekh chuka hu 😅,0
6732,5XVoRGhrhZk,Piyush piyush,1
6734,5XVoRGhrhZk,YouTube suggested to me after 2years 😂 youtube  algorithm day by day 💅,0
6735,5XVoRGhrhZk,This only video destroyed Flying beast channel popularity..,0
6736,5XVoRGhrhZk,8:37 decoration barhiya hai,34
6737,5XVoRGhrhZk,Day 1 of trying to famous of comment,0
6738,5XVoRGhrhZk,Here after sourav wedding 😂😂,9
6739,5XVoRGhrhZk,Same looking like sara ali khan in one character,2
6740,5XVoRGhrhZk,Are you jealous bhai??,1
6741,5XVoRGhrhZk,Maine bhi vlog channel start kiya hai,0
6746,5XVoRGhrhZk,Who watching today,7
6747,5XVoRGhrhZk,Dusronko roast karte karte hi aap un logonke naam pe paise karte hai,0
6748,5XVoRGhrhZk,Bhai dimple aunty ko bhul gaye,0
6749,5XVoRGhrhZk,Best part  11:27,1
6750,5XVoRGhrhZk,11:27 legendary part,1
6751,5XVoRGhrhZk,Ambani mere loude pr ......was epic 😂😂😂,0
6752,5XVoRGhrhZk,Piyush was personal😂😂😂😂,2
6753,5XVoRGhrhZk,11:27 was epic 😂😂,0
6754,5XVoRGhrhZk,https://youtube.com/shorts/C29GOJ3HzTs?si=xnJ5OT2g7za_PsCJ,0
6755,5XVoRGhrhZk,https://youtube.com/shorts/C29GOJ3HzTs?si=xnJ5OT2g7za_PsCJ,0
6756,5XVoRGhrhZk,Ambani mere loude pe was a epic Movement😂,0
6757,5XVoRGhrhZk,Saurav wala shi thaa yaar 😂😂😂😂,1
6758,5XVoRGhrhZk,My like for saurav joshi roast video,1
6760,5XVoRGhrhZk,Harsh rajput bhi Bdiya hai jaoun dekhe aaoun 😂😂😂,3
6761,5XVoRGhrhZk,Ek hi video me dono creater ko pel diya,2
6763,5XVoRGhrhZk,Who saw bmw on 0.56 sec pe,0
6764,5XVoRGhrhZk,Itna real ki laga sorav Joshi ka real vlog dekh rha 😂,0
6765,5XVoRGhrhZk,Saurav ka sasu 😂,0
6766,5XVoRGhrhZk,Bin plane ka pilot 😂😂😂😂😂😂,1
6767,5XVoRGhrhZk,Bahut shandar,0
6768,5XVoRGhrhZk,Anyone December 2025,13
6769,5XVoRGhrhZk,Legend's are watching in 2025😂😂😂,0
6771,5XVoRGhrhZk,Bhai...galti se khana khate time dekh liya kha hi nhi paya😂😂 7:45,1
6773,5XVoRGhrhZk,Tu m..... Ch ...  12:20,0
6774,5XVoRGhrhZk,10:03      very funny 😂😂,1
6776,5XVoRGhrhZk,Ambani dekha nhi hoga shayed ye video,0
6778,5XVoRGhrhZk,Anyone after Sourav Joshi's wedding 🤣,44
6779,5XVoRGhrhZk,Battameej insaan saurav se jalo mat,0
6783,5XVoRGhrhZk,Saurav joshi😂😂😂,1
6785,5XVoRGhrhZk,Little bro on fire 🔥 7:40,1
6786,5XVoRGhrhZk,3:18 what a outfit 😂,0
6787,5XVoRGhrhZk,Kusseya menu sign krla apne manager de position te,0
6788,5XVoRGhrhZk,Machanical guruji😂😂😂😂,0
6789,5XVoRGhrhZk,Pyush height😂,2
6791,5XVoRGhrhZk,Subscribe 😢😢😢😢😢😢,0
6792,5XVoRGhrhZk,BC 😂😂😂 jabardast 🌷🌷,0
6793,5XVoRGhrhZk,https://www.youtube.com/@VlogifyAshutosh,1
6795,5XVoRGhrhZk,7:38 asli bhokal😅😂,0
6796,5XVoRGhrhZk,Epic h carry bhai,0
6797,5XVoRGhrhZk,2026 hogya mahi abhi bhi retire nhi hua😂😂,0
6798,5XVoRGhrhZk,No carry bro it's fake techincal guruji 😅,0
6799,5XVoRGhrhZk,Shaadi ke baad h koi ?? 😂,46
6800,5XVoRGhrhZk,how hard he struggle to get views the name of others ..by doing shits all the time ... sorry carry bhai but still they are far better than you ...🙂,0
6801,5XVoRGhrhZk,Thar bali sahi thi😂😂😂,0
6802,5XVoRGhrhZk,First parody is of which vlogger ??,0
6803,5XVoRGhrhZk,Super liked Piyush & Sourab joshi acting 😅😅😅😅😅😅😅😅😅❤❤❤❤❤❤❤❤❤❤❤❤❤❤,2
6804,5XVoRGhrhZk,4:20 aree aapka aadha vlog to meri baatein repeat karne main chala jaata hai😂,0
6806,5XVoRGhrhZk,Surely best😂,0
6807,5XVoRGhrhZk,Best parody 😭😭🤟🏻,0
6808,5XVoRGhrhZk,How it's already two years since the video was uploaded?😭😭😭😭🤟🏻🤍,0
6810,5XVoRGhrhZk,Sourav joshi kya purane gift deta hai Chachi ko😅😅😅😅,0
6812,5XVoRGhrhZk,Any one today 😅,5
6813,5XVoRGhrhZk,Bc who is monu ?,0
6816,5XVoRGhrhZk,ASA BOL RAHA HA JASA MUMA LAND FASAHA,0
6817,5XVoRGhrhZk,Who is watching in 6 dec 2025,0
6818,5XVoRGhrhZk,Caryyyy bro or roats kr isko dallle ko. Pata band apani suhagrat bhi vlogs ki se leak kr dega  .. bhai pata kyu mante h iska itna ... Jese ki desh ka bhala Kiya ho,0
6819,5XVoRGhrhZk,Bhot tez hore ho raja jiii😂😂😂,0
6820,5XVoRGhrhZk,@sauravjoshi,0
6822,5XVoRGhrhZk,Who are you 87 m views,1
6823,5XVoRGhrhZk,Piyush ka andar ke insaan bhar agya 😂😂,1
6824,5XVoRGhrhZk,O la 😂 va ban chot,0
6826,5XVoRGhrhZk,Mechanical guruji another level comady,0
6827,5XVoRGhrhZk,Bhai Main dekh raha hun 2025,0
6828,5XVoRGhrhZk,Hihttps://youtube.com/@learnsphere-06?si=W9-ymhvvPtw_Qhk4,2
6829,5XVoRGhrhZk,Bhai is se badiya video Duniya me kisi nhi banai hogi 😂😂😂😂😂😂😂😂😂😂,0
6830,5XVoRGhrhZk,Carry eats all vloggers😅😅,1
6831,5XVoRGhrhZk,I like this your video bro 😂,0
6832,5XVoRGhrhZk,Chachi rock piyush shock 😂,0
6833,5XVoRGhrhZk,sourav bhai crying in the corner,3
6835,5XVoRGhrhZk,Ambani mere lo##de pe was epic😂😂😂😂,0
6836,5XVoRGhrhZk,Kon kon 2025 me dekh rehe hai Comant kro,0
6838,5XVoRGhrhZk,Carry bhai Sourav waley vlog me uncle ko baniyan me kyu nahi dikhaya 😂😂😂😂😂😂,0
6839,5XVoRGhrhZk,1:35 abhee yaar 😂😂😂,2
6840,5XVoRGhrhZk,11:24 ambani,0
6841,5XVoRGhrhZk,Hindostan des me jitane Mard ho 25 se 37 saal tak umar waale sarkari nokari ki taiyari kr rahe prelim mains interview sabme paisa chalata UPSC SSC se lekar koi state Public services ka service ho 10 me 8 seat bech li jaati  yeh sarkari nokari bechane ka Dhandha 80 saal se chal raha sabse jada jitane Union public service commission civil services exam engineering service exam indian statistical exam  medical exam se lekar DRDO ISRO State public service commission har sarkari nokari agar 10 post aayi toh 7 post bech li jaati prelims mains interview saare level pass ka paisa le liya jataMard  ab buddhapa mat laao mazdoori kro aur baccha paida krna band kr do kyonki congress bjp nda cpi cpm tmc rjd jdu samajwadi bahujan sab log ka meeting hua baat ho gai sirf 2 crore log hindostan me jinko jinda rakha jaega baaki sabko khatam kr denge garib middle class hawas me ek bhi baccha paida karoge toh buddhape tak Sarkari nokari ki taiyari hi karte rahoge na respect milegi na paisa Berojgar ghumo degree lekar faltu Btech Mtech CA Mpharma MBA MCA LLB LLM PHDYe sab Berojgar hone ka 100% guarantee wala degree 😂😂😂😂😂😂Laundia jitani 16 saal ki umar se 25 saal tak agar tumhara boyfrnd nai bana padha likha Mard duundh  Lo  Nahi toh jawani khatam ho jawegi kitane saare Mard Virgin aur laundia virgin reh gai Condom ipill sab aa gya Park me jao date pe jao Laundia bas gori chitti sawali bhi ho toh height choti Thighs moti aur chaude 🍑 aur gol gol 🍈🍈 ho basShaadi sirf Dehati anpad gawar gaon kasba waale hi jyda karte aur Baccha bhi karte jabki ek Purush Aurat ko  ghar chalane ke liye city me kam se kam 60 hajar mahine ka chaiye Baccha toh bilkul garibi laa deta sirf Neta businessmen yahi log afford kr sakte aajke samay meAajkal toh gawar jahil type larke lakhon me koi 1 thik thaak hota jiski mother father bhi thik ho ladaka akela ho dusara bhai na ho tabhi karna bhi chahiyeMard ki abaadi jaise Kam hogi 1 Mard pe 100 laundia ho jawengi sab thik ho jawega Rape bhi nai hoga phirSamjha kya bey buddhe Berojgar mard jo Mard Mahine ka 2 lakh rupia nai kama rae wo Mard hi nahi wo Namard samjhe ke Berojgaro ka des hindostan aur yahan ka hindostan MardJo Mard is des me 30 ki umar paar kar chuka aur sarkari nokari ki taiyari kr raha e rickshaw chalao zomato wala bano warna bheekh bhi nai milega Kyoki Hawas me paida hue 138 crore gaon dehat kasba ke gawar jahil hawasi Roz baccha paida Krna garib middle class neech kahin ke hindostani Tu sab jitane mard ho 14 saal ki umar se 45 saal ki umar tak tu sab ki nasbandi bohot jarori hawasi har jagah keede makode jaisa paida hokar baithe hawasi balatkari nikaah biyaah Saadi krna garib middle class bhikari baccha paida krna band kar do gawar dehati gaonwale kasba waale jahil hi baccha paida krde 🤣Hindostan ki laundia auraten khatoon sab suukhi haddiyan khana peena dete nai haram ke jane Mard Hawasi  laundia moti tagdi bhari hui bade gol gol 🍈🍈 aur chaude chuutad 🍑 Hona hi chaiyeAurat laundia khatoon ka degree wegree job post ki value kuch nai hoti Laundia Gori chitti bhari hui Moti tagadi Maal Bade boobs chaude 🍑 butts waali honi chaiye height 5 feet 3 inch ya usse kam hi ho thighs moti ho Jaisa Mard ka life  me bas Paisa zaroori hota chahe jaise kamao ghuuskhori karo hatya karo kuch bhi kroBjp NDA congress sirf Musalamano ki madad kar raha har jagah inko aage badha Raha 150 crore Hawas me paida hue Mard aurat khatoon bas jahil gawar baccha pe baccha paida kr rae Nasbandi bhi karne ki himmat nai is darpok Modi bjp NDA ki Sanjay Gandhi se himmat udhaar le lo tu sab jabardasti Nasbandi karo gaon gaon dehat kasba chote city muslaman muhallon me jakar Agar Mard ho BJP NDA RSS Congress waalon,0
6842,5XVoRGhrhZk,Hindostan des me jitane Mard ho 25 se 37 saal tak umar waale sarkari nokari ki taiyari kr rahe prelim mains interview sabme paisa chalata UPSC SSC se lekar koi state Public services ka service ho 10 me 8 seat bech li jaati  yeh sarkari nokari bechane ka Dhandha 80 saal se chal raha sabse jada jitane Union public service commission civil services exam engineering service exam indian statistical exam  medical exam se lekar DRDO ISRO State public service commission har sarkari nokari agar 10 post aayi toh 7 post bech li jaati prelims mains interview saare level pass ka paisa le liya jataMard  ab buddhapa mat laao mazdoori kro aur baccha paida krna band kr do kyonki congress bjp nda cpi cpm tmc rjd jdu samajwadi bahujan sab log ka meeting hua baat ho gai sirf 2 crore log hindostan me jinko jinda rakha jaega baaki sabko khatam kr denge garib middle class hawas me ek bhi baccha paida karoge toh buddhape tak Sarkari nokari ki taiyari hi karte rahoge na respect milegi na paisa Berojgar ghumo degree lekar faltu Btech Mtech CA Mpharma MBA MCA LLB LLM PHDYe sab Berojgar hone ka 100% guarantee wala degree 😂😂😂😂😂😂Laundia jitani 16 saal ki umar se 25 saal tak agar tumhara boyfrnd nai bana padha likha Mard duundh  Lo  Nahi toh jawani khatam ho jawegi kitane saare Mard Virgin aur laundia virgin reh gai Condom ipill sab aa gya Park me jao date pe jao Laundia bas gori chitti sawali bhi ho toh height choti Thighs moti aur chaude 🍑 aur gol gol 🍈🍈 ho basShaadi sirf Dehati anpad gawar gaon kasba waale hi jyda karte aur Baccha bhi karte jabki ek Purush Aurat ko  ghar chalane ke liye city me kam se kam 60 hajar mahine ka chaiye Baccha toh bilkul garibi laa deta sirf Neta businessmen yahi log afford kr sakte aajke samay meAajkal toh gawar jahil type larke lakhon me koi 1 thik thaak hota jiski mother father bhi thik ho ladaka akela ho dusara bhai na ho tabhi karna bhi chahiyeMard ki abaadi jaise Kam hogi 1 Mard pe 100 laundia ho jawengi sab thik ho jawega Rape bhi nai hoga phirSamjha kya bey buddhe Berojgar mard jo Mard Mahine ka 2 lakh rupia nai kama rae wo Mard hi nahi wo Namard samjhe ke Berojgaro ka des hindostan aur yahan ka hindostan MardJo Mard is des me 30 ki umar paar kar chuka aur sarkari nokari ki taiyari kr raha e rickshaw chalao zomato wala bano warna bheekh bhi nai milega Kyoki Hawas me paida hue 138 crore gaon dehat kasba ke gawar jahil hawasi Roz baccha paida Krna garib middle class neech kahin ke hindostani Tu sab jitane mard ho 14 saal ki umar se 45 saal ki umar tak tu sab ki nasbandi bohot jarori hawasi har jagah keede makode jaisa paida hokar baithe hawasi balatkari nikaah biyaah Saadi krna garib middle class bhikari baccha paida krna band kar do gawar dehati gaonwale kasba waale jahil hi baccha paida krde 🤣Hindostan ki laundia auraten khatoon sab suukhi haddiyan khana peena dete nai haram ke jane Mard Hawasi  laundia moti tagdi bhari hui bade gol gol 🍈🍈 aur chaude chuutad 🍑 Hona hi chaiyeAurat laundia khatoon ka degree wegree job post ki value kuch nai hoti Laundia Gori chitti bhari hui Moti tagadi Maal Bade boobs chaude 🍑 butts waali honi chaiye height 5 feet 3 inch ya usse kam hi ho thighs moti ho Jaisa Mard ka life  me bas Paisa zaroori hota chahe jaise kamao ghuuskhori karo hatya karo kuch bhi kroBjp NDA congress sirf Musalamano ki madad kar raha har jagah inko aage badha Raha 150 crore Hawas me paida hue Mard aurat khatoon bas jahil gawar baccha pe baccha paida kr rae Nasbandi bhi karne ki himmat nai is darpok Modi bjp NDA ki Sanjay Gandhi se himmat udhaar le lo tu sab jabardasti Nasbandi karo gaon gaon dehat kasba chote city muslaman muhallon me jakar Agar Mard ho BJP NDA RSS Congress waalon,0
6843,5XVoRGhrhZk,Peyuss peyuss peyuss😂😂😂,1
6845,5XVoRGhrhZk,like please,0
6847,5XVoRGhrhZk,Ambani Mary ******* pay 😂😂😝😛😹,0
6848,5XVoRGhrhZk,Any one today?!! 😅😅,2
6849,5XVoRGhrhZk,Watching it on 01-12-2025,0
6851,5XVoRGhrhZk,Udta beast❤,0
6852,5XVoRGhrhZk,Chcha jii on top 😂😂,0
6853,5XVoRGhrhZk,Anyone today 😂,0
6854,5XVoRGhrhZk,"You didn't see Sourav's hardwork behind all this...., atleast he does not abuse like you. And content ki kami toh apko bhi hoti hai",1
6855,5XVoRGhrhZk,Starting 👌 Ending ☠️☠️,0
6857,5XVoRGhrhZk,Hahhahajahaj yr main bahut hassa hu ....mast hai yaar ye banda 😅😅😅😅,0
6858,5XVoRGhrhZk,Din mein hi 5:00,0
6861,5XVoRGhrhZk,4:39 unstoppable laugh moment,0
6863,5XVoRGhrhZk,Very funny carry,0
6864,5XVoRGhrhZk,"Part ,2222222",1
6866,5XVoRGhrhZk,12:26 behind the scene😂😂😂,0
6867,5XVoRGhrhZk,Flying kutta Bana diya 😂😂,1
6868,5XVoRGhrhZk,Tum yaar Indian hokar bhi tumne foreign country ke flying beast ko number Van banaa Diya to bhai aaj se main aapko unsubscribe kar raha hun I hate u carry minati but main chahta hun mera India Sabse aage raha hai Jay t-series t-series ko badhao bhai,1
6869,5XVoRGhrhZk,4:42 is jindagi ke liye 😂😂😂soo funny seen,2
6872,5XVoRGhrhZk,Muse be dil do,0
6873,5XVoRGhrhZk,2026 is knocking like doko,0
6878,5XVoRGhrhZk,What's up 😅😅😂,3
6880,5XVoRGhrhZk,Anyone in 2025,1
6884,5XVoRGhrhZk,Piyush jameen mein gir Gaya😂,0
6885,5XVoRGhrhZk,3:45 got real bruh,0
6887,5XVoRGhrhZk,Piyush 😂😂😂😂,2
6889,5XVoRGhrhZk,House was same 😅,1
6890,5XVoRGhrhZk,10:40 bin plane ka pilot 😂,14
6891,5XVoRGhrhZk,Ap to souriv joshi ko roast ker rhy,1
6897,5XVoRGhrhZk,Itna bhi Sach nahin bolna tha ☠️,1
6898,5XVoRGhrhZk,7:46  😂 pitush,1
6899,5XVoRGhrhZk,"Chai.... while hitting gym😅 and Din mein,",0
6900,5XVoRGhrhZk,bhai vo dono wife ka asli naam pta chal jaata to....,0
6903,5XVoRGhrhZk,Best video i ever seen,0
6904,5XVoRGhrhZk,😂😂😂😂😂 bhai piyush badiya lga,0
6905,5XVoRGhrhZk,Ambani mere l☠️☠️☠️☠️,1
6906,5XVoRGhrhZk,Who got ad before the video start😂😅,0
6907,5XVoRGhrhZk,Koi hai😂😂😂😂,1
6908,5XVoRGhrhZk,Ye video ko dekh ke Naya content mil Gaya 😂😂😂❤,0
6910,5XVoRGhrhZk,Bhai  aap n hote to hum bachcho ko guide kaun karta.😊 thankyou bhai memes k liye,1
6912,5XVoRGhrhZk,Ambani mere loude pe ji haa dosto😅,0
6913,5XVoRGhrhZk,Lagta hai bacha dusra karna ho----------,0
6915,5XVoRGhrhZk,CARRY ON ANOTHER LEVEL 😂,0
6916,5XVoRGhrhZk,Workmates Core2Cloud  partners with ZOHO. Physicswallah Next BIG GREEN RUN Enjoy.,0
6917,5XVoRGhrhZk,Chiii aap kitni gandi galiya dete ho bhagwan aapko jaldi utha le,0
6918,5XVoRGhrhZk,Ad revenue wale😂😂,0
6919,5XVoRGhrhZk,EVERYONE WATCHING FULL VIDEO BUT EPIC IS AMBANY MERA LODA PA😂😅,0
6920,5XVoRGhrhZk,Carry wapas milgaya,1
6922,5XVoRGhrhZk,Wah Jani wah pese bhi kamalia or video bhi dikhadi it's called talent.🎉❤,0
6923,5XVoRGhrhZk,Biinn plane ka pilot😂,1
6924,5XVoRGhrhZk,11:25 😂 international meme,0
6925,5XVoRGhrhZk,Anyone 2026😂,0
6926,5XVoRGhrhZk,Anyone today?,1
6928,5XVoRGhrhZk,5:11 din me hi😂😂,0
6929,5XVoRGhrhZk,pin krdooooooo,0
6930,5XVoRGhrhZk,carry bhai k samny koi bol skta hai kya,0
6931,5XVoRGhrhZk,love you carry bhaiiiiiiiiiii,0
6932,5XVoRGhrhZk,2025 attandance......👉,1
6933,5XVoRGhrhZk,watching this masterpiece today😂,0
6937,5XVoRGhrhZk,Anyone today ?,5
6939,5XVoRGhrhZk,Bhai'Carry bhai ne toh .Sourav joshy ko ''Roast kardiya..😂,0
6942,5XVoRGhrhZk,Saurav joshi ki acting bht achhi thi,0
6943,5XVoRGhrhZk,Very funny 😂😂😂😂,0
6944,5XVoRGhrhZk,9:55 was epic 😂😂😂,0
6945,5XVoRGhrhZk,Piyush piyush piyush Piyush piyush 😂,0
6947,5XVoRGhrhZk,11:28 Ambani Cooked😂😂,0
6949,5XVoRGhrhZk,Pehla wala kon tha😅,1
6951,5XVoRGhrhZk,11/10/25 ko kon kon dekh raha hai 😂,0
6952,5XVoRGhrhZk,12:23 reality,0
6955,5XVoRGhrhZk,https://youtube.com/shorts/vZqvwE6AOJ0?si=42FyjDTBndo-EiPu,0
6956,5XVoRGhrhZk,Sorav joshi se faltu nhi carra bhai 😅☠️ sorav aura,1
6957,5XVoRGhrhZk,Who on 2025😂,2
6958,5XVoRGhrhZk,Gujarat Ka Gujarati Hu Itna Sport Karo Ki Me ... Apna Dreams Kamplet Kar Saku ......... Kiya Aap Muze Sport Kar Sakte Ho. /? 0:13,2
6959,5XVoRGhrhZk,Legend notice BMW,6
6960,5XVoRGhrhZk,Anyone today 😂,3
6961,5XVoRGhrhZk,Saurabh Joshi roasting 😅,1
6962,5XVoRGhrhZk,4:33 forget all!! Real fun starts here🔥,25
6964,5XVoRGhrhZk,I want to see more of Ajey Nagar so can you start some kind of vlogging....I know you feel shy about your personal life but I donot know why I like the real you,0
6965,5XVoRGhrhZk,Video dekhkar maja a Gaya Sourabh bhai bhi dekhiae unko bhi maja a jaega,1
6966,5XVoRGhrhZk,"@SaifulIslam-ys8sd
4 days ago
Any one today 😂😂

143


Reply


3 replies

@liveinsaan
2 years ago
Mechanical Guruji mimicry was just another level❤‍🔥❤‍🔥

4.4 lakh



Reply


746 replies

@maxtern
2 years ago
This video was way too unique and love this experiment

44K



Reply


142 replies

@AkshBaghla
2 years ago
Bhai even the tone in the voices! INSANE!

19K



Reply


30 replies

@ranchezbuster2740
2 years ago
Carry played Sourav better than Sourav himself 😂

54K



Reply


123 replies

@RumanMemes
2 years ago
4:50 monu ke funeral pe😂☠

1.2K


Reply


1 reply

@MonkeyxMagic
2 years ago
This is Legendary hahaa 😂😂⚡⚡

8.8K


Reply


35 replies

@tarun_gupta_mkp
2 weeks ago
Who watching in 27/10/25

206


Reply


13 replies

@SunnyKFacts
2 years ago
LEGEND IS BACK WITH NEW STYLE OF ROAST😂

32K


Reply


61 replies

@MunnaShubhamThakur
2 years ago
Was missing this carry alot 🫶🥹

6.3K


Reply


13 replies

@AyushMore
2 years ago
Loved this new style of roasting! 🔥
Let's go Carry Bhai 💪

7.6K


Reply


37 replies

@M10_KING________
2 months ago
Piyush Piyush Piyush😂😂😂

488


Reply


2 replies

@NaseemAns
2 years ago
Sourav Joshi Was Epic ( Piyush 😂 Chachi 😆 )

5.5K


Reply


14 replies

@mohit_xd
2 years ago
8:38 Epic Part😂🔥

3.2K


Reply


4 replies

@Samratkipathshala
2 years ago",0
6967,5XVoRGhrhZk,Anyone in 2025 😂,2
6969,5XVoRGhrhZk,0:54 legend notice BMW ❤,0
6970,5XVoRGhrhZk,Same same but differentttttttttt 😂,0
6972,5XVoRGhrhZk,Anyone in 2025 NOVEMBER😊  👇👇,0
6974,5XVoRGhrhZk,Carry`s video never getting old🤣☠️,0
6975,5XVoRGhrhZk,Ambani mere lodee peee 😂,0
6976,5XVoRGhrhZk,8 Nov 2025❤,1
6977,5XVoRGhrhZk,After 2 years,0
6978,5XVoRGhrhZk,Anyone just watched 😂🎉,0
6979,5XVoRGhrhZk,Kaha le Jah rahe ho din may said by chachi of sourabh😅😅😅,0
6980,5XVoRGhrhZk,One one today ❤,2
6981,5XVoRGhrhZk,Any one in 2026 😢,1
6983,5XVoRGhrhZk,11:27 ambani mere lode pe was epic 😂😂,0
6985,5XVoRGhrhZk,Kon Kon 2025 me dekh raha hai like kare,0
6986,5XVoRGhrhZk,Anyone today?,0
6987,5XVoRGhrhZk,Anyone today?,1
6988,5XVoRGhrhZk,Who watches 06/11/2025,0
6989,5XVoRGhrhZk,The song at the end is pretty good.,0
6991,5XVoRGhrhZk,We Made The Right Person Famous.✅ I am also YouTuber❤,0
6993,5XVoRGhrhZk,Ambani mere l@de pe he😂,1
6995,5XVoRGhrhZk,Bhai Sourav Joshi ke Ghar same to same ha,0
6996,5XVoRGhrhZk,Anyone tdy?,1
6997,5XVoRGhrhZk,Who's watching in 5/11/25,0
6999,5XVoRGhrhZk,Monu in maiyat gayi ma chudane😂,0
7000,5XVoRGhrhZk,Any one today 😂😂,354
7001,5XVoRGhrhZk,11:27 is very funny. 😅😅😅😂😂😂😂❤❤❤🎉🎉🎉,0
7002,5XVoRGhrhZk,Any one watching in 2025? ❤,1
7003,5XVoRGhrhZk,5:10 din me hi 😂,0
7004,5XVoRGhrhZk,"10:44 ""Monu ke modak Gaye maa Chudane "" really unexpected 😂😂",0
7007,edx_qdEBAf0,Boht hee badiya bna...first time thori difficulty hue..but abb mai 2 baar bna chuki...very tasty and crispy...thanks ma'am 😊,0
7008,edx_qdEBAf0,Apke har recipe ache rhte hai,0
7009,edx_qdEBAf0,Inhe bnakr ek din store bhi kr skte h?,0
7010,edx_qdEBAf0,Kya is tarah Se Khali kacche aalu se bhi ban sakta hai kuchh,0
7011,edx_qdEBAf0,Suji ko bhogi kr rest dena hai kya??,0
7014,edx_qdEBAf0,Mere to tel me hi bhikhr gye Kyu,0
7016,edx_qdEBAf0,Fut gye kyu,0
7017,edx_qdEBAf0,"Bade dalte waqt oil uchhal raha hai madam. Log to apna haath jalaa lenge. Aap ko to practice hai. Ye ghalat baat hai. Afsos hua dekhkar, aap itni badi youtuber hai, aur is tarah se aap ko kisi ka khayal nhi hai. 😢😢😢😢",0
7018,edx_qdEBAf0,Suji Vada bana ke liye baking g soda ki jarurt hoti hai bateya,0
7019,edx_qdEBAf0,Suji Vada ke liye dahi ki jarurat hoti hai bateya 🙏,0
7020,edx_qdEBAf0,"Nice rava Vada ❤ pls bateya besan ,aata,moong dal se ban sakta hai bateya 🙏",0
7021,edx_qdEBAf0,Naryal ki chatni bna sakte he,0
7022,edx_qdEBAf0,I tried today comes well tq ❤,0
7023,edx_qdEBAf0,Very nice ❤❤❤❤,0
7025,edx_qdEBAf0,Jay Shri Ram 🙏,0
7026,edx_qdEBAf0,Budhiya hum huma rahi hai..hum..hum..hum..hum,0
7027,edx_qdEBAf0,Bahot.achhi.resipee❤thanks,0
7028,edx_qdEBAf0,Very Tasty.Sisterjee.,0
7030,edx_qdEBAf0,Crispy  vada,0
7032,edx_qdEBAf0,Mene bnaye aunty ji. Bahot hi tasty bne. Thanku so much. Ese hi ap new and delicious recipes upload krte rhiye.,0
7033,edx_qdEBAf0,Is this upma rava,0
7034,edx_qdEBAf0,soda dalna jruri h kya,0
7035,edx_qdEBAf0,It's  good recipe❤I like it😊,0
7036,edx_qdEBAf0,NIC PRESENTATION.          SOMWAR..  ....   .11///03///2024.......,0
7038,edx_qdEBAf0,Dahi skip kar sakte hain plzz reply me,0
7039,edx_qdEBAf0,Apki sari recipe perfect hoti h 👌,0
7040,edx_qdEBAf0,Good afternoon ma'am 👌👍👌👍👌👍👌👍👌👍 see something tasty see something new,0
7042,edx_qdEBAf0,Baking soda skip korne se kya vada nahin banega??,0
7043,edx_qdEBAf0,Bahut achha... Jiska daal khana mana hai uske liye good option...,0
7044,edx_qdEBAf0,Nice recipe. I always fallow ur recipes. 👍,0
7046,edx_qdEBAf0,Supper recipee thanks mam,0
7047,edx_qdEBAf0,Thanks Nisha ji very fine recipe i am big fan of you,0
7048,edx_qdEBAf0,"Easy and tasty,heat medium or low, anyways your voice is sooo soothing,? 💞💞💞",0
7050,edx_qdEBAf0,It's simple and easy recipe to make Rava-Sooji vada.  No soaking and grinding . Il liked it and can make now Rava Vada easily. Thanks Nishabahen.,0
7051,edx_qdEBAf0,Supper tecippe thanks mam,0
7052,edx_qdEBAf0,Very delious recipee thanks mam😮,0
7053,edx_qdEBAf0,"Thank you so much for sharing your recipes, I'm making dhosa and all the south indian food in my restaurant in ladakh and people loved it ❤. Sending much love from the cold Mountains ( LADAKH ) 🙏🙏🌹❤️",0
7055,edx_qdEBAf0,acha nhi bana maam us barapki recipe thek nhi thi,0
7056,edx_qdEBAf0,Thanks Nisha Ma'am for this lovely recipe ❤️❤️,0
7057,edx_qdEBAf0,"Ma'am mere bade kaafi hard the,,Aisa q hua kya sim gas par fry kiye isiliye??",0
7058,edx_qdEBAf0,Yummy my fevret recipe 😋 today i am going to make this dish at evng i watched video and l am going to prepare batter tq mam 🙏👍👍,1
7059,edx_qdEBAf0,Thank you so much ma'am...👍🤗,0
7060,edx_qdEBAf0,Thank you aunty I'll will make wada it's my 😍 favourite,0
7061,edx_qdEBAf0,Rava. Vada. Bhut. Acha.  Bhai. Sad. Ko.  Bhut. Laga. Thakur. Nisha,0
7062,edx_qdEBAf0,Thanks mam very nice recipe easy to make & yummy 🤤,0
7063,edx_qdEBAf0,Thank you Mam you are amazing 👏,0
7065,edx_qdEBAf0,You posted this recipe 6 years back.others are doing now.,0
7066,edx_qdEBAf0,Very easy & delicious recipes mam Thank you,0
7067,edx_qdEBAf0,Can make dahi wada with this,0
7068,edx_qdEBAf0,I made it today..n was really very tasty n crispy..thank u mam,0
7069,edx_qdEBAf0,Yummy Delicious recip mam,0
7070,edx_qdEBAf0,Kya in vado ko dahi m nhi dal skte,0
7071,edx_qdEBAf0,Very nice recipe👍👍👍,0
7072,edx_qdEBAf0,really fast mam🙂🙂thanks,0
7073,edx_qdEBAf0,Kya inhe sambhar ke sath serve kar sakte hai,0
7074,edx_qdEBAf0,Hamara wada soft nahi bana why.,0
7075,edx_qdEBAf0,Nice simple easy recipe. Looks yummy. Thanks for sharing. Will try.. 😋😅,0
7076,edx_qdEBAf0,Mam it turned out a miracle recipe......n ultimate taste 😋.........,0
7077,edx_qdEBAf0,Mam soft nhi bne tight bne kyu?,0
7080,edx_qdEBAf0,Can we have it with sambhar,0
7081,edx_qdEBAf0,Thnku mam.i try this recipe . It was so good in taste.keep sharing more more recipes 💖,0
7082,edx_qdEBAf0,aap Kha se ho mem,0
7083,edx_qdEBAf0,Mam kaun sa dahi meetha ya khataa dahi,0
7084,edx_qdEBAf0,Pehli baar ye recipe sikne ko mili thnx Nishaji.See all videos always,0
7085,edx_qdEBAf0,Thanks aunty . It's too tasty . My grandfather likes more,0
7086,edx_qdEBAf0,Add work th hb,0
7087,edx_qdEBAf0,"Very nice, Mam aapka Namaste bolne ka tarika bahot acchha lagta hai,dil khush ho jata hai",0
7088,edx_qdEBAf0,Sooji roast kr k use krte he ys ese hi??Fry krne k liy oil zyada quantity me lena chahiy ya shallow fry bi ho skta he??Dahi na ho to kya use kre??,0
7089,edx_qdEBAf0,Hello mam... Maine aapki recipe se tyar kiye ye vade... But rabbar se khich rhw h... KyuMujhse kya kmi hoi... Plz btaiye,0
7090,edx_qdEBAf0,THE BEST VIDEO ON THE UTUBE AND YOU ARE THE BEST AND MOST POPULAR,0
7091,edx_qdEBAf0,Thank you nisha ji aap ki recipe ke liye bohot acha the,0
7092,edx_qdEBAf0,Aunto apka ghar khan hai,0
7093,edx_qdEBAf0,Can we use Eno instead of baking soda,0
7094,edx_qdEBAf0,Baking soda ki jagah eno le sakte h kya mam....,0
7095,edx_qdEBAf0,Replacement of curd,0
7096,edx_qdEBAf0,Mam baking powder use kr sakte hai vadda mein without baking soda..please bta dijiye reply..🙏🙏,0
7097,edx_qdEBAf0,Very nice 👌,0
7098,edx_qdEBAf0,Amazing videos,0
7099,edx_qdEBAf0,From long time i am following ur recips so nice loveur cooking semolina recipes,0
7100,edx_qdEBAf0,Teasty reacipe,0
7101,edx_qdEBAf0,Thank you ma'am.. I have try this and I have made with your given steps.. It's perfect and tasty.. 😋😋,1
7102,edx_qdEBAf0,"Konsi soji lene chahiya : upma rava, idli rava ??? Plz Answer kare",0
7104,edx_qdEBAf0,Ma'am I made this. It was very tasty. My husband also liked it. But Ma'am they were too oily and very crunchy. Can you please tell me what mistake I did? I used exact measurements of everything. But I used fine semolina.,0
7107,edx_qdEBAf0,Thankyou Nishaji,0
7109,edx_qdEBAf0,I like all your videos and your tips intelligently you show... 👍🏻❤️,0
7110,edx_qdEBAf0,Very testy mam,0
7113,edx_qdEBAf0,Love to cook with you.This vada was very easy and taste.Thank you.,0
7114,edx_qdEBAf0,Red velvet cake please🙏🙏🙏🙏🙏🙏🙏 upload tomorrow,0
7115,edx_qdEBAf0,Motichoor ladoo recipe upload🙏🙏🙏🙏🙏🙏🙏🙏🙏🙏🙏🙏🙏🙏🙏🙏🙏 please,0
7116,edx_qdEBAf0,"Mere husband ko bahut pasand aate hain ye wade, thank you 🙏",0
7117,edx_qdEBAf0,Sahi panier respi,0
7118,edx_qdEBAf0,Very very nice 😍🙏,0
7119,edx_qdEBAf0,Love watching your videos,0
7121,edx_qdEBAf0,Ma'am can i make this batter at night and keep it in refrigerator for morning use....???,0
7122,edx_qdEBAf0,"Hi, which type of rava I need to use in this recipe? Coarse or fine? Roasted or uncoated?Also,  can I keep left over batter in the fridge and use it next day? Or prepare ahead of time and leave in the fridge until I want to use it?Thank you 😊",0
7124,edx_qdEBAf0,Bina dhi ka bn skta plz btao,0
7127,edx_qdEBAf0,Ur talk and ur recipes are very nice,0
7128,edx_qdEBAf0,superb and yummy semolina vada recipe,0
7131,edx_qdEBAf0,It was amazing,0
7134,edx_qdEBAf0,Thank u mem mai y kl try krungi,0
7135,edx_qdEBAf0,Ise banane me kitni baar apka haath jalaa tha,0
7137,edx_qdEBAf0,"Good recipe Madam Ilike your all recipe, So nice",0
7140,edx_qdEBAf0,Mam Meine bhi aapka recipe try kia aise toh tasty bana par mera thoda hard bana hai plz bataiye na Meine kya galti kia kyu hard bana,0
7141,edx_qdEBAf0,Thank u for the recipe,0
7145,edx_qdEBAf0,Nice recipe mam I made tasty vadas successfully 😍💝,1
7146,edx_qdEBAf0,"Are bahh, ye to bahut achha tarikh h baad banane ka. Jarur try korungi...",0
7147,edx_qdEBAf0,Mam microwave me  ye vada bna skte h kya,0
7148,edx_qdEBAf0,Waohh yummy,0
7149,edx_qdEBAf0,My mom tried this it did not come out like in the picture 😡😡🤬🤬,1
7151,edx_qdEBAf0,Can we use baking powder instead of baking soda,0
7152,edx_qdEBAf0,No I'm  baking this vada,0
7153,edx_qdEBAf0,Ma'am vade oil me daalne k baad kadhai me chipak jaate hai.. kya karu??,0
7154,edx_qdEBAf0,You are the best,0
7155,edx_qdEBAf0,So easy thanks mam.I love it very much.😊,0
7156,edx_qdEBAf0,Thanks a lot. I have made it.,0
7158,edx_qdEBAf0,Just Dekha video and banaya.. Superb Bana. Thnx mam,0
7159,edx_qdEBAf0,Hi. I made this. It tasted good but it was hard. It was not soft. Pls tell the reason.,0
7161,edx_qdEBAf0,Amazing ♥️ it is possible with you only ma'am,0
7163,edx_qdEBAf0,aunty ji appka dil se dhanvad,0
7164,edx_qdEBAf0,Nice sooji sticks ads,0
7165,edx_qdEBAf0,Super easy recipe,0
7166,edx_qdEBAf0,Media vada me urad dal me dusari dal ko mila sakte hai kya?,0
7167,edx_qdEBAf0,Dahi khatta ya meetha,0
7168,edx_qdEBAf0,Ma'am you are simply awesome,0
7169,edx_qdEBAf0,"Thank you, Nisha Ji for tasty recipe. It was delicious but consumed lot of oil making it difficult to enjoy without guilt. Any tips for this?",0
7170,edx_qdEBAf0,Thanks mam very nice and easy recipe  and it's very yummy,0
7171,edx_qdEBAf0,Mam dani  milanazaruri h kya bina dahi k nhi ban sakte h kya aur dahi mithi ya khatti,0
7172,edx_qdEBAf0,Thanks a lot,0
7173,edx_qdEBAf0,Superb recipe. Can we use baking powder instead of baking soda,0
7176,edx_qdEBAf0,Very easy and very crispy 😋😋😍😍😍,2
7177,edx_qdEBAf0,Mungfali dane ki aur hari chatni kaise banate he,0
7178,edx_qdEBAf0,Can we use amul dahi for this?,0
7179,edx_qdEBAf0,"Super mam really it is very different, sure to try.",0
7180,edx_qdEBAf0,mam Isme bina sode ke ye ful jayega??,0
7181,edx_qdEBAf0,Mam I made it today and its really awsome..  Thank you so much.,0
7183,edx_qdEBAf0,Apki basannan khatai receipe bhut tasty thi,0
7184,edx_qdEBAf0,Thanks Mam 😊🙏,0
7187,edx_qdEBAf0,I made it today!  Turned out super! Very crispy!  Thank you!🙏,3
7188,edx_qdEBAf0,I hardly comment. But her voice is so soothing and the way she explains..and everything abt her is just amazing,2
7189,edx_qdEBAf0,Mam bahut acha tasty tasty bana yummy 😋😋😋🙏,0
7190,edx_qdEBAf0,Tq so much mam🙏🏻🙏🏻🙏🏻Really yammy nd very testful it one ...⚘⚘⚘😋Super💓💓💓💕💞😋😋😋😋😋,0
7191,edx_qdEBAf0,Ha maam bahot hi testy bane,0
7192,edx_qdEBAf0,Kapde pr paani lagayege or oil me bada dalty waqt oil udhega Nahi na,0
7193,edx_qdEBAf0,Nice try karege hum zaroor,0
7195,edx_qdEBAf0,Can we use eno instead of baking soda,0
7197,edx_qdEBAf0,I have tried the recipe...it was really very tasty,0
7198,edx_qdEBAf0,I will try today morning breakfast,0
7199,edx_qdEBAf0,Suoerb maam 👍👍🙏🙏,0
7201,edx_qdEBAf0,Maine try kia par pan me dalte hi sare vade toot k fail gaye 😔,0
7202,edx_qdEBAf0,Thank you  Nisha di for the recipe....God Bless U😇❤️,0
7203,edx_qdEBAf0,I tried this recipe its was yummy and i shared to my relatives also,0
7204,edx_qdEBAf0,Mam dahi skip kar sakte he kya?,0
7205,edx_qdEBAf0,Testy vada👌,0
7206,edx_qdEBAf0,Thank u for giving good items madem.  I will prepare the same today.,0
7207,edx_qdEBAf0,Aap ki hr recipe lajwab kitne ache se smchati hai aap greattttttttt u r,0
7208,edx_qdEBAf0,Hii mamAaj Maine Rava vada banaya.Bahot testy huaThanks 🙏🙏🙏,0
7209,edx_qdEBAf0,Kya hum dahi ki jagah chaas ka use kr sakte h agar ha to kitna chaas lena h?,0
7210,edx_qdEBAf0,App her saman bhot acha banati hai,0
7211,edx_qdEBAf0,Hello mam Can I make this in appe pan ? Please reply,0
7214,edx_qdEBAf0,Can i use mint as a substitute of coriander,0
7215,edx_qdEBAf0,It looks so tasty,0
7216,edx_qdEBAf0,YOU ARE BEST,0
7219,edx_qdEBAf0,Ma'am Can we use Eno as a substitute of Baking soda for it??,0
7220,edx_qdEBAf0,I have tried the recipe. It was really tasty 😊😊,1
7221,edx_qdEBAf0,Vada bht acha bnta h but suji absorbed so much oil,0
7222,edx_qdEBAf0,I have tried the recipe... it was really very 😋 tasty,6
7225,edx_qdEBAf0,I prepared this vada .. I felt like I prepared upma n deep fried in oil.... It taste like upma.....I will never ever try this in my life,6
7226,edx_qdEBAf0,Maine ae recipe  try kya bht testy  bna tha😊😊 thankuu mam for this recipe,0
7227,edx_qdEBAf0,Nice meduvada👌👌,0
7228,edx_qdEBAf0,Nice and easy,0
7229,edx_qdEBAf0,Excellent and quickly u can make very good recipe 👍 thank u mam👌,0
7230,edx_qdEBAf0,We have to use mitha dahi or khatti,0
7231,edx_qdEBAf0,Dikhne me easy h banane me bht tough maine try kiya foole hi nhii fir soda dala maine,0
7232,edx_qdEBAf0,Mam I have tried to make but as and  when I put in batter it breaks in oil,0
7235,edx_qdEBAf0,If we don't have curd ...then what we do,0
7236,edx_qdEBAf0,wow really nice and easy recipe I tried it very delicious😋😋😋,1
7237,edx_qdEBAf0,Super tasty recipe,0
7238,edx_qdEBAf0,Today I am this vada it is delicious please posted a video on veg kothe,0
7240,edx_qdEBAf0,Excellent ma🙏,0
7241,edx_qdEBAf0,Very good vada,0
7242,edx_qdEBAf0,Very good nd tasty breakfast,0
7243,edx_qdEBAf0,Kal mai b banaungi apni mom k liye she loves vada sambar,0
7245,edx_qdEBAf0,"Hi mem , mene suji pitha bnane ki koshish ki thi suji me lamas pd gye fir mene use night ko freez me rkh diya ab us ka kya bna skti hu😔😔😔ki mera saman khrab na ho 😥😥",0
7246,edx_qdEBAf0,Yummy tea time snack,0
7247,edx_qdEBAf0,Nishaji namaste Maine aaj ye wade  banaye bahut hi mast bane the Ekdum crispy sabko bahut pasand aaye thank you Nishaji recipe ke liye,0
7248,edx_qdEBAf0,Me aj banayai thi bahut testy tha,0
7249,edx_qdEBAf0,Mam I tried it today 🦄🦄☺️☺️,0
7250,edx_qdEBAf0,Today i made your recipe very nice and teasty thanku mam 👌,0
7251,edx_qdEBAf0,Hii mam Today I made your recipe very nice and testy thanku 😘,0
7253,edx_qdEBAf0,Nice supper tasty,0
7254,edx_qdEBAf0,Dahi na ho to kya kre,0
7255,edx_qdEBAf0,Nice video I try itReally,0
7256,edx_qdEBAf0,Maam baking soda na ho to??,0
7257,edx_qdEBAf0,Mam u r soooo sweet.... Awesome....,0
7258,edx_qdEBAf0,Banaya lekin bahut kadak ban gaya,0
7259,edx_qdEBAf0,fine rava or thick rava?,0
7260,edx_qdEBAf0,Bina soda ye vada bana sakthe hai?    Soda khana pasanth nahi toh kya kare?,0
7261,edx_qdEBAf0,"Mam....thank you.Mam ,Can we prepare it without curd?",0
7262,edx_qdEBAf0,Isse oven me nhi bna skte kya without oil,0
7263,edx_qdEBAf0,Apki har recipe bht tasty hota hai thank you so much for sharing tasty recipe ap bht acha acha banate hai maja aa jata hai khake..,0
7264,edx_qdEBAf0,Thaank you!!,1
7265,edx_qdEBAf0,Thank you so much... Ma'am I really love your recipes...,1
7266,edx_qdEBAf0,What can I use if I don’t have curd?,0
7267,edx_qdEBAf0,Good morning ma'am. Why my vadas were not crispy?,0
7268,edx_qdEBAf0,Plzzzz koi nya nya cooking krne wala ho to mt try krnaQk kl meme try kiye mere se bne hi ni 😒😒Fr ek instant idea aaya Boil aalu k chote chote piece kiye unko is better m lpeta or fr fry kiya .....sch m bht tasty lge😋😋😋 bch gai ni to pitai hoti saman brbad krne k liye😁😁😁,0
7269,edx_qdEBAf0,"Hi Nisha jee....I had tried Ur green peas idli,my toddler loved it....now we wanna try the recipe of urs,can u Tel us how many grams of sooji is used?",0
7270,edx_qdEBAf0,Hi nisha ji maine wade banaye same apki recipe se par who hard ho gaye can u plz tell me were is d mistake,0
7271,edx_qdEBAf0,"Hi Maam...I just tried it,But when I fried Vada from Oil it became very hard,It was hard even to cut the wada...Why so..",0
7272,edx_qdEBAf0,love to see your all video I tried maximum of your recipes my all family members love this thank you mam,1
7273,edx_qdEBAf0,Mam I like you all recepies love u mam,0
7274,edx_qdEBAf0,Baking soda na ho toh kya use kre,0
7275,edx_qdEBAf0,Very easy recipe 👍👍👍👍👌👌👌👌👌,0
7277,edx_qdEBAf0,Thanks. I'll try it today. Love u Mam,0
7278,edx_qdEBAf0,Ma'am sujise vada e jyada oily nai lagege,0
7281,edx_qdEBAf0,It's awesome my family is loving this recipe and enjoy it thanks to you,0
7282,edx_qdEBAf0,Aap ka to jawab hi nahi 👌,0
7283,edx_qdEBAf0,Mam maine ise banay the but y hard bane isa ku,0
7284,edx_qdEBAf0,I tried ur vada recipe then i taste it so its does'nt like that taste what was i thinking n thought it will be waste now  but suddenly i thought to utilise this vada somewhere else so i made dry sabji of it n really it was awesome everybody become fan of it me too so thanks for it mam .......,0
7285,edx_qdEBAf0,WowwwBut mem hum bina baking soda k bana skte he...?,0
7286,edx_qdEBAf0,What we can add instead of curd ?,0
7287,edx_qdEBAf0,baking soda is necessary fr this dish??,0
7288,edx_qdEBAf0,"Aapka wala batter bahut badia bana hai. Mene jo vade babaye vo hard ban gaye, pls guude kare Mam🙏",0
7289,edx_qdEBAf0,"Mam, pehle to batter patla bana n fir suji milane se thida hard banaya. Pls Mujhe guide kare.🙏",0
7290,edx_qdEBAf0,Can i make without baking powder ??,0
7291,edx_qdEBAf0,Wow mam yummy,0
7292,edx_qdEBAf0,I love the recipi thanks mam,0
7293,edx_qdEBAf0,Very nice madam,0
7294,edx_qdEBAf0,Mam i trying this vada now  sll recipe re superb,0
7295,edx_qdEBAf0,mam dhi vade m dhi khatti bhi chl jayegi ya mithi hi honi chaiye,0
7296,edx_qdEBAf0,Vada recipe is toooooo good.,1
7297,edx_qdEBAf0,Thank mam nice,0
7298,edx_qdEBAf0,Thank-you mam ❤,0
7299,edx_qdEBAf0,Mam can we use  rice atta with rava,0
7300,edx_qdEBAf0,I like u mam u r so good😁,0
7301,edx_qdEBAf0,"I made it,bahut testy bana mam Thank you so much",0
7302,edx_qdEBAf0,We add Jeera Hing and chilli flakes as well to the batter. Thnq.😍💜😍💜,0
7304,edx_qdEBAf0,Mam baking soda ke jagah Eno le sakte hai kya,0
7305,edx_qdEBAf0,Very very nice respic,0
7306,edx_qdEBAf0,Thanks for showing receipe such simple way in emergency.,1
7307,edx_qdEBAf0,"Very nice & quick recipe ,mam ur recipe too good",0
7308,edx_qdEBAf0,Wah nisha ji great!!,0
7309,edx_qdEBAf0,Thanks madam.naice  recipe.,0
7310,edx_qdEBAf0,Kya machine se bhi bana sakte hai.,0
7311,edx_qdEBAf0,Thanks for the recipe 😋😋😋😋😋👌👌👌👌👌👌,0
7312,edx_qdEBAf0,Narayan Narayan Narayan Ji bahut badiya,0
7313,edx_qdEBAf0,Suzi vda bhi sambhar ke saath serve kr skte h kya pls reply,0
7315,edx_qdEBAf0,Nisha mam hum isme pise hue bread crumbs or chopped onions add kr skte hain kyaPlz reply,0
7316,edx_qdEBAf0,Very nice recipe trick. Kapde me rakhkar itna sundar akaar ka banane ka accha tareeka hai.Thank you.,0
7317,edx_qdEBAf0,Tqs mam very wonderful 🙋video,0
7318,edx_qdEBAf0,Hi ma'am how are you ma'am your talking style so smutty & lovely & your recipes is so awesome thanks,0
7320,edx_qdEBAf0,Mam plzzz veg racipi..btwea mikrow I I sawth plzzz mam,0
7321,edx_qdEBAf0,All recipes super great Nice 👌 madam you're Hardworking women and you are great mam.,0
7323,edx_qdEBAf0,"Wow, super, should we road the suji?Superb idea to make the dough into shape with a piece of cloth wrapped around a vessel. You are very smart and have solved a 10 year old problem.  Will it work for urad vada also ?  But taste of urad dal vada will be far better than suji.",0
7324,edx_qdEBAf0,"Thank you so much maamSurprised my parents with few of the dishes And I followed your recipe Of sooni Vada, dahi ki chutney and custard Wasn't so perfect but my parents loved everything ☺️thank you for all the amazing recipes",1
7325,edx_qdEBAf0,And best vada,0
7326,edx_qdEBAf0,Vada chatni s video babai ye,0
7327,edx_qdEBAf0,Wow mam  you made it so easy...m I always wanted to make vadas but was afraid of not getting proper n real shape of it... thanks for  sharing  Mam it's really very nice n easy recipe...,1
7329,edx_qdEBAf0,Thank you ma'am,0
7330,edx_qdEBAf0,Supar nice 😋😋😋😋😋,0
7332,edx_qdEBAf0,Can we make the batter and store it overnight?,0
7333,edx_qdEBAf0,Can we make the batter and keep it overnight?,0
7335,edx_qdEBAf0,Yammy!!😋😋😋🤩🤩,0
7336,edx_qdEBAf0,Nice mam. Mam oil ekdam garam hona chahiye ya medium hot hona chahiye,0
7337,edx_qdEBAf0,very nice recipe 😘😆,0
7338,edx_qdEBAf0,Excellent recipe. Can I make dahi vada out of these suji vadas?,0
7339,edx_qdEBAf0,Wahhhhh lajwabbbbb,0
7341,edx_qdEBAf0,😍😍😍 nice mam,0
7342,edx_qdEBAf0,You are great mam..,0
7344,edx_qdEBAf0,Agar suji meh garam pani meh bigoyen ge tho suji achha pulegi 10 minutes ke badh baki samagri dal kar banayenge tho soft rahega,0
7345,edx_qdEBAf0,Baut acha tarika h btany k,0
7347,edx_qdEBAf0,Nice recepie mam,0
7348,edx_qdEBAf0,"I tried it, But hard vada baana,Soft n crispy karne k liye tips dijiye",0
7349,edx_qdEBAf0,Nyc Recipe Mam,0
7350,edx_qdEBAf0,Nisha ji vada bahuth acchai han ....I VL make on sunday,0
7351,edx_qdEBAf0,Waha mam V. Yummy,0
7352,edx_qdEBAf0,Thanku so much Nisha ji suji ke gulabjamun bhi easily bn jate he Kya. And ache lgte he Kya wo khane me ap btayenge to hi me hi try krungi,0
7353,edx_qdEBAf0,Wow mam ye taste me kese lgte hain. And easily bn jate he kya,0
7354,edx_qdEBAf0,Verry worst recipie  this soji vada i tried to tell this word. After frying to get soji vadai is eaten like a stone,0
7355,edx_qdEBAf0,Hi friends Jo bhi digital network marketing biss.krna chahe pls join my what's up 7217790029,0
7356,edx_qdEBAf0,Nisce mam thank u,0
7357,edx_qdEBAf0,Supper nisha mam,0
7358,edx_qdEBAf0,Ma'am baking soda ke bina bhi bana sakte hain?,0
7359,edx_qdEBAf0,Kya eno bhi dal skate he,0
7360,edx_qdEBAf0,Bhut hi badiya medu bade name thank u so much mam...😘😘💞💕💕👍👍,1
7361,edx_qdEBAf0,Aunty ji aap mujhe bahut acche lagte ho aapki Jo recipe hai hi bahut easy hai thank you so much,0
7362,edx_qdEBAf0,Thank you m'mm.,0
7363,edx_qdEBAf0,Great amma...,0
7364,edx_qdEBAf0,Thanks di aapne bahut badiya banaya hai,0
7366,edx_qdEBAf0,Is baking soda necessary?  Please tell or can we use eno powder.,0
7367,edx_qdEBAf0,Hello Ma'am. Yesterday i made Rava Vada as u guided. The receipe turned out so well. We enjoyed ur receipe. On behalf of my family i m extending my thanks n appreciation to you❤💐,1
7368,edx_qdEBAf0,Recipe nice,0
7369,edx_qdEBAf0,My fevret dish👌👌👌👌👌👌,1
7371,edx_qdEBAf0,V Yummyyyyyyyyyy 👌👌,0
7372,edx_qdEBAf0,V.tasty nd yummy.,0
7373,edx_qdEBAf0,Thanks mam easy recipe share karna ka liya. Mam u r the best. I started this cooking journey because of your easy recipe of Dhokla. Its yummy recipe. And now i m little good in cooking. Thanks mam .i m your old subscriber. Nd i always watch your cooking recipe its a wonderful. 😀,1
7374,edx_qdEBAf0,Southindian sambhar masala,0
7376,edx_qdEBAf0,maysur nonda,0
7377,edx_qdEBAf0,Thanks  Madam,0
7378,edx_qdEBAf0,You are very good you have made it easy to make vadas,0
7379,edx_qdEBAf0,"Itni achhi se bataneke lie,apko bahut dannobad",0
7381,edx_qdEBAf0,Baking soda ka vikalp batayiye,0
7382,edx_qdEBAf0,Wow meme very nice barde h,0
7383,edx_qdEBAf0,"So creative. I cannot think of making varas with suji. Thanks for teaching them. Teach me paneer parathas,  stuffed,  soft  and lot of filling,  so that filling does not come out.",0
7385,edx_qdEBAf0,O wao  mam i m ur fan,0
7386,edx_qdEBAf0,Agar dahi nhi ho ghar par toh,0
7387,edx_qdEBAf0,Ma'am can we make vada in mould and then fry them,0
7388,edx_qdEBAf0,Good recipe,0
7389,edx_qdEBAf0,"Hai! Nisha, can we add small pieces of coconut to the Rava mix, I think it may  taste good, as we add in Urdhal vada",0
7390,edx_qdEBAf0,Waw mam pless chatni banani bhi btao nariyal ki mam plesss thx,0
7391,edx_qdEBAf0,Nisha ji maine suji ke barre banayen.bahut hi swadisht aur kurkure bane.yadi baking soda nahi den to kaisa rahega kyonki mujhe aisa laga ki soda ke chalte thora jyada oily ho gaya tha. Kripya apna sujhaw den.,0
7393,edx_qdEBAf0,I got interest in cooking only after seeing you.. thanks for being an inspiration for so many beginner's like me..,0
7394,edx_qdEBAf0,Thank fr this video,0
7395,edx_qdEBAf0,Nishaji thanks,0
7396,edx_qdEBAf0,Thanks for the super recipe madam. I made for today's breakfast with pongal. It came out well,2
7397,edx_qdEBAf0,Soda nahi dala you calendar mam?,0
7398,edx_qdEBAf0,Mam your method of cooking is simple I love your reciepes,0
7400,edx_qdEBAf0,Can we keep the batter for overnight,0
7402,edx_qdEBAf0,Can we use baking powder instead of baking soda,0
7403,edx_qdEBAf0,Very nice suji ka vada,0
7404,edx_qdEBAf0,We prepared it's very nice thank you 😃😃😃😃,0
7406,edx_qdEBAf0,Great mam.. lot of subscribers..,0
7407,edx_qdEBAf0,Is bade ko bina dahi k Bana sakte hai Kya mam?,0
7409,edx_qdEBAf0,v good nishamadhulika mam  thank you👍👍👍👍👍🍴🍴🍴😉😉😍😍,0
7410,edx_qdEBAf0,Hello mam aj aftari me ise try kiya tha lekin ye uper se kurkura tha lekin andar se baht fula hua naram tha maine medium anch pe hi banaya tha kisi ko bhi pasand nai aya,0
7411,edx_qdEBAf0,Suji bhuni hui chalegi,0
7412,edx_qdEBAf0,Wao instant break fast 👌,0
7413,edx_qdEBAf0,Wao amazing 👌👌👏👏,0
7414,edx_qdEBAf0,"I tried  it but the vadas were a little  hard,  a bit more crispy from outside not  that fluffy from Inside  plz  state the reason  where I had gone wrong",0
7416,edx_qdEBAf0,Ma'am can we skip curd???,0
7417,edx_qdEBAf0,Ata mix kar skte hae kya or paani,1
7418,edx_qdEBAf0,Curd na daale toh ban jaega,1
7419,edx_qdEBAf0,Very good mam ji 🙏,0
7420,edx_qdEBAf0,"Nice vada ,Nisha G mei plastic sheet piece pr b rkh ki bnati hn mash ki dal k",0
7421,edx_qdEBAf0,kisne itni achi aur easy recipe ko dislike kiya h,0
7422,edx_qdEBAf0,so crispy and testy muh me pani aa gya . aesa lag rha h abhi bna le,0
7423,edx_qdEBAf0,Very essay and tasty,0
7424,edx_qdEBAf0,Really gud! I love ur recipes mam thank u so much!,1
7425,edx_qdEBAf0,Mam iam not able to shape my vadas.. what should i do for next time.,0
7426,edx_qdEBAf0,Can we eat this with sambr,0
7427,edx_qdEBAf0,Nisha ji sonpapdi banana btaiye,0
7429,edx_qdEBAf0,Wow very tasty rava vada recipe,0
7431,edx_qdEBAf0,"Nice recipe,Abhi ja rahi hun Sunday special me banane,thanks!",0
7432,edx_qdEBAf0,Sincere Thanks for Vada making 👍👍👍 ! You are a Blessing 🌷 ! S S Rao !!!,6
7433,edx_qdEBAf0,nice.mamrehan,0
7434,edx_qdEBAf0,Amazing recipe 😃😃 thnx I will definitely try it.,2
7435,edx_qdEBAf0,I try it's to yummy and amazing,0
7436,edx_qdEBAf0,So easy &    😄😄ymmm,0
7437,edx_qdEBAf0,Thanks mam😘😘😘😘😘,1
7438,edx_qdEBAf0,😋 it's yummy n easy to make thank you for this,1
7439,edx_qdEBAf0,Bahut badia nishaji me try karugi,0
7440,edx_qdEBAf0,Hamesha ki tarah lajabab,0
7442,edx_qdEBAf0,I love rava vada ☺☺,0
7443,edx_qdEBAf0,Curd ko skip nhi kar skte??,0
7444,edx_qdEBAf0,I have also tried this recipe.. Really ma'am you are great,12
7445,edx_qdEBAf0,Hiii mem  kse h aap ...m kal hi banugi is recipe kooo,0
7446,edx_qdEBAf0,Mam rava Ko  bhunna hai ya nhi,0
7447,edx_qdEBAf0,Wow 😋 Yammy aapka jabab nhi maam👌👌👌👌👌👌👌🍫🍫🍫🍫🍫🍫🍫🍫🍫📿🍕🍕🍕🍕🍕🍕🍕🍕🍕🍕🍕🍍🍍🍍🍍🍍🍍🍍🍍🍍🍍🍍🍍🍓🍓🍓🍓🍓🍓🍓🍓🍓🍓🍓🍓🍓🍓🍓🍓🍓🍓,0
7448,edx_qdEBAf0,"Mem I am your big fan,Mem Bajar jesha sumbhar kese banye.",0
7449,edx_qdEBAf0,"Wah Nisha Ji ,m yeah zaroor try krungi",0
7450,edx_qdEBAf0,Mam iska taste Dal wale Wade jaisa hi lagega na,0
7451,edx_qdEBAf0,Thankyou I love  vada thankyou so much stay healthy stay smiley stay happy bye,0
7452,edx_qdEBAf0,Mam idly rava hor ukma rava,0
7453,edx_qdEBAf0,Mam hamre bade bhut tight bante h...what to do?,0
7454,edx_qdEBAf0,Bade tel me tutege nhi,0
7455,edx_qdEBAf0,It's my favorite vodka😘😘😘😘😘😘😘,0
7456,edx_qdEBAf0,Very good madam,0
7457,edx_qdEBAf0,Itna khana banana maine apni mother se nahi seekha jitna aapne sikhaya hai. Love u youtube maa,0
7458,edx_qdEBAf0,Wow.. resy and testy recipy. .thx mam...... once I will try this ..,0
7459,edx_qdEBAf0,"Mam, vade oil me talne se isme oil absorb jyada ho gaya",0
7460,edx_qdEBAf0,Sooji vada reciepe is utter flop. Plz try any other reciepe,0
7461,edx_qdEBAf0,very nice nisha ji....apki sooji ke vade ki recipe try kari...ghar par sab ne bahut  pasand ki..thank you so much. ..keep on posting tasty recipes ☺,0
7462,edx_qdEBAf0,thank u so much,0
7463,edx_qdEBAf0,Hari mirch ki jgh laal mirch le skte h,0
7464,edx_qdEBAf0,"Madam, my mother is of 74 but she is studyinh your all receipies & making all items at our home as per your instructions. I m from Ahmedabad, Gujarat. Thanks a lot madam.",0
7465,edx_qdEBAf0,So yammi dish mam you're great,2
7466,edx_qdEBAf0,may i use appam kadai?,0
7468,edx_qdEBAf0,Super vada recipe mam 👌👍,2
7471,edx_qdEBAf0,I have made it and eat it with your sambar recipe and its awesome,0
7472,edx_qdEBAf0,Mam kya isme hum laal mirch powder bhi daal sakte hai kya??,0
7473,edx_qdEBAf0,App ki har recipi dekhati hu,0
7475,edx_qdEBAf0,Very convenient recipe. Thanks,0
7476,edx_qdEBAf0,Mam vade ka batter rat me bana k fridge me  rakhe or subha vade banake tal sakte hai kya Nashte k liye ya bachhon ko school le jane k liye???,0
7478,edx_qdEBAf0,Very nice video,0
7479,edx_qdEBAf0,Ky hum isme chawalka aata mila sakte he,0
7480,edx_qdEBAf0,Achha asaan trika suji ke vade bnane banaungi vaise hm dal ke bnate hain me to mostly  dekhti rehti hun aap dwara bnaye traha 2 ke veyanjan achha lagta hai,0
7481,edx_qdEBAf0,Nice recipe mam. Maine vada me chopped curry leaves add kiya bahut acha test aaya.😍,0
7483,edx_qdEBAf0,Very nice crunchy  and fast  to do thanks  for sharing this  wonderful recipe,1
7484,edx_qdEBAf0,Supar se bhi uper hai thankyou mam,0
7486,edx_qdEBAf0,Mam kya inko rat me pani me Duboke nahi rkhna hota kya.... dal k vde k jse? ???,0
7487,edx_qdEBAf0,Ye to bilkul sujii k pakore jsii respi h...!!!,0
7488,edx_qdEBAf0,Yummy & delicious recipe. U r such a nice chef.   Thnx mam,1
7489,edx_qdEBAf0,Thank u maaaa,0
7490,edx_qdEBAf0,Madam dahi na ho to,0
7491,edx_qdEBAf0,Nisha Iam ur fan,1
7493,edx_qdEBAf0,This is really awesome Mam...I like the technique of moulding the  vada  into that shape... I always trbld of getting good shape!!!...this gonna work's out well..:),0
7494,edx_qdEBAf0,Mam kya ise bina soda k bna skte h?,0
7495,edx_qdEBAf0,"Nishaji, I tried this receipe yesterday but had a problem. Mere banaye vade soft nahi lag rahe the, thode thande hote hi hard lag rahe the lekin tastewise it was good. Kya aap bata sakte hai aisa kyu hua hoga, please help.",0
7496,edx_qdEBAf0,Sach mein lajawab hai,0
7497,edx_qdEBAf0,Wow maam nice trick  Thanks :),1
7498,edx_qdEBAf0,Aap bohot sundar se har ek recipes banate hai aur ap bohot sundor mithi mithi bate bhi karte hai...  Thank you for cooking and speaking so kindly,0
7499,edx_qdEBAf0,Mere vada bahut hard bane suji wale 😞,0
7501,edx_qdEBAf0,can we add water instead of yogurt,0
7502,edx_qdEBAf0,can we use eno in place of baking soda,0
7503,edx_qdEBAf0,I will make tommorrow,0
7504,edx_qdEBAf0,Nice mam 👌👌👌,1
7505,edx_qdEBAf0,wow bahut vadiya mam thanx ji or vi banate rahe,0
7507,edx_qdEBAf0,🌻🌻🌻🌻poderia colocar em português,0
7508,edx_qdEBAf0,Last me jab aap khte hai ki aap bhut ashe bree bnyege ja koi or cheez v bnate hai toh didi ji j jo aapki baat hai na es hme bhut positive energy milti hai es leye hmari sari family apko bhut pasand krti hai well dn didi.... Very nice,1
7511,edx_qdEBAf0,Mam soda or baking soda me kya antar h,0
7512,edx_qdEBAf0,"Good mam ,,,dal ki vada is expective an rava is good an simple",0
7513,edx_qdEBAf0,Yummy aunty super n easy 👌👌👌,0
7516,edx_qdEBAf0,Not bad better,0
7517,edx_qdEBAf0,mine.   recipe. banna. the.   bahut.  pasand  aye. thank you very very.   so. much mam,0
7518,edx_qdEBAf0,Mam bhut achi recipe hai,0
7519,edx_qdEBAf0,Mam. very good.  very. nisy  thankyou. so. much love you. Mujhe bahut  pasand ayegi. mam,0
7520,edx_qdEBAf0,mam agr hm baking soda use n kre to vda bna paege?,0
7521,edx_qdEBAf0,Nisha ji aapki rava idli recipe bhot achi or asan lagi..Mere husband ko idli bhot pasand h but meri idli achi nahi bnti thi pr jb se aapki recipes dekhti hu sb bhot acha bnta h ... Thanks for you healthy nd nice food recipes,0
7522,edx_qdEBAf0,You are super mam,0
7523,edx_qdEBAf0,"Maam, maine bhi ye ghar mein banaya hai, ghar Valo ko bahut a66a laga, thnku maam, aap ki wajeh se meri cooking skills pehle se improve hui hai, thnku verrryyyyyyy muchhh",2
7524,edx_qdEBAf0,Baking soda mtlb meetha soda?,0
7525,edx_qdEBAf0,May we use it for School lunch ? What is the storage time?,0
7526,edx_qdEBAf0,Lovely medu bora,0
7527,edx_qdEBAf0,Kya sooji ko dry roast karna hai ya aise hi use karen,0
7528,edx_qdEBAf0,HelloNisha ji very nice cooking please tell me cheap about,0
7529,edx_qdEBAf0,Bahut hi achhi recipe hai. thank you for recipe. I will try it definitely. thank you very much.,0
7530,edx_qdEBAf0,Mam aap ki jitni tareef is suji k bade k liye kiya jai kam hai .maine bade banei  bhut hi tasty  bane hai .thank u so much,1
7532,edx_qdEBAf0,Aap buhut hi aache trike se smjati ho mem..👌👌👌,0
7533,edx_qdEBAf0,mama kya dahi ki jaga pani dal sakte hien,0
7534,edx_qdEBAf0,Mam dahi k jagah kuch or Le sakte hai kya,0
7535,edx_qdEBAf0,can I use eno,0
7537,edx_qdEBAf0,Nice resipi mam,1
7538,edx_qdEBAf0,I tried they are yummy,0
7539,edx_qdEBAf0,Can we prepare this v ada without using curd because i dont like curd please let me now,0
7541,edx_qdEBAf0,Very nice 🍳🍝🍱🍣,0
7543,edx_qdEBAf0,my Favourite recipe namaste aunti,0
7544,edx_qdEBAf0,"Ma'am Maine vade banaye, swadhist bhi Bahut badiya but Bahut hard babe the.. Baking soda and soda bicarb dono dale",0
7545,edx_qdEBAf0,Or kya hum iss mai baking powder dal saktai hai??,0
7546,edx_qdEBAf0,Mam suji kitni laini hai?( In grams),0
7549,edx_qdEBAf0,Instead of curd what I can use,0
7552,edx_qdEBAf0,thanks a lot. 😊,0
7554,edx_qdEBAf0,Super vada mam excellent vada✌👍👍🔪🔪🍽,0
7555,edx_qdEBAf0,bahu saras😋,1
7556,edx_qdEBAf0,talk too much aunty,0
7557,edx_qdEBAf0,Amma its superrrrrr bigggg wala hugggg,2
7559,edx_qdEBAf0,Very nice videos,0
7560,edx_qdEBAf0,Nice recipes,0
7561,edx_qdEBAf0,very nice mam 😊😊👌👌👌👌👌👌😘😘😘😘😘😘😘😘,0
7563,edx_qdEBAf0,I like it  so much,0
7564,edx_qdEBAf0,Very tasty  😋😋,0
7565,edx_qdEBAf0,hice video Mam aapki resapi bahot kaamal ki hoti hai,0
7566,edx_qdEBAf0,Mam hum rava idli me uble allo mila sakte h ki nhi,0
7567,edx_qdEBAf0,Mam agar hum baarik suji se vade banayenge to taste mai koi badal nahi hoga na ? And barik suji ko bhi 10min ke liye hi rest dena hoga ya usse kum ?,0
7568,edx_qdEBAf0,"Bina dahi se nhi hoga kya,agr hum paani deke batter banae toh?",0
7569,edx_qdEBAf0,Verri nish mam,0
7570,edx_qdEBAf0,Tried...So nice :),0
7571,edx_qdEBAf0,thank you mam you always guide us i easy way....  i m your fan since 2003,0
7572,edx_qdEBAf0,Malayalam  vada,0
7573,edx_qdEBAf0,mam ismain thodasa jeera dale to kya hoga,0
7574,edx_qdEBAf0,behad khub maja ayega khane main,0
7575,edx_qdEBAf0,"Mam humne aaj vade banaye, bahut achche bane & sabko pasand aaye 🙏 thanku",0
7576,edx_qdEBAf0,VERY TASTY N NICE WADA,0
7577,edx_qdEBAf0,SOOJI MEANS,0
7578,edx_qdEBAf0,nisce video mam thank u,0
7579,edx_qdEBAf0,Maine baba ya mage aise nahi aye,0
7580,edx_qdEBAf0,Woww Mam aap kitni aasani se bna leti hain.Mein bhi bnaoongi Thanks Mam,1
7581,edx_qdEBAf0,I like all your racipe👍,0
7582,edx_qdEBAf0,Thank you mam,0
7583,edx_qdEBAf0,Thanks nishaji. I will definitely try and tell you about the experience,1
7584,edx_qdEBAf0,Just made this for my husband at midnight while we were watching fifa...he loved it!!!,7
7585,edx_qdEBAf0,Beautiful recipe nam,0
7586,edx_qdEBAf0,Baking soda kitna daley ? 1 cup sooji me ?,0
7587,edx_qdEBAf0,Can idli rava be used for this recipe?,0
7588,edx_qdEBAf0,Testy yummy recipe mam,0
7589,edx_qdEBAf0,Love u mam I try this its yum aap koi recipie bataye or vo achi naa bne aisa nhi ho sakta love this recipie 😘😘😘😘😘😘😘😘😘😘😘😘😘😘😘😘😘😘😘😘😘😘,1
7590,edx_qdEBAf0,Mam aap to food bnane me genius hai,0
7591,edx_qdEBAf0,Nishaji what should vegans use in place of dahi ?,0
7592,edx_qdEBAf0,Mam i love u aap ki sari recipes bahut aachi h. Mene sab recipes banati hu thanks  mam. Aap hamari ma ki tara ho,0
7595,edx_qdEBAf0,Thank you for your recipe .,1
7596,edx_qdEBAf0,you are great,0
7597,edx_qdEBAf0,you are great,0
7598,edx_qdEBAf0,Hum bana chuke h bhaut testy tha..,0
7599,edx_qdEBAf0,What to do if it is a little thin??Plzz reply fastly coz I am making it now and the batter became little thin and I have no more semolina also...????? Plzz help mam,0
7601,edx_qdEBAf0,"Who make your Videos,",1
7602,edx_qdEBAf0,Hi good morning ma'am..... Bohot must recipe hai Thnx for sharing with us..... Kal hi humne try ki bohot testy just like hotel test 😄👍👍👍,0
7603,edx_qdEBAf0,Delicious 😋😋😋,2
7604,edx_qdEBAf0,Baking soda use na kare to nahi hoga kya??,0
7606,edx_qdEBAf0,"That's really nice, rawa vada is healthy too.",1
7607,edx_qdEBAf0,Aaj mein koi comment ni krne wali thi but kr rhi hu aapse mene kitna req.kiya aap gulkand ki receipe bta nhi rhe ho,0
7608,edx_qdEBAf0,Maie bhi banake dekh bahut achhya hua tha.. Gharwale ko ko bahut pasant aaya..😊,1
7609,edx_qdEBAf0,Narial ki chatni ka link sear kre,0
7611,edx_qdEBAf0,Nisha mam plz m khi ja rhi ho toh kuch aisa bato jo jyda time tak khrb ne ho kya banuo,0
7612,edx_qdEBAf0,It's very easy receipe. Thanks,0
7614,edx_qdEBAf0,Wow yummy..... nisha ji recipes k baare m to apka koi jawaab nahi,0
7615,edx_qdEBAf0,Nice mam aap kitna accha bolti h or kitne Acche se btati h ki koi bhi bna le thanks,0
7616,edx_qdEBAf0,Nice hum jarur try karege.,0
7617,edx_qdEBAf0,Very nice and very easy to make,0
7618,edx_qdEBAf0,Mam I will prepare to day,0
7619,edx_qdEBAf0,wow very nice thanku mam😋😋,0
7620,edx_qdEBAf0,I love u & ur recepie,0
7621,edx_qdEBAf0,NYC mam taste h,0
7622,edx_qdEBAf0,It's so nice,0
7623,edx_qdEBAf0,Nice well done nisha ji aap bahot hi pyar se samjhati ho,0
7625,edx_qdEBAf0,Nice mam:) I  also lov ur voice,0
7626,edx_qdEBAf0,real chef is nisha mundlika mam,0
7628,edx_qdEBAf0,"U know best part of ur videoes are..  u don't miss out even a little things to tell, regarding that recipe... .. I ws bad at cooking..but guru ji apke videos dekh kr now I cook good enough... A big thank you...",0
7629,edx_qdEBAf0,ty so much for this easy recipe,0
7630,edx_qdEBAf0,Its so tastyy .... i will try it . Thanku so much for sharing this recipe,1
7631,edx_qdEBAf0,"In distressed and depressed mental state,ur sweet words heals and supports me.be always as u are.thanks",6
7635,edx_qdEBAf0,"Today my mom did this rava vada, it tasted very nice.  Thank you Aunty for sharing such a nice recipe..",1
7636,edx_qdEBAf0,"Very nice, mam isme baking soda ki jagah eno daal sakte hai kya. . ?",0
7637,edx_qdEBAf0,Hello mam..,0
7638,edx_qdEBAf0,Mam apki  har recipe bht achi hoti hai...thnks for this video.,0
7640,edx_qdEBAf0,Dahi na dale to chalega kya mam?,0
7641,edx_qdEBAf0,Veru niceU r great,1
7642,edx_qdEBAf0,Thank you so much madam,0
7643,edx_qdEBAf0,Main Toh abhi bana rahi hoon,0
7644,edx_qdEBAf0,Hum to kal hi banayenge mam,4
7646,edx_qdEBAf0,Very tasty and jhatpat recipe,1
7647,edx_qdEBAf0,Hello Mam Hope your doing great I tried rava vada for iftaar It was excellent Thanks,1
7648,edx_qdEBAf0,Bohat Sundar wada,0
7649,edx_qdEBAf0,Wow....Really very nice....Mujhe bohot pasand ayi....😋😋😋😋,0
7651,edx_qdEBAf0,Karahi me dalne par vade khir(toot)  jate hai,0
7652,edx_qdEBAf0,Mam vade ko aap tod kr dikhaya kijiye...😋,0
7653,edx_qdEBAf0,Aapki har recipe sar aankhon per mam i like it sooooooooo much or aapka btane ka tarika bhut sunder,0
7654,edx_qdEBAf0,Nobody cant imagine... sooji k bare... keep it up mam,0
7656,edx_qdEBAf0,Awesome dadu thanku 😘,0
7657,edx_qdEBAf0,Moomfali dal ke dekhiye bhooni huee aur bhi jyada badhiya banege,0
7658,edx_qdEBAf0,Bahut Shandar raciepe,0
7660,edx_qdEBAf0,"Nisha Aunty,  is this upma rava or fine rava ?",0
7661,edx_qdEBAf0,Aunty plz pineapple halwa banane ki recipe share karyena,0
7662,edx_qdEBAf0,Nice anunty,0
7664,edx_qdEBAf0,Madam kya hum ess dahi aur suji ke better mei thoda cheez dal sakte srub karke...,0
7665,edx_qdEBAf0,Yummy  .thank u  nisha  aunty.,0
7667,edx_qdEBAf0,LOVELY INSTANT VADAS.. SAVES US FROM PREPLANING. THANKS MAM..,2
7668,edx_qdEBAf0,The the hot oil is falling on her hand when she is putting vada,0
7669,edx_qdEBAf0,Roza chal raha hai aaj hm isko banaige madam jiii,0
7670,edx_qdEBAf0,so delicious mam 😊,1
7671,edx_qdEBAf0,sweet curd?,0
7672,edx_qdEBAf0,Very nice video 👌 👌👍👌👌👌👌👌👌👌👌👌 i love it this video  very very nice video 👌👌👌👌👌👌👌👌👌👌👌👌👌👌👌👌👍 good bye,0
7673,edx_qdEBAf0,Tamari. Recipe bav mast n different hoy 6 ..,0
7674,edx_qdEBAf0,"Me jab bade banati hun, jada oil khata he, aisa kyun hota, tell me.",0
7675,edx_qdEBAf0,Thank u so much,0
7676,edx_qdEBAf0,Yeah recipe bina dahi nahi ban sakti please reply mam,0
7677,edx_qdEBAf0,Nisa ji very  tasty Bara,0
7678,edx_qdEBAf0,vary nice and ur voice is so sweet 😘,0
7679,edx_qdEBAf0,Thank u mam,0
7680,edx_qdEBAf0,wow so nice,0
7682,edx_qdEBAf0,me aj try ki..bt spongy nhi bna..ap jese bataye wese ki...ky prblm ho skta h,0
7683,edx_qdEBAf0,Which rava is provided,0
7684,edx_qdEBAf0,Super and simple,0
7685,edx_qdEBAf0,Can we make it without baking soda????Please reply..,0
7686,edx_qdEBAf0,Very is Beautiful sooji vada mam,0
7689,edx_qdEBAf0,Kya ise sambhar ke sath bi khaya ja skta h,0
7691,edx_qdEBAf0,Thank you replay k liye,0
7692,edx_qdEBAf0,Hated this recipeSorry madhu mamBut urad dal wada is much more betterWaste of time,0
7693,edx_qdEBAf0,Wonderful recipe n thanks for sharing,2
7694,edx_qdEBAf0,wow very nice mam,0
7695,edx_qdEBAf0,Adrak aur lahsun ka pest dal sakte gain???,0
7696,edx_qdEBAf0,U r too good mam,0
7697,edx_qdEBAf0,Can I keep vada batter for next day in refrigerator?,0
7699,edx_qdEBAf0,I prepared this. But it was not crispy. Its was very hard. Can i know the reason for it,0
7700,edx_qdEBAf0,Thanks mam very ezi recipes 👍,0
7701,edx_qdEBAf0,very nice and good,0
7702,edx_qdEBAf0,It's soo easy to making vadda Thanks for this recipe,7
7703,edx_qdEBAf0,Please  kuch bataye kya karna padega,0
7704,edx_qdEBAf0,unti rava vada so good and testy 👌👌👌👌pronam,0
7705,edx_qdEBAf0,Mam ye batter thoda gada banayenge to nhi chalega,0
7706,edx_qdEBAf0,Nisha mam like  your  recipe,0
7707,edx_qdEBAf0,My daughter is 8yrs..she watches ur dishes ...phir Kya I make 4 her...she love to eat new dishes and I just wait for her happiness after she eat it...apke jaisa to nhi but I satisfies her tongue...,2
7708,edx_qdEBAf0,I like this video.,0
7709,edx_qdEBAf0,Aapki recipe bahot Aasan hoti hai,0
7710,edx_qdEBAf0,Aap  ka rawa  idli  recipe was  awesome  ... I tried  n it was  really  spoongi  idli,0
7711,edx_qdEBAf0,Hello aunty.hope u r good. Aunty can we make dahe vada of these vadas ..,0
7713,edx_qdEBAf0,Isme aalu dal sakte he? ??,0
7714,edx_qdEBAf0,Ma'am aap boht acchi dishes bnati hain ....mai ise jarur try karungi...!!!,1
7715,edx_qdEBAf0,Aap ki sari recipe mujhe bahut acchi lagti aur achi Tarah samajh Aati,0
7717,edx_qdEBAf0,taste cake mam,0
7718,edx_qdEBAf0,Looking nice or good 👌👌👌👌👌,2
7719,edx_qdEBAf0,Nice mam. I'm always use Ur recipes mam,0
7720,edx_qdEBAf0,Amma very good vada,0
7721,edx_qdEBAf0,Best for instant breakfast 🍳...,1
7723,edx_qdEBAf0,Vada gole nai bana.... Saara nikal gaya.....,0
7724,edx_qdEBAf0,Dekne mein easy lag raha tha...,0
7725,edx_qdEBAf0,Gm madam ji suji ka vada aacha nai bana..... Samaj mein nai aaya,0
7726,edx_qdEBAf0,Very nice an tasting recipes thnxShrinivas Kanakraj.,0
7727,edx_qdEBAf0,Bhut hard bna tha Maine banaya tha,0
7728,edx_qdEBAf0,I love you mam love you so much aapki hr recepi bhut hi yammi and tasty hoti h.,0
7729,edx_qdEBAf0,OK thanks.... Very easy,0
7730,edx_qdEBAf0,Madam ji suji ka vada banane ke liye meetha soda dal sakthe hai kya,0
7732,edx_qdEBAf0,I ove u so much Nisha anti 😘,0
7733,edx_qdEBAf0,love to mam... thank u,0
7734,edx_qdEBAf0,May mom loves all ur recipes.... loveu mam.. thank u,0
7735,edx_qdEBAf0,Awesome recipe,0
7736,edx_qdEBAf0,Thanks mam. It looks delicious. Can you make a video where you show how to make bara with plain flour or self rising flour. I am from the carribbean and I see that the bara Indians are making is a lot different than ours. Thanks for sharing and I look forward to your reply,0
7737,edx_qdEBAf0,I love you nishaji very nice recipe.,0
7738,edx_qdEBAf0,waw very nice,0
7740,edx_qdEBAf0,Thanks for a new recipe 👌,1
7742,edx_qdEBAf0,thank you mam Maine aaj banaya sabko bahut accha lga,0
7745,edx_qdEBAf0,Hi mam... Very easy recipe.. meheman aane par chai ke sath me yahi banati hi... Mene isame ginger garlic paste or gree chilly pest add ki.. bahot tesy bane,0
7748,edx_qdEBAf0,Instead of curd what else can we use ..?🤔,0
7749,edx_qdEBAf0,very nice mam....u r the best,0
7751,edx_qdEBAf0,nisha ji bhut acha bahut kam time     me tayar huja ta h mie ne ajj banaya bahut test tha sab ko pasand aya thanks,0
7752,edx_qdEBAf0,Thanks alot fr sharing such a nice receipe,1
7754,edx_qdEBAf0,your recipes are really good I am preparing your recipes,0
7755,edx_qdEBAf0,Our pleasure to comment you for recipes,1
7756,edx_qdEBAf0,tata na soda chale,0
7757,edx_qdEBAf0,what is baking soda,0
7759,edx_qdEBAf0,mam iske batter me onion be add kr sakte hain kya.,0
7760,edx_qdEBAf0,Humare bade khatte or kade bane h,0
7761,edx_qdEBAf0,Wow aunty ur tooo good..,2
7763,edx_qdEBAf0,All your receipes  are very nice,0
7764,edx_qdEBAf0,nisha ji u r so cute n I luv ur recipes❤,1
7765,edx_qdEBAf0,can u tell how to make chatni,0
7766,edx_qdEBAf0,thank u madhu,0
7767,edx_qdEBAf0,"which rava is suited for this raw,roasted",0
7769,edx_qdEBAf0,Nisha mam u r an excellent chef,0
7771,edx_qdEBAf0,"it's very easy and tasty ,👍😊👌👌",0
7772,edx_qdEBAf0,"madam, I am thankful to you for making a better cook now.thanks a lot once again.",2
7773,edx_qdEBAf0,"madam, which is the best  oil for frying?",0
7774,edx_qdEBAf0,Can we  skip baking soda,0
7775,edx_qdEBAf0,Waoo 😋 yummy food,0
7776,edx_qdEBAf0,how to make sambar vada recipe,1
7777,edx_qdEBAf0,soo testy and easy.swati,0
7779,edx_qdEBAf0,Bina ginger ke Bana sakte Kya Madam,0
7780,edx_qdEBAf0,I cooked this wada n my family liked very much,0
7781,edx_qdEBAf0,Very very nice nisha anty I love meduvada,0
7786,edx_qdEBAf0,is it fine rava mam,0
7787,edx_qdEBAf0,Excellent 😋😋😋👌👌👌,2
7788,edx_qdEBAf0,Very easy method for making rava wada👍,0
7789,edx_qdEBAf0,Can we add onions in it,0
7790,edx_qdEBAf0,It's my favourite mam south Indian dish,0
7792,edx_qdEBAf0,bahut achhe lage,0
7793,edx_qdEBAf0,Excellent & very Easy Recipe,0
7794,edx_qdEBAf0,Mam aap bahut aache se btati h koi bhi dish .,0
7796,edx_qdEBAf0,Agar barking sodas zaida hogaye to Kya karna hogaye him,0
7797,edx_qdEBAf0,mam mera shape bn hi nahi paya haato mai chipak rahe the.,0
7798,edx_qdEBAf0,Awesome....,0
7799,edx_qdEBAf0,U r my mother's favorite.............,0
7800,edx_qdEBAf0,Thanks mam..,0
7802,edx_qdEBAf0,Thise is common in Kerala,0
7803,edx_qdEBAf0,Curd ki bajay butter milk le sakte he..,1
7804,edx_qdEBAf0,Nice recipe mam yummmmmy recipepppppppppppe,0
7805,edx_qdEBAf0,great maa.i like your all recipe,0
7806,edx_qdEBAf0,nisha ji aap ki her recipi pasnat hai,0
7807,edx_qdEBAf0,nice receipe mam.. me first time bnaungi mother in law k liye..thnk u for sharing this recipe mam.,0
7810,edx_qdEBAf0,yummmmmmyyyyyyy thanks for recipe,0
7811,edx_qdEBAf0,mum very  nice 😘,0
7812,edx_qdEBAf0,wow supprrrb,0
7813,edx_qdEBAf0,Nishaji plz Hari chatni ki recipe dekhai plz,0
7815,edx_qdEBAf0,Very easy and nice,0
7817,edx_qdEBAf0,sooji ke vade me dahi kyo daalte hai dahi daale bina kya hm vade bana sakte hai,0
7818,edx_qdEBAf0,Testy testy mam,0
7819,edx_qdEBAf0,Very nice Recipe mam,0
7820,edx_qdEBAf0,Can anyone tell me why there's a hole in a wada??,0
7821,edx_qdEBAf0,Nice recipe,0
7823,edx_qdEBAf0,"Thank you Soo much for this, I maked it came well, my husband a also like ur Soo much",1
7824,edx_qdEBAf0,Very nice recipe nishamam thanks,0
7825,edx_qdEBAf0,Very easy receipe,0
7826,edx_qdEBAf0,your all recipes r very awesome,0
7827,edx_qdEBAf0,We can put Basan in it,0
7829,edx_qdEBAf0,Nice recipes,0
7831,edx_qdEBAf0,Very nice 👌👌👌,1
7833,edx_qdEBAf0,Wow madam ...definitely i wil  try,0
7834,edx_qdEBAf0,mam mene ye recipe try kri bohot hi ache vade bne h thankew mam for this recipe😋,0
7835,edx_qdEBAf0,Ap bahut acha explain karte ho,0
7836,edx_qdEBAf0,Really you are very intelligent mam.I love you 😘,0
7838,edx_qdEBAf0,Suji ka Bada Kadak ho jata hai,0
7840,edx_qdEBAf0,Mam kya hm is recepie mai baking soda ki jgh baking powder  ka use krskte hain..?,0
7841,edx_qdEBAf0,Mam apki...sari recepies bht hi acchi or tasty hoti hain...😊😊,0
7842,edx_qdEBAf0,Nice recipe Nisha ji,0
7845,edx_qdEBAf0,which type of rava to use😊💖,0
7847,edx_qdEBAf0,hi  madam. your. recipes. are. simple  superb,0
7849,edx_qdEBAf0,Nice shirt ma'am,0
7850,edx_qdEBAf0,excellent mam,1
7853,edx_qdEBAf0,Wow mam u r so sweet luv you 😚😚😚😚😚😚,0
7856,edx_qdEBAf0,Bina Dahi ka Bada nahi hoga,0
7857,edx_qdEBAf0,Awesome.... My favourite. I'll try it for sure. Thanks alot Mam🙂,0
7858,edx_qdEBAf0,"Nice snack. Mam when I made this all family members like so much, specialy my husband. Thank u so much mam.",13
7859,edx_qdEBAf0,Wow   Tesety suji vada nisa ji. I am always like your coocking   Thank u.  ,0
7860,edx_qdEBAf0,Beautifully prepared after seeing i felt hungry.,0
7861,edx_qdEBAf0,yummy wooow,0
7862,edx_qdEBAf0,I did nt this sawal I know wat is khaand,0
7863,edx_qdEBAf0,Hats off to uU r excellent!,0
7864,edx_qdEBAf0,"mooh me Pani aagaya hai excellent,👌👌👌👌👌👌",0
7867,edx_qdEBAf0,Very nice .......👌👍😗,0
7868,edx_qdEBAf0,its very good i loving  it i love mendu vada,1
7869,edx_qdEBAf0,lovely recipe mam,0
7870,edx_qdEBAf0,Very nice man me jarur try krungi😊,0
7871,edx_qdEBAf0,Mujhe aapki recipe bahut achi lagti h ma'am,0
7872,edx_qdEBAf0,Hum Ne Bana Ke Dekhe bahut tasty Banai thanks,0
7876,edx_qdEBAf0,very nice recipe mam,0
7877,edx_qdEBAf0,udad ke dal ke bade,0
7878,edx_qdEBAf0,So so yammmyyyyy an testy,0
7879,edx_qdEBAf0,So nice recipe,0
7881,edx_qdEBAf0,I like your receipes very much,0
7882,edx_qdEBAf0,superrr easy,0
7884,edx_qdEBAf0,love it cooked,0
7885,edx_qdEBAf0,Thank you mam,0
7888,edx_qdEBAf0,Nice recipe mam,0
7889,edx_qdEBAf0,suji matlab kiahi,0
7890,edx_qdEBAf0,Very nice video yar i love bare 👌,4
7893,edx_qdEBAf0,very nice  recipes,0
7894,edx_qdEBAf0,Wow  mam  very  nice  recipe,0
7895,edx_qdEBAf0,Nice Mam. Isi tarh meethi awaz mein samjhate rhiega. Love u Mam👌,1
7896,edx_qdEBAf0,T b   chyihe,0
7900,edx_qdEBAf0,"I'm really sorry man,  😊",0
7901,edx_qdEBAf0,Nisha ji Masala Dosa Kaise Karna batavo plz,0
7902,edx_qdEBAf0,Thank you soooooooooooooooooooooooooooooo much nisha ji 🙏,0
7903,edx_qdEBAf0,What a recipe,0
7905,edx_qdEBAf0,"Thank nisha ji,  fir ek bar my try Karti hu",0
7907,edx_qdEBAf0,"Rava Vada tel me se nahi jump ho na,  muje dar lagre tel me fry Karna vo Sab,  nisha ji vo Medu me baking soda Jyada hogaya ki stayed isiliye vo jump huva",0
7908,edx_qdEBAf0,"Medu Vada maine banayata vo kya hogaya ki tel me dal kar 1 minute bi nahi huva vo tel se jump Kare Sara tel mere face per gira😥 isiliye my abi tak Vada karne Nahi gaye , bad time",0
7910,edx_qdEBAf0,mam suji dosa bnane ke liy suji bhuni Hui le skte h kya plz btaiye,0
7912,edx_qdEBAf0,Nice recipe 👌Thanks Mama😍,1
7913,edx_qdEBAf0,I love ur recipes... Its easy and delicious,0
7914,edx_qdEBAf0,Your creat my sweet friend,0
7915,edx_qdEBAf0,Thax mam very tasty and very simple,0
7916,edx_qdEBAf0,wow perfect vada . i love this. thank u,6
7918,edx_qdEBAf0,So nice mam,0
7919,edx_qdEBAf0,Wow it's very easyyy,0
7920,edx_qdEBAf0,Nisha ji Idli ke sat dete Na vo wada hai kya app banara jo,0
7922,edx_qdEBAf0,vry nice yummy and tasty recipe mem thank you mem,0
7923,edx_qdEBAf0,Zabardast nisha g I will try this .,0
7924,edx_qdEBAf0,Great mam... We have tried it... So delicious 😍😍👌👌,2
7925,edx_qdEBAf0,Amazing video friend. love your channel.,10
7927,edx_qdEBAf0,Instant rava vada came out well. Thank you Nishaji for sharing this easy recipe.,2
7929,edx_qdEBAf0,Hi mam can we use baking powder instead of baking soda?,0
7930,edx_qdEBAf0,Mam aap itne Achchi Achchi dishes kaise bna Leti hai. Aap Kitna yummy 😋 dishes Bnati h really,9
7931,edx_qdEBAf0,Verry good recipe,0
7932,edx_qdEBAf0,oh my goodness mene a kabhi nahi dekha i just loved it mam m gonna try this for sure 🙌,2
7934,edx_qdEBAf0,Superb Ma'm! Har receipe aap jis tarha se batate ho use dekh kar bahot easy lagne lagta hai. THANK YOU.,0
7936,edx_qdEBAf0,oh!  very very nice mam,0
7937,edx_qdEBAf0,Mam ye Wade same udad k Dal k Wade k Saman lagte h Kya ?,0
7941,edx_qdEBAf0,nice.... is ki chatni bhi btaiye,0
7942,edx_qdEBAf0,Nice excellent,0
7943,edx_qdEBAf0,Easy and taste 😅,0
7944,edx_qdEBAf0,didi aap fafda ke saath kathi mithi kadhi ki recipe batao na,0
7946,edx_qdEBAf0,mam ye konsi suji use kare ap plzzzz batado,0
7947,edx_qdEBAf0,vry nice good recipe mem aap ki,0
7948,edx_qdEBAf0,puhaaa.keyaa.cheez.hoti.h.zroor.btanaa,0
7949,edx_qdEBAf0,Luv u Mam ... U & ur all dishes amazing.... ,0
7950,edx_qdEBAf0,Suji ka vada khoob valo laglo.,0
7952,edx_qdEBAf0,Is it necessary to put baking soda in the batter of vada nisha aunty,0
7953,edx_qdEBAf0,Very nice mast,0
7954,edx_qdEBAf0,nice rava vada,0
7958,edx_qdEBAf0,Very teasty racipe,0
7959,edx_qdEBAf0,Very nice respi mem,0
7962,edx_qdEBAf0,Very nice mam,0
7963,edx_qdEBAf0,Suji ko fry nahi karna hai kya mam wo kachha to nai lagega na,0
7965,edx_qdEBAf0,Zabardast recepi hai  sister,0
7966,edx_qdEBAf0,can v make rava dosa with out non stick pan?,0
7967,edx_qdEBAf0,Really excellent recipe!,0
7968,edx_qdEBAf0,Farach Sundar mam👌👌👌👌👌,0
7969,edx_qdEBAf0,i will try this reacip,0
7970,edx_qdEBAf0,Happy diwali mam,1
7971,edx_qdEBAf0,Mam rajasthan ke sitte wali resipe please batiye please mam this is my favourite,1
7972,edx_qdEBAf0,Super Nisha ji,0
7974,edx_qdEBAf0,mam i love you n love your resipes all are yummmmmmmmmmmmmm,0
7975,edx_qdEBAf0,Very good vada😎😎,0
7976,edx_qdEBAf0,tasty recipe,0
7977,edx_qdEBAf0,Amazing video,0
7978,edx_qdEBAf0,very tasty mam,0
7979,edx_qdEBAf0,plz reply me rava annaru edly rava laka upma rava plzzzzz chapandi,0
7981,edx_qdEBAf0,Very nice recipe... thankz,0
7982,edx_qdEBAf0,"Wow ,mastch,nisha tai...thanks for recipe...",0
7983,edx_qdEBAf0,baking soda na ho toh kya kre,0
7984,edx_qdEBAf0,mem mene apse bahot Sari recipe sikhi ha apki wajah se log mujhe cook kehne lage ha thanks mam,0
7985,edx_qdEBAf0,yummy nd instant....,0
7986,edx_qdEBAf0,di mein bhi ye banati hu but merese kadai mein daalte hi saare tut jaate hai,0
7988,edx_qdEBAf0,thank you Anthe aap har pakwa super,0
7989,edx_qdEBAf0,Wow so tastyyyy😄ummmmmm,7
7990,edx_qdEBAf0,instead of curd what we can use.and why  we using curd.,0
7993,edx_qdEBAf0,Amaze madam ... u r too good keep doing it.,1
7994,edx_qdEBAf0,Beautiful recipe mam . I loved it very much .,1
7996,edx_qdEBAf0,"Excellent mam,",0
7998,edx_qdEBAf0,aapki sab dish nice hoti hai 😊,0
7999,edx_qdEBAf0,subp mam thx il try,0
8000,edx_qdEBAf0,Excellent  Lovely fabulous  no words u r the best,0
8001,edx_qdEBAf0,i love sujji vada...excellent,2
8002,edx_qdEBAf0,Good  very  nice 😍😇,2
8004,edx_qdEBAf0,my ise zarur try karungi aur mere bachon Ku khilaungi o har waqt mujhe nayi dish bana ne keliye bolte he aur  my ise aj hi try karungi,0
8005,edx_qdEBAf0,thanku mam apki resipi supar thi,0
8006,edx_qdEBAf0,very interesting recipe.,0
8008,g0CWxEuN2VI,"BB- Taimur ko dekha hai? Itni chota sa hai..phir bhi tip-top rehta hai..Papa- Uska baap Pataudi khandaan se hai, aur tera baap kataauti khandaan se.. :DKeep Sharing, Keep Loving! <3",63564
8010,g0CWxEuN2VI,2026 audience ❤,1
8012,g0CWxEuN2VI,Chalo ek to video h jo ghr valo ke samne dekh sakte h 😂😂,1
8013,g0CWxEuN2VI,"New youtuber can't match vibe , watching bb videos again and again 😅",2
8014,g0CWxEuN2VI,Mazak se hatke but is video se mujhe ek seekh to mili ki shauk kabhi parents ke paiso pe pure nahi karne chaiye and apne shauk ko zarurt btake fareb krna ye bhi dhoka hai ..if one wants to live a life on one's terms to kamao and udao ma bap jinhone khud ke kharche kat ke ke zindagi bitayi unke paiso pe aish krna is not moral ..i know thoda fakirchand types bat ki hai but i will appreciate corrections,0
8015,g0CWxEuN2VI,"class Shared {   int data;   boolean hasValue = false;   synchronized void produce(int value) throws InterruptedException {       while(hasValue)           wait();       data = value;       System.out.println(""Produced: "" + data);       hasValue = true;       notify();   }   synchronized void consume() throws InterruptedException {       while(!hasValue)           wait();       System.out.println(""Consumed: "" + data);       hasValue = false;notify();   }}class Producer extends Thread {   Shared s;   Producer(Shared s) {       this.s = s;   }   public void run() {       for(int i=1; i<=5; i++) {           try {               s.produce(i);               Thread.sleep(500);           } catch(Exception e) {}       }   }}class Consumer extends Thread {   Shared s;   Consumer(Shared s) {       this.s = s;   }   public void run() {       for(int i=1; i<=5; i++) {           try {               s.consume();               Thread.sleep(500);           } catch(Exception e) {}       }   }}class PCDemo {   public static void main(String args[]) {       Shared s = new Shared();       Producer p = new Producer(s);       Consumer c = new Consumer(s);       p.start();       c.start();   }}",0
8016,g0CWxEuN2VI,Bhuth bdiya ❤😂,0
8017,g0CWxEuN2VI,i was in 7th grade when i started watching bb and till now in when i am in college i still watch him and i never get bored of watching his videos again and again,3
8018,g0CWxEuN2VI,Driver ❎❎ Racist ✅✅😂😂,0
8019,g0CWxEuN2VI,It's 2026 but still bb on top Still laughing 😂😂,0
8021,g0CWxEuN2VI,How can i watch ot in 2x without any change in 2026.Am i drunk?,0
8022,g0CWxEuN2VI,Nawab deepu youtube,0
8026,g0CWxEuN2VI,Disel ki hei😂😂,0
8027,g0CWxEuN2VI,21march 2026 ko kon dekhra yeh vdo fr se 😂😂😂,0
8028,g0CWxEuN2VI,Bina gali galoch kaa video 😊,1
8030,g0CWxEuN2VI,2026 audience ❤,0
8031,g0CWxEuN2VI,I know you are watching in 2025--------8900😂,0
8032,g0CWxEuN2VI,Kon kon 2026 mai dekh rh h 😂,0
8033,g0CWxEuN2VI,"Bhai kyu natak maar rha hai , naya video leh ana , kaab taak ek hi video dekhta rahunga😢",0
8036,g0CWxEuN2VI,This is inogh😭 enough?😭🤣,1
8037,g0CWxEuN2VI,2026 attendence.,2
8039,g0CWxEuN2VI,Iss video meh gali kaha hai,0
8041,g0CWxEuN2VI,Haven't watched any YouTuber in the world who writes such a wonderful script with extraordinary acting skills. ❤❤,1
8042,g0CWxEuN2VI,Fun fact15000 rs shopping boli thiBB ki 8200rs thiAnd mummy ki sadi 8000Total -16200 rs Uncle ji ne galat padha😅,1
8043,g0CWxEuN2VI,Ajj bhi purani video sai kam chalana pdra 2:35,0
8044,g0CWxEuN2VI,Dhindroa2 YouTube 😭😭😭😭😭😭😭,0
8046,g0CWxEuN2VI,Still in 2026 ❤,1
8047,g0CWxEuN2VI,Puranaa video dekh dekhke or Kitna din Kam chalau😢,10
8048,g0CWxEuN2VI,Kon kon deka hai 29999😂😂😂😂,1
8050,g0CWxEuN2VI,"Bhai actual bill 16,200 hoa",3
8053,g0CWxEuN2VI,BB-mast elastic wala kaccha haipapa-teko gulel banani hai...!,2
8054,g0CWxEuN2VI,2026 Audience 😂,26
8056,g0CWxEuN2VI,Satya stri radha is created new past life of Akash ❤😊❤,1
8057,g0CWxEuN2VI,20six= Dhindhora 2 Ab ayega Mja ❤,1
8058,g0CWxEuN2VI,Best Episode ❤,0
8061,g0CWxEuN2VI,This is enog😂,0
8062,g0CWxEuN2VI,Enough❌ enough✅,1
8063,g0CWxEuN2VI,"BB, when will you be back?",0
8064,g0CWxEuN2VI,One of my / my favourite video(s) of yours . 😂😂,0
8066,g0CWxEuN2VI,Kya mtlb movie dekhni h.... Ramdomzee ko follow krna sa sari movie ki link nd movie mil jati h wow wo bhi instant 🥳🥳,1
8068,g0CWxEuN2VI,Language: 0Understanding: 100.3,0
8070,g0CWxEuN2VI,Last video 1 year ago 😢,0
8071,g0CWxEuN2VI,Attendance wale bhaiya kaha pe haai aaj😂😂,2
8072,g0CWxEuN2VI,Bhuvan bhai koi new vide lao bahut deen ho gye,0
8075,g0CWxEuN2VI,Bhuvan bhai 🎉🎉🎉🎉🎉🎉🎉duniya sabse achi videos h,0
8076,g0CWxEuN2VI,Dec 2025 audience like here,0
8078,g0CWxEuN2VI,Watching in dec.2025🙃🙃,2
8080,g0CWxEuN2VI,AAP kya kavi video nahi bhejege 😢,0
8082,g0CWxEuN2VI,Aaj bhi purana video dekhna pad rha hai,0
8083,g0CWxEuN2VI,Aaj jakar rumaal kharid hi lunga 😂,0
8084,g0CWxEuN2VI,Mummy Rocked....👌🏽👌🏽👌🏽BB or Papa Shocked...😂😂😂,0
8085,g0CWxEuN2VI,Anyone from 2030☠️,1
8088,g0CWxEuN2VI,😂 mast hai😂😂😂,1
8089,g0CWxEuN2VI,8000 ki sadi abhi tak pahni nhi BB ne😂😂😂😂😂😂,1
8091,g0CWxEuN2VI,Only video without gaali,1
8092,g0CWxEuN2VI,Chacha sudharo purane khyal aur naye khyal mein bahut antar hai mere bacche aise hi rahte hain inko sudharne ki koshish mat karo nahin to aap dikkat hogi,1
8093,g0CWxEuN2VI,Satya Narayan hi satya purush hai ❤😊,2
8094,g0CWxEuN2VI,Jokes aside. Never do too much spending.,3
8095,g0CWxEuN2VI,November 2025 me kon dekh rha h bbkv ❤️,2
8096,g0CWxEuN2VI,This is enog😂,1
8097,g0CWxEuN2VI,Who said bb ki vines only do adult talk ❤😂😂,0
8098,g0CWxEuN2VI,Ayega Ayega new video jaroor Ayega,0
8099,g0CWxEuN2VI,Abhi tk mast hai video!,0
8101,g0CWxEuN2VI,20 rupee ki pant 😂,0
8102,g0CWxEuN2VI,Evergreen videos ❤❤,0
8103,g0CWxEuN2VI,@BBKiVinesThat comeback at the end “400-500 handkerchiefs aajate “ was just too good!,0
8104,g0CWxEuN2VI,bb mere ko nhi pta aaj kal tum kya kr rhe ho or i dont care but tumahri video mere ko psnd hai and i want your video so consider my request 😢,1
8105,g0CWxEuN2VI,New vedio dalo bb bhai😢,0
8106,g0CWxEuN2VI,100+ times done😂,1
8107,g0CWxEuN2VI,KYA PATAAL MAIN SCOOTY KHADI KI ?? 😂😂😂😂😂😂😂😂😂,0
8108,g0CWxEuN2VI,3:50 pakde gaye janab😅😅😂😂,1
8109,g0CWxEuN2VI,Here starts my time of appreciating Bhuvan,1
8110,g0CWxEuN2VI,"Bil to 16,200 ka bangya",1
8111,g0CWxEuN2VI,Bablu Ji: 800 Ka kaccha 😱😱.                 Bhuvan: Papa Lastic Ka Hai 😂🤣😂🤣.                                                                     Mummy: Tumhara Kaccha Tumhara Naji Mamala Hai 😂🤣😂🤣.,3
8112,g0CWxEuN2VI,Arehhhh double big byeA kabhi sylhet bhi visit kia karooo noorjahan hotel book 📖 karkee podcast pe Bhulaw or grand Sylhet your wishA to meet with Me A ❤❤❤,2
8113,g0CWxEuN2VI,Still refreshing,0
8114,g0CWxEuN2VI,Total bill 16200 not 15000 bablu ji😅😅,1
8115,g0CWxEuN2VI,Yrrr abto purani videos se hi kaam chalana pad raha hai,2
8116,g0CWxEuN2VI,Zara se shopping kariye hath mein parchi h&m ki Hai,2
8117,g0CWxEuN2VI,Add 2.5 billion,0
8118,g0CWxEuN2VI,"4:05 was epic (400,500 rumal a jate)",0
8119,g0CWxEuN2VI,I want collaboration of Janki mummy and daya bhabhi ❤,0
8120,g0CWxEuN2VI,Hame to ek beti chahiye tho woh kami puri hogayi 😂,0
8121,g0CWxEuN2VI,Kya mtlb zara bolke h&m ka bill le aaya,1
8122,g0CWxEuN2VI,Pehli baar bb ki koi video family ke sath dekh rha 😂,0
8123,g0CWxEuN2VI,3:50 bhuwan mom's expression too much hard relatable,12
8124,g0CWxEuN2VI,These short videos of BB were absolute peak.,1
8125,g0CWxEuN2VI,Needs to awareness in India for population control,0
8126,g0CWxEuN2VI,Please aware people for population control and climate change,0
8128,g0CWxEuN2VI,16200 ki shopping hui hai 😂,0
8129,g0CWxEuN2VI,Are yaar koi new video upload kro.....bb......Kb tak purane video dekhe....,0
8130,g0CWxEuN2VI,BB apny vines ke fans ko bhool gya 🥺🥺🥹🥹 vaddy log 🥹🥹,2
8131,g0CWxEuN2VI,H&M ke bill mein sab cheez ke bill kaise aaya? 😂😂😂,0
8132,g0CWxEuN2VI,No BB 16200 ki shopping ki tune,0
8133,g0CWxEuN2VI,"15,200 total 😂😂😂",0
8134,g0CWxEuN2VI,Hello😊😊😊😊😊😊😊😊😊😊😊😊😊😊😊😊😊😊😊,0
8135,g0CWxEuN2VI,its being so long still loving the video with the same vibe❣❣❣,0
8136,g0CWxEuN2VI,Anyone In 2025?,2
8138,g0CWxEuN2VI,Anyone in 2025,0
8139,g0CWxEuN2VI,I’ll say back in the days when he use to do yt🥲 to my children fr,1
8140,g0CWxEuN2VI,Mc Stan be like :80000 k jute hai😂,0
8141,g0CWxEuN2VI,"bro ""congratulations."" ✅🎉 for 10 years",0
8143,g0CWxEuN2VI,Shopping ZARA se ki hai par receipt toh H&M ki hai😂😂,0
8151,g0CWxEuN2VI,Jai shree Ram ji Jai shree Ganesha Jai shree Moushakraj Jai shree Hanuman ji,1
8152,g0CWxEuN2VI,3:20 😂😂 My god,0
8154,g0CWxEuN2VI,"Me watching this after 6 years, still having the same fun .",0
8155,g0CWxEuN2VI,2:52 beard reveal 😂,2
8157,g0CWxEuN2VI,Who's here in 2025,2
8158,g0CWxEuN2VI,This is enough* is 😂,1
8160,g0CWxEuN2VI,Koi hai jo 2025 mai dekha rha hai???😂😂,5
8161,g0CWxEuN2VI,0:09 15000₹ hajar nhi 16200₹ haan,2
8162,g0CWxEuN2VI,Anyone from 2025,2
8163,g0CWxEuN2VI,Add 200 million,0
8164,g0CWxEuN2VI,Kya paaataal khadi kr thi scooty,1
8165,g0CWxEuN2VI,very nice video who is watching in 2025 😅😅😅😅😅,2
8166,g0CWxEuN2VI,Bro upload another music video please,0
8167,g0CWxEuN2VI,This is enokh was epic😂😂,0
8168,g0CWxEuN2VI,Beta pata hai woh logg nashte mein.... 😂😂😂😂,0
8169,g0CWxEuN2VI,100 rupees ka Condom liya tha 😅😅😅,0
8170,g0CWxEuN2VI,This is enog😂,0
8171,g0CWxEuN2VI,"the total cost came upto 16,200 ; he calculated every aspect of this video , hats off to BB",0
8172,g0CWxEuN2VI,Did anyone notice 0:50 the bill is from H&M and Bhuvan sir said maine bola hai ki ZARA se shopping ki hai 😅,28
8173,g0CWxEuN2VI,3:17 Arey kya paataal m khadi kithi 😂,0
8174,g0CWxEuN2VI,Mera 35 ka aata 😂 hai 😂😂,0
8175,g0CWxEuN2VI,Bro Come  With New VideoB   B  K   V    ❤❤,1
8178,g0CWxEuN2VI,bhaiya ye soh rupay kabse sasta hone laga ?? ☠💀💀,0
8179,g0CWxEuN2VI,Who is watching this 50th time?,0
8180,g0CWxEuN2VI,OLD IS GOLD,1
8181,g0CWxEuN2VI,Watching in March  2025,0
8182,g0CWxEuN2VI,Thank you for 177 subscriber ❤,0
8185,g0CWxEuN2VI,Watching again 20 time 😅,0
8186,g0CWxEuN2VI,Young generarion k top story writer,0
8187,g0CWxEuN2VI,"total bill 16,200",103
8189,g0CWxEuN2VI,20 march any legend,0
8190,g0CWxEuN2VI,21 vi baar dekh raha hu 😂😂,0
8193,g0CWxEuN2VI,2025 Feb 2 ❤,1
8194,g0CWxEuN2VI,After my sister's death in September I saw this video today to my mom she laugh loudly I'm happy to seeing her to laugh thanks BB 😊,2
8195,g0CWxEuN2VI,"Bhai apka kharcha 16,200 ka hai naki 15,000 ka",0
8196,g0CWxEuN2VI,Thank u for all family to complete 1k subc🎉🎉😊,2
8197,g0CWxEuN2VI,"Bhai, kuch neya wala dalo, puran video dekh dekh kar kam chala raha hu",2
8198,g0CWxEuN2VI,Anybody from 2025,7
8199,g0CWxEuN2VI,Has has ke insaan pagal hojayega,2
8200,g0CWxEuN2VI,One of BB's best videos.,0
8203,g0CWxEuN2VI,Rangveer Singh jaise  shok chare hai isko 😂,1
8204,g0CWxEuN2VI,3:17 underground = paataak lok 😂,0
8205,g0CWxEuN2VI,Bhai new videos bnao love from pak,0
8206,g0CWxEuN2VI,2025 me bhi yhi dekh rha hu,3
8207,g0CWxEuN2VI,Anyone in 2025 💀,60
8208,g0CWxEuN2VI,Middle class Kiaaulat dkadibbne,0
8209,g0CWxEuN2VI,～～～～～(m--)m￣(=∵=)￣,0
8210,g0CWxEuN2VI,FINALLY FOUND ONE VIDEO WHICH IS WATCHING  WITH FAMILY 😂😂,1
8211,g0CWxEuN2VI,2025 anyone?,2
8212,g0CWxEuN2VI,"Zara s shopping kare hai bol k H&M ka bill pakada deya "" kese dekha to nhi """,1
8213,g0CWxEuN2VI,Anyone from 2091,2
8216,g0CWxEuN2VI,100 baar dekhne ke baad maine dhyan diya ki bill to yaar H&M ka hain.. Sahi khel gya bc...,1
8218,g0CWxEuN2VI,Who's watching in 2025 😂,4
8219,g0CWxEuN2VI,2025 watching it again ❤,1
8220,g0CWxEuN2VI,bhai hisam mein to 15400 nikal rahe hai,3
8221,g0CWxEuN2VI,chimney ka dhunaan 🤣🤣🤣🤣🤣,2
8222,g0CWxEuN2VI,"A very good yet minute detail to observeThe total of bhuvam's expenses is 7,000 and aunty ji just got above it all 😌",1
8223,g0CWxEuN2VI,Anyone in 2025,1
8224,g0CWxEuN2VI,Who is watching in 2025,6
8226,g0CWxEuN2VI,Only video with no gali😂,3
8228,g0CWxEuN2VI,Probably the only non nsfw video of bb 😂,2
8229,g0CWxEuN2VI,1100+2000+3500+800+700+100 = 8200rs aur bablu ji bol rahe hai ki 15000 ki shopping ki hai,1
8230,g0CWxEuN2VI,Bb is famous for his sense of humour...I hate them who says bb is vulgar,2
8232,g0CWxEuN2VI,This is enogh,1
8233,g0CWxEuN2VI,Legends are watching again in 2025???,52
8234,g0CWxEuN2VI,Legends are watching again in 2025???❤,3
8235,g0CWxEuN2VI,Paise ke liye fans ko bhul gaya,2
8236,g0CWxEuN2VI,BB's YouTube videos shows these were  just a beginning Taaza Khabar shows how much talented BB is🎉,1
8237,g0CWxEuN2VI,Enog😅😅😅😅😅😅😅😅,2
8238,g0CWxEuN2VI,Who is watching in nov 2024,5
8240,g0CWxEuN2VI,15 k ki shopping 6 saal pehle. Mujhe to aaj bhi 10 ki shopping bhi bahut mehngi lgti h,3
8241,g0CWxEuN2VI,Bhuvan is damn good at acting in these videos. Love you bro 🎉💯,2
8242,g0CWxEuN2VI,Old time is gold,2
8244,g0CWxEuN2VI,Ab apki esi family video nhi ati,3
8245,g0CWxEuN2VI,First time I watched I find it so funny Now watching...i really felt sad for babloo ji,1
8246,g0CWxEuN2VI,3:20🤣🤣This is enog😂🤣,4
8247,g0CWxEuN2VI,His mom character brooo😂,1
8248,g0CWxEuN2VI,What is the cost of total bill,2
8249,g0CWxEuN2VI,This is enog 😂 3:21,18
8250,g0CWxEuN2VI,How did he got his mother bill if he returned credit card after shopping?,1
8251,g0CWxEuN2VI,Jeans =1100Shirt =2000Shoes =3500Underwear=800Hair cut=700Parking=100Saree=8000Total 16200Bhai ne shuruwat mein bola tha 15000 aur ho gye 16200 Daya kuch to gadbad hai😮,3
8252,g0CWxEuN2VI,Uska baap pataudi khandan se hai aur tera baap kataudi khandan se hai😂😂,0
8254,g0CWxEuN2VI,@aashiyanapaudhoka,0
8255,g0CWxEuN2VI,This is enough 😂😂😂,0
8256,g0CWxEuN2VI,Rumaal sales after this 📈📈,0
8258,g0CWxEuN2VI,Bhai new video kab ayegi😭😭,16
8261,g0CWxEuN2VI,shout out for slayy point,0
8262,g0CWxEuN2VI,"1100 rs jeans pent2000 rs for Shirt3500 rs for Shoes800 rs for Underwear700 rs for Haircut100 rs for Parking 8000 rs for SareeTotal 16,200 rs",3
8263,g0CWxEuN2VI,funny how we actually have to waste that much cash just to buy proper clothes lmao,0
8264,g0CWxEuN2VI,2:33 mai kadi ninda karta hu iski 😅😅,32
8265,g0CWxEuN2VI,Ya mari fast video thi jo mana bb ki daki thi,0
8266,g0CWxEuN2VI,Watching while eating rumali roti,1
8267,g0CWxEuN2VI,Bhai Kab wapas aaoge YouTube pe,3
8268,g0CWxEuN2VI,Kaun kaun 2028 me dekh rha hai?,1
8269,g0CWxEuN2VI,Pure Family Content,1
8270,g0CWxEuN2VI,Who is watching in October 2024😅,0
8271,g0CWxEuN2VI,Enog is very personal,0
8272,g0CWxEuN2VI,Total 16200 hua bhi 15000 nhi😅😅😅😅😅 4:12,1
8273,g0CWxEuN2VI,Who's watching this in 2025,2
8275,g0CWxEuN2VI,8000 ki saari ranveer singh seje shaukh chade hai isko 😂😂😂,1
8276,g0CWxEuN2VI,Pant 1100Shirt 2000Shoe 3500Kaccha 800Haircut 700Parking 100Saree 8000Total 16200 Uncle ne bola 15000 hazar 😅😅😅,0
8278,g0CWxEuN2VI,Fun fact : mein 2024 mein dekh raha hoo woh bhi 600 ki pant 200 ko vest pehen kar 😢😂,2
8280,g0CWxEuN2VI,400–500 rumaal😂😂,0
8281,g0CWxEuN2VI,Underground matlab Patal Lok,0
8282,g0CWxEuN2VI,Underground = paataalok,0
8283,g0CWxEuN2VI,"So the total bill was 16,200 Not 15,000 😂",0
8287,g0CWxEuN2VI,Luv u brouh,1
8288,g0CWxEuN2VI,October 2024,4
8289,g0CWxEuN2VI,Cute parents😅😅😅😅😅,1
8290,g0CWxEuN2VI,August 2034.,1
8291,g0CWxEuN2VI,15 hazar ka kharcha toh ajj hi hogaya salary kitni hai bhuvan ke father ki,0
8292,g0CWxEuN2VI,"Cai bana do ,pakode bana do😂😂",2
8293,g0CWxEuN2VI,16200 bill 💵,1
8294,g0CWxEuN2VI,Sachi baat- its not your first time here,2
8295,g0CWxEuN2VI,6 Sep 2024🫶,1
8296,g0CWxEuN2VI,In the thumbnail it looks as if bablu ji is eating the bill,0
8297,g0CWxEuN2VI,September 2024🎉,0
8298,g0CWxEuN2VI,2:52 bhuvan's beard is leaking,1
8299,g0CWxEuN2VI,This is family friendly 👍🏻😌,0
8300,g0CWxEuN2VI,Yr without gaali or double meaning this was the best episode of bb 😂😂😂😂,2
8301,g0CWxEuN2VI,Watched 20 times 😅,0
8302,g0CWxEuN2VI,I am watching this video in 2024 and still I laugh on this video 😂😂.... seriously I love BB video ❤,0
8306,g0CWxEuN2VI,Mujha to aj pata chala comment pa double tap karna sa like hota ha ❤lets try …,1
8307,g0CWxEuN2VI,Who's watching again 2024,1
8308,g0CWxEuN2VI,This is enog😂,0
8309,g0CWxEuN2VI,Bhai kuch to upload kro dobaara,0
8310,g0CWxEuN2VI,Anyone watching in 2024?,1
8311,g0CWxEuN2VI,Anyone in August 2024,2
8313,g0CWxEuN2VI,Who is watching in August 2024😅,15
8314,g0CWxEuN2VI,Anyone in August 2024,2
8316,g0CWxEuN2VI,This is the most cleanest video of bb ki vines😂,2
8317,g0CWxEuN2VI,Watch 31 time's,0
8318,g0CWxEuN2VI,2:13 beti ki zarurat tune puri kardi😂,1
8319,g0CWxEuN2VI,Kya matlab purana video dekh k kaam chala rha hai,3630
8320,g0CWxEuN2VI,Ahh man .... the classic bb,4
8321,g0CWxEuN2VI,kya mtlb agust 2024 me fir se dekh raha hu XD,11
8322,g0CWxEuN2VI,Zara si shopping 😅,3
8324,g0CWxEuN2VI,0:51 vo toh ra mistake Zara ke naam pe H&M Bel aaya hai,2
8326,g0CWxEuN2VI,Legend in 2025,1
8327,g0CWxEuN2VI,BB are not complete without Sameer Fudi😅,0
8329,g0CWxEuN2VI,Whos ⌚ ing in 2024😊,2
8330,g0CWxEuN2VI,2024 me kon kon dekhra hai...,1
8331,g0CWxEuN2VI,₹500 (Shirt)₹400(Pant)Banyan and underwear (₹150)Shoes / sandal ₹600Total money on me ₹2160,0
8333,g0CWxEuN2VI,Haldiram Mithai ka bill use Kiya hai 😂,0
8334,g0CWxEuN2VI,The real side of desi families 😌,0
8335,g0CWxEuN2VI,2024 mujhe nahi lagta koi dekh raha hoga 😢,0
8337,g0CWxEuN2VI,Tune gulel banani hai 1:41 😂😂,0
8338,g0CWxEuN2VI,Who is whatching 2024???,5
8340,g0CWxEuN2VI,The 400-500 rumaal was personal 😂😂😂😂😂😂,0
8341,g0CWxEuN2VI,I really wannna live in this worlddd,0
8342,g0CWxEuN2VI,Watching in 2024😂😂,1
8344,g0CWxEuN2VI,"15000 mai toh 8000 ki toh usne shopping hi nahi ki thi, sirf 7000  ki hi ki thi Justice for Bhuvan 😄",0
8345,g0CWxEuN2VI,Videos deknna baand kardiya Kaya logo na comments Kiya karooo,0
8346,g0CWxEuN2VI,""" this is enog""was hilarious 😂😂",0
8347,g0CWxEuN2VI,ggiiufyguyyyyyyyyyyyrf6uuuuuuuuuuuuuuuuuuuuuuuuuuuuuuuuuuuuuuuuuuuuuuuuuuuuuuuuuuuuuuuuuuuuuuuuuuuuuuuuuuuuuuuuuuuuuuuuuuuuuuuuuuuuuuuuuuuuuuuuuuuuuuuuuuuuuuuuuuuuuuuuuuuuuuuuuuuuuuuuuuuuuuuuuuuuuuuuuuuuuuuuuuuuuuuuuuuuuuuuuuuuuuuuuuuuuuuuuuuuuuuuur7776666666666666666666tttttttttttttttttttttttttttttttttttttttttttttttttttttttttttttttttttttttttttttttttttttttttttttttttttttttttttttttttttttttttttttttttttttttttttttttttttttttttttttttttttttttttttttttttttttttttttttttttttttttttttttttttttttttttttttttttttttttttttttttttttttttttttttttttttttttttttttttttttttttttttttttttttttttttttttttttttttttttttttttttttttttttttttttttttttttttttttttttttttttttttttttttttttttttttttttttttttttttttttttttttttttttttttttttttttttttttttttttttttttttttttttttttttttttt                                            ttttttttttttttttttttttttttttttttttttttttttttttt                                                                                     tttttttttttttttttttttttttttttt,0
8348,g0CWxEuN2VI,Bablu said 15000 ke shopping but total is 16200,0
8350,g0CWxEuN2VI,This is Inogh,0
8351,g0CWxEuN2VI,Janki ko naqab ki jagah pallu  karna chahiye,1
8352,g0CWxEuN2VI,Like this comments if you're watching this video in 2024,0
8353,g0CWxEuN2VI,This is inog 😂😂😂😂,0
8354,g0CWxEuN2VI,Bhai 1200 jyada aa gye,0
8355,g0CWxEuN2VI,😂😂😂😂😂😂 Aur tu toh Kachha hi nhi pehenta hai .....because u have hole instead of 🍌😂😂😂😂😂😂😂🎉🎉🎉.......happy Underwear diwas .🤣🤣🤣🤣🤣( To video recommender),0
8357,g0CWxEuN2VI,This video was too good 😊 without any Bad word 🔥,0
8358,g0CWxEuN2VI,amazinggggggggggggggggggggggggggggggggggggggggggggggggggggggggggggggggggggggggggggggggggggggg,0
8360,g0CWxEuN2VI,Mane ye video bohot bar dekhi he or mane bill par h&m aj notice kiya hai,1
8361,g0CWxEuN2VI,I am watching this video at. 2024,1
8362,g0CWxEuN2VI,Ees video me Yek bhai glai nahidi he bhaine😂 4:23,0
8363,g0CWxEuN2VI,E watching it again in 2k24,0
8364,g0CWxEuN2VI,this is inough 😂,0
8365,g0CWxEuN2VI,👇 2024 attendence,3
8366,g0CWxEuN2VI,Please BB ki vines come to my home 🏡 Jodhpur palace Nagar room number 304 qna,0
8367,g0CWxEuN2VI,Didi ki wine please come my home,2
8369,g0CWxEuN2VI,2024 wale? 😂❤,2
8370,g0CWxEuN2VI,Kapdo ka brand hai vahi se to joote liye😂😂,1
8371,g0CWxEuN2VI,thpd kha lega😂😂,1
8372,g0CWxEuN2VI,Me 1000 ki pehnta hun zara ki 😂😂😂😂,0
8377,g0CWxEuN2VI,2:10 As a boy with long hair can relate 😅😂,1
8378,g0CWxEuN2VI,Hi cjjhuognimomhKohKJMMMMMMMMMMMMMMMNMMMMMMKKKKMJMMKmkjMMJMJMJ,0
8380,g0CWxEuN2VI,1100 ki jeen 2000 diesel shirt3500 joota800 ka kaccha700 ka haircut100 ki parking8000 ki sariTotal was 16200,0
8382,g0CWxEuN2VI,"8000 ki sadi ka kya kaam jab bhi janki ji suit hi phenti hai ,😂😂",0
8383,g0CWxEuN2VI,Love you bhai Bb❤😊,0
8384,g0CWxEuN2VI,Fun fact : This is not your first time here 😂😂😂,1
8385,g0CWxEuN2VI,Anyone in 2024,1
8386,g0CWxEuN2VI,Itni bar bhuvan ji ki videos dhek chuki hu fir bhi bar bar dhekte nhi thkti love it all videos i just loved ossam koun koun yaha bar bar aata h😂😂😂😂,0
8387,g0CWxEuN2VI,Zara is israili ❌❌❌❌,0
8389,g0CWxEuN2VI,Iska baap patauti khandaan se or tera baap katauti khandaan se❤😂😅,0
8390,g0CWxEuN2VI,The most family friendly video of bbk,0
8391,g0CWxEuN2VI,Every parents 😂😂😂,0
8392,g0CWxEuN2VI,2024 me 25 times dekh chuka hu,1
8393,g0CWxEuN2VI,Zara se shopping 😂😂😂,1
8394,g0CWxEuN2VI,Bhai janki bhabhi ka dadhi leak ho rha he,0
8395,g0CWxEuN2VI,Ranveer singh be like... Mujhe kyu toda 😂,0
8396,g0CWxEuN2VI,Anyone 2024 March 😂,0
8397,g0CWxEuN2VI,Kharche rokne ke liye kaha tha .. Dukan dalne ke liye nahi kaha 😂😂😂😂,0
8398,g0CWxEuN2VI,Anyone in 2024❤❤🎉,4
8399,g0CWxEuN2VI,Again watching this after 5 year ✨️,0
8401,g0CWxEuN2VI,Bhuvan total bill 1100+2000+3500+800+700+100= 8200Janki total bill 8000Ye 1200 ka disconnect milaheI total 15000,1
8402,g0CWxEuN2VI,Lagdhi kutiya ki tarah chalti hu😂,0
8403,g0CWxEuN2VI,Total kharcha to 16200 ka baitha hai lekin sirf 15000 bataye hai😂😂😂😂❤❤,0
8404,g0CWxEuN2VI,bro agr uncle ka bataya hu total kr tho 8200 beth rhe h orr agr aunty is saree bhi add kre roh 16200 i think there is some mistake.BTW Love the video. Dekh toh phle hi li thi par dhyaan aaj diya.,0
8405,g0CWxEuN2VI,Bhai purane video se time pass kr rahe hain. Jldi nye laao na❤️,0
8406,g0CWxEuN2VI,FunFact: Zara ki shopping mein H&M ka bill 😂,0
8407,g0CWxEuN2VI,It is a video which we can watch around parents,0
8408,g0CWxEuN2VI,2024 audience ❤,88
8410,g0CWxEuN2VI,Thanks for 1500 Subscribers ❤😍,0
8411,g0CWxEuN2VI,I AM BATMAN,2
8413,g0CWxEuN2VI,Anyone from 2030❤,4
8415,g0CWxEuN2VI,2024 gang likee,2
8417,g0CWxEuN2VI,"Fun fact:  h&m ki bill aur Zara, Diesel brand 😂😂",1
8419,g0CWxEuN2VI,New year celebration here 2024,2
8420,g0CWxEuN2VI,This is not your 1st time promise 😂❤,2
8421,g0CWxEuN2VI,Bahi mene  1000 bar video dekh le hai 😂😂,1
8422,g0CWxEuN2VI,Eating ke time pe log tarak mehta dekhte hai aur me BB ki vines ❤,2
8423,g0CWxEuN2VI,MY FIRST VIDEO BB KI VINES AFTER NOW REGULAR SINCE JANUARY 2022,0
8424,g0CWxEuN2VI,😂😂😂😂😂 saree,1
8425,g0CWxEuN2VI,Nigi maamla hai 😂,1
8426,g0CWxEuN2VI,Bhai zara bol kar H&M ka bill dikha rhe ho nyc 👍😏,1
8427,g0CWxEuN2VI,Chai piyoge.. Me pakodi bna deti hu 🤣🤣,2
8428,g0CWxEuN2VI,Bhai h&m ka bill dikha kr Zara se shopping kr aya 😂😂wah bro 😂😂😂,2
8429,g0CWxEuN2VI,400 500 rumaal 🤣🤣,2
8431,g0CWxEuN2VI,This is enough 😂😂😂😂😂😂😂😂😂,2
8433,g0CWxEuN2VI,Lmao watching this for probably the 5-8th time,0
8434,g0CWxEuN2VI,But bill toh  H.M  ka tha toh zara se shopping kaise ki?,0
8435,g0CWxEuN2VI,Iamhereagain! Letsseewhoishere!,0
8436,g0CWxEuN2VI,This is 'enog',0
8437,g0CWxEuN2VI,Mere mamale me meri Mummy aise karti hai😂,0
8438,g0CWxEuN2VI,He is king of comedians,0
8439,g0CWxEuN2VI,3:21 this is enough😂,2
8440,g0CWxEuN2VI,Arey bc rumal was permanent,0
8441,g0CWxEuN2VI,Jai baba bholenath,0
8442,g0CWxEuN2VI,Jai Mata di 🙏,0
8443,g0CWxEuN2VI,Rumal😂😂😂😂😂😂😂😂,0
8444,g0CWxEuN2VI,Bhai zara ke shopping ke naam pe h n m ka bill le aaya,0
8445,g0CWxEuN2VI,This is the only video of this account that I can watch with my mamma😄😄,1
8446,g0CWxEuN2VI,hnm k bill m zara ka saman,0
8447,g0CWxEuN2VI,0:31 beta padhaai chhodkar kahan silai karne baithega to😂😂😂😂😂,0
8448,g0CWxEuN2VI,This is enouughhh,0
8449,g0CWxEuN2VI,3:21 is the best scene 😂😂,1
8450,g0CWxEuN2VI,Hoodie bht acchi h,0
8451,g0CWxEuN2VI,3:21 This is enoughhh 😂😂😂🤣,0
8454,g0CWxEuN2VI,BB ke father just like my mom 😂,0
8455,g0CWxEuN2VI,Zara se shopping 🛒 but bill toh h.m ka hai,0
8456,g0CWxEuN2VI,"Yaar ek baat samaj nahi aarhai,dusre videos firse dekhne me utna maaja nai aata kabhi kabhi ko to firse dekhne ka man nahi karta lekin yeh BB,Ashish, triggered insaan ke ek hi video 50 baar dekh liya lekin intresting toh utni lag rayi he jitni first time dekha ta yaar HATS OFF TO YOU GUYS😊😊",0
8457,g0CWxEuN2VI,Fun fact : bublu said 15000 shopping but the real shopping is 16300,0
8458,g0CWxEuN2VI,Bhuvan khud ki mehnat ki kamaai khud fizul kharchi karke khudko hii daant raha hai🤯,0
8461,g0CWxEuN2VI,This is enog,1
8462,g0CWxEuN2VI,Itne rumal ka karna kya uncle ko 😂😂,1
8463,g0CWxEuN2VI,The only video that you can watch with family 😂,0
8464,g0CWxEuN2VI,Kon kon 2023 me ye dekh Raha hai...,0
8465,g0CWxEuN2VI,Aapka content bahut achchha hai,2
8467,g0CWxEuN2VI,FACT YOU ARE WATCHING THIS VIDEO AFTER A LONG TIME,1
8468,g0CWxEuN2VI,If you think you r my dadThan I am your grandfather and grandfather loves *uddi 😂😂😂😂,1
8469,g0CWxEuN2VI,This is enok😂😂😂,1
8470,g0CWxEuN2VI,Bina gali ka video😊,1
8471,g0CWxEuN2VI,BB SHOPPING -8200BBS MOTHER SHOPPING -8000TOTAL-16000STARTING BABLU JI SAYS 15000 SHOPPING,2
8472,g0CWxEuN2VI,Itne me 400 500 rumal ajate 😂,0
8473,g0CWxEuN2VI,0:59 zara ke showroom mein H&M ka bill bhi dete hai.,0
8475,g0CWxEuN2VI,0:14 gene pant 😂😂❤❤,0
8476,g0CWxEuN2VI,BB ki pehli video jisme gaaliya nahi hai fhir bhi funny hai hehe,0
8477,g0CWxEuN2VI,Yr....ye video 15..20 baar dek chuka hu lekin hisab par aaj gaur kiya h bablu ji hisab me 1200 ka her fer h itne me ho 30-40 rumaal aajaye total Bill 16200 ka ho raha h😂😂,1
8478,g0CWxEuN2VI,Tumara kacha tumhara niji mamla hai 😂😂😂😂😂😂,0
8479,g0CWxEuN2VI,8000 ke under bhuvan ka sab kuch aagya pr janki ji ki sirf saree aayi hai😭😂😂😂😂😂😂,0
8480,g0CWxEuN2VI,kyaa liya 100 rupe ka 😂😂,1
8481,g0CWxEuN2VI,15 hazar ki shopping8000 ki sari 3500 👢2000 shirt 👕800 underwear 🩲1100 jeans 👖800 hair cut100 parking 🅿️ ?.???????,1
8484,g0CWxEuN2VI,Anyone in 2023???????????,17
8485,g0CWxEuN2VI,"*Line- ""This is Enogh* 😂😂😂 (Enough)",5
8486,g0CWxEuN2VI,Jitni bar v dekhlo ...hasi bht ati he.... Dusra kahin v video dekho wo maja NH ata,0
8489,g0CWxEuN2VI,Bhuvan Bhai tu si great ho bhai❤❤❤❤❤❤❤❤❤❤❤,1
8490,g0CWxEuN2VI,In 8000 you can buy 267 hankerchief,1
8491,g0CWxEuN2VI,Revisiting old videos is very funny 😂😂😂😂,2
8493,g0CWxEuN2VI,Watching ur videos again after many years the same feeling i got 😅laughed a lot,1
8495,g0CWxEuN2VI,15000 me kisi ka ghar nahi ja e ga,0
8496,g0CWxEuN2VI,1:12 jab mene phlii bar yh line suni thi to me 1 ghnte tak hnsii thii...😅😅😅1:27 expression 😂😂❤3:21 😂😂 this is enoc...,0
8497,g0CWxEuN2VI,Why am I here again 😂😂😂,1
8498,g0CWxEuN2VI,Are madarchodo tamur kon tha pata karlo,0
8499,g0CWxEuN2VI,800 ka underwear 😂😂😂,0
8500,g0CWxEuN2VI,Konsa samrajya khada ker dia.....,0
8501,g0CWxEuN2VI,fun fact : comments se jyada comments par like aa jate hai 😂😂,0
8503,g0CWxEuN2VI,Baar baar yaha aake sukoon 🤌 mil jata h ❤️‍🩹the happiness I got from this man😍❤️🤌,0
8504,g0CWxEuN2VI,This is enough 😭😭,1
8505,g0CWxEuN2VI,8000 rs ki saarreeee,0
8507,g0CWxEuN2VI,This is enough😂😂😂😂😂,8
8508,g0CWxEuN2VI,Legends know its old tittle was 8000 rupee ki saree,0
8511,g0CWxEuN2VI,Fukra triggered op 💪💯,1
8512,g0CWxEuN2VI,Still Relatble 🤣🤣,1
8514,g0CWxEuN2VI,Zara se shopping 😂😂😂😂😂,4
8515,g0CWxEuN2VI,Bhuvan bam still one man army,1
8517,g0CWxEuN2VI,Mangal Bazar Humre yahabbhi hai 😂,1
8518,g0CWxEuN2VI,But the way bhuvan Bhai Mangal Bazaar is not Monday market it is Tuesday market as written in subtitles at 1:47.,0
8519,g0CWxEuN2VI,Father and mother are everything to us till the end of life,0
8520,g0CWxEuN2VI,This is enogh..😂😂😂Enough 😅😂,8
8522,g0CWxEuN2VI,Mera 5th Time hai,1
8523,g0CWxEuN2VI,"Fun apart, the frustration is real in middle class families.",3
8524,g0CWxEuN2VI,Fact: This guy got 2176533 hrs of watch time from just this single video,2
8525,g0CWxEuN2VI,Patal mein kri thi ky parking= underground parking🤣,0
8526,g0CWxEuN2VI,Shopping Zara se bill HM ka😂😂🤣,0
8527,g0CWxEuN2VI,Broccoli 🥦 <<<<< BRAKAALI,0
8528,g0CWxEuN2VI,Who notice that he has done shopping from zara but bill is of H and M,0
8529,g0CWxEuN2VI,Zara kapron ka brand hai lakin wahan se 3500 k joote ayen hain🤣❤️ big fannn bhuvan sirr,0
8530,g0CWxEuN2VI,3:22 This is enog(enough)🤣🤣🤣,1
8531,g0CWxEuN2VI,4 saal Kab hogye pta hi nhi chala 🥺,0
8532,g0CWxEuN2VI,4 year and stiil Rock 😅🔥🔥,1
8535,g0CWxEuN2VI,Bb ki saari videos deakh Chuka hu aur aab dobara deakh Raha hu. Kya kare tadap hi aisi hai :) 😗,0
8537,g0CWxEuN2VI,I watch only bablu uncle  ji video. Because in which Bhuvan can't use abusing language😁🤣,0
8538,g0CWxEuN2VI,Bb spent 8200 😂😂,0
8539,g0CWxEuN2VI,This is enog😂😂😂🤣🤣😂,0
8541,g0CWxEuN2VI,"""this is e-no-g"" had me laughing so hard",0
8543,g0CWxEuN2VI,4:05 itna mai 400 - 500 rumal aajata,1
8544,g0CWxEuN2VI,This is enug!!!,0
8545,g0CWxEuN2VI,"Bill is 16,200 Not 15,000...🗿🗿",0
8546,g0CWxEuN2VI,Sabse badhiyq sarre  wala part Tha,0
8547,g0CWxEuN2VI,3:00 driver nahi hai woh racist hai 💀😭😂,0
8548,g0CWxEuN2VI,"1:13 ""tumne 6 baje uth ke konsa saamraj khada kardiya"" janki ji op 😂",0
8549,g0CWxEuN2VI,Puri video ka hua 16200 ruppe to shayad discount main 1200 kam ho Gaye 😂😂😂😂😂😂😂,0
8550,g0CWxEuN2VI,Janki Ji Being Cute and Innocent❤ 0:32,0
8552,g0CWxEuN2VI,"Fix Your Facts Sir 15000/- Ki Shopping Bol Ke 16200/- Ki Shopping Kaisa Kar Li.1. Pant 1100/-2. Shirt 2000/-3. Shoes 3500/-4. Underwear 800/-5. Haircut 700/-6. Parking 100/-7. Saree 8000/-8. Total Cost 16,200/-",0
8553,g0CWxEuN2VI,3:10 to 3:28 min 😅😅😅,0
8554,g0CWxEuN2VI,Ending 😂😂😂😂😂❤,0
8556,g0CWxEuN2VI,800 ka kachha😂😂,0
8557,g0CWxEuN2VI,Enouggghhhh 🤣🤣,0
8558,g0CWxEuN2VI,"Bahut Bekar beta., Langdi kutiya ki Tarah chalti hun",0
8559,g0CWxEuN2VI,What is parking,0
8560,g0CWxEuN2VI,If parents are gareeb why do they fuck and produce a child to make him a partner in their poverty ?,0
8561,g0CWxEuN2VI,Who else watching again in 2023 recommended by YouTube,2
8562,g0CWxEuN2VI,"Total amount 16,200",0
8563,g0CWxEuN2VI,His acting is great,2
8564,g0CWxEuN2VI,This is enoge 😂😂,1
8565,g0CWxEuN2VI,Agar depression khatam karna haii toh 10 din bb ki vines ke videos dekho khud se pyaar karne lag jaoge,0
8566,g0CWxEuN2VI,Bina gali wali video 😂,0
8567,g0CWxEuN2VI,Normal day in the life of middle class family 😂,0
8569,g0CWxEuN2VI,"Who think that, commenter can read our mind?",2
8570,g0CWxEuN2VI,Mommy ka scene tyte hai 8000 ki.saree 😂😂😂😂😂😂😂😂😂😂😂😂,0
8571,g0CWxEuN2VI,Bhuvan went to Zara but bill pe toh h and m likha hai 😂😂😂,0
8572,g0CWxEuN2VI,Itne mai 400-500 rumal aa jate 😂,1
8573,g0CWxEuN2VI,100 in parking 😂😂😂,1
8574,g0CWxEuN2VI,when i see this video i feel like this our thing,0
8576,g0CWxEuN2VI,Sir tell us how you write your script,0
8577,g0CWxEuN2VI,Bb sir please tell us how you write your script 😐😐😐,0
8578,g0CWxEuN2VI,"Bhai bablu ji par sab has rhe hoge, but unka inner emotion tab samajh ayega jab koi Kam salary wali naukri kare aur usse poora Ghar chalana ho........",0
8579,g0CWxEuN2VI,Total amount is 16200 not 15000,0
8580,g0CWxEuN2VI,4:05 Oo bhai sahab 🤣🤣,0
8581,g0CWxEuN2VI,Chalo kuch to Kamm karc kiye 100 ruapi ka kya liye parking,0
8582,g0CWxEuN2VI,I can watch all episode without getting bored😂❤😊,0
8583,g0CWxEuN2VI,Har baar love or maza bht jyda,0
8584,g0CWxEuN2VI,Bro 16200 hua 15000 nahi,0
8585,g0CWxEuN2VI,"This is ""ENOG"" OMG This one is hilarious😂😂😂",0
8586,g0CWxEuN2VI,2:32 Me To Reaction Channels😂,0
8587,g0CWxEuN2VI,Itne me 400-500 rumal aajate😂😂😂,2
8588,g0CWxEuN2VI,This is srsly inoug 🤣🤣🤣🤣,0
8589,g0CWxEuN2VI,His video is like to enjoy our laughing.,0
8590,g0CWxEuN2VI,when you perfectly know how to waste your father's money😂,0
8592,g0CWxEuN2VI,Kataauti khandan wala joke Kapil Sharma ne yhi se copy kiya hoga😂,0
8596,g0CWxEuN2VI,Teen chaar mustande ek scooty ke liye 😂😂😂,1
8597,g0CWxEuN2VI,"400, 500  rumaal aa jaye 😂",0
8598,g0CWxEuN2VI,BB Bhai late m shayri m galti kar di mote nhi beti ke bache dhevte lgte h,0
8599,g0CWxEuN2VI,watching it in 2023 ig 365th time,0
8601,g0CWxEuN2VI,This is the point😂😂😂 1:38,0
8603,g0CWxEuN2VI,Bhuvan mom is always savage 😂😂,22
8604,g0CWxEuN2VI,H&M ka bill aur zara ki 😂,1
8605,g0CWxEuN2VI,3:14 aare kya 3-4 mushtande kiraye pr liye the scooty ki dekhbhaal krne ke liye?? The best,78
8606,g0CWxEuN2VI,8200 spent by Bhuvan and 8000 by Jaanki… Babloo ji ka 16200 ka beth gya bhatta😂😂,3
8607,g0CWxEuN2VI,Bhai log h and m  ke bill h but zara se shopping ki Bhai ne,1
8608,g0CWxEuN2VI,Jab mummy gya samne se tab ek shadow padta to aur realistic lagta 😀,0
8609,g0CWxEuN2VI,Pov :- hum to hum hai baki sub pani kam hai Bhau ki ik topi 700 rs ki hai Hum to 700 me 1000 topi la le😁,0
8610,g0CWxEuN2VI,Haste haste rogaya mai🤣🤣😂😂😂😂😂😂😭😭😂so good,0
8611,g0CWxEuN2VI,Naya ana to band hogya purana dekh k kaam chala lete hai,0
8612,g0CWxEuN2VI,"""Beta balo mein kuch alag toh nahi lagray"" is a moms favourate",1
8613,g0CWxEuN2VI,Bhai par bill par h&m likha ha,1
8614,g0CWxEuN2VI,Bro tell me one thing where do you live,1
8616,g0CWxEuN2VI,"BB JI PLEASE HELP ME 😢MENE AAPKA EK VIDEO DEKHA SANDEEP MAHESHWARI SIR KE SAATH JISME EK LADKI BOLTI HAI KI UNKE SIRF 2K SUBSCRIBERS HAI AAPKE BOLNE KE BAAD 62K HO GYA MAI BHI APPROX 3 SAALO SE YT PAR KAAM KAR RAHI HUN MERE BHI 2.47 K SUBS HAI .  SASURAL WALE GALI DE RAHE HAI , SAB KHUSHIYAN MANA RAHE HAI . AAPNE DHINDORA ME KAHA THA ' DANVEER BANO LETE SAB HAI ' THODE SE SUBSCRIBERS MER3 BHI BADHWA DIJIYE AAPKE AUKAAT KE HISAAB SE MERE PASS DENE KE LIYE KUCH BHI NAHI HAI . UMEED HAI KI AAP APNE HI KAHE HUE BAAT KO FOLLOW KARAENGE.",0
8618,g0CWxEuN2VI,Enokkk??? 😂😂😂,0
8619,g0CWxEuN2VI,Ending scene is op 😂,0
8620,g0CWxEuN2VI,Just love the editing 😅,0
8621,g0CWxEuN2VI,3:03 scene is the best,0
8622,g0CWxEuN2VI,Kitni baar aa chuka hai ye video dekhne 🤣😂😂😂😂😂,0
8623,g0CWxEuN2VI,Hdhsjj h na na bhai please 🥺 h ni huh huh huji h ni nu hu na bhai ruppauy em up with the vo to hai tha ek way I will get it by de will not funny 🤣🤣🤣🤣🤣🤣🤣🤣 hi nahi ho Raha tha aur accha laga pada tha tumhara gala kar diya gaya tha altimatem h na with a small 🦐 h ni to the shutter when I join my team is week and teacher w tha aur ha accha hai ki loli hi hai wo wowo h ma nai h na na kar da ul SS card and take a small amount ma hu ki loli h ni nu vid songs in Hindi to ul yueyueyuetue to ul to the vo to ul ul TQ h na bhai ruppauy ava with a good time in Hindi language ma nai kar da moomoo fees and take you up with you and teacher and the end with w we will not 🚫 hi nhi h ma nai bani rahe h ma hu ma nai kar da moomoo hi javab dai ka rehne hi dete tha ki loli hi hai ki vah apane pati ko paadhta bore ho gaiya hi r you can do it for you are a small 🦐🦐 h ma to ma hu ki baba hi r ek w we w we will work out w w we will e with every evening w w we will end w we will not 🚫 with every weekend we were talking the shutter e with every student in south ⬇️ hi nahi ho Raha tha to ul yueyueyuetue hi nahi tha aur tha ki wo wowo ek way to ul to end of romantic song Rajesh ra tha tha aur accha hai tha ek way of some redical hi hai tha ki wo wowo h na bhai ladkaiya hi hai tha ek din er er hi hai ki eran end ek ent h na bhai epe each w each each of some of romantic episode episode w each each each each each wee each w each each of some sort by de will get it tomorrow Feb ka rehne na kar sake 🍶🍶 will get back my phone 📱 email w each each each week and take a small 🦐 h ni email re re email email 📨 w each of them w w each w eeoeoo to to ul ul TQ regards h na with every passing through of into your home 🏡 h na na bhai please 🥺🥺 h ma hu 7 to to end ek ek ek ek ek ek ek ek ta na bhai ruppauy em all facilities and teacher in Hindi medium 🔉🔉🔉🔉🔉🔉🔉🔉🔉🔉 hi hai wo accha hai wo wowo hi hai tha ki lakh koshishon ko padh raha hun 😘 hi javab dai na na kar w w each of some sort by by tags in south ⬇️ h na with the shutter lsland hi javab diya 🪔 hi javab dai kai tarah se h e by the vo each each w each each w we are in south ⬇️ h ma to the shutter when I am from India to to to o mi ko ko paadhta bore 😴 h na na na kar la tha song accha hai tha song accha hai ki lakh koshishon men jute the vo the most important workflows hi nahi h ni ow a champion 🏆 h na with the vo the end ek ent h ma nai kar Raha tha ki lakh koshish hi hai tha song accha laga pada hai wo accha hai wo wowo hi nahi ho sakta hu ma hu ma hu ki lakh koshishon men jute hue hai ki loli h ma nai bani islaiya hi javab dai ka rehne hi nahi hai wo accha laga tha tha lekin ye sab kya accha hai wo log hi hai es baar hi hai ki lakh koshish ek tha tiger 🐯🐯🐯 hi javab nai ekbare h na na na na na bhai ladkaiya hi javab diya 🪔🪔 hi nahi hai tha ki loli to to ul to to to o accha hai tha ek ek way of life 🧬🧬🧬 h ni huh huji h na with every weekend to the vo the vo to ul yueyueyuetue h ni nu d da ul TQ h ma nai h ni nu d dekha to to ul ul TQ h ni huh na kar da bhosdra dhad h ma hu 7 h na bhai ruppauy ava devine hi javab nai ekbare hi javab nai du BBA in Hindi to to o o accha laga tha aur accha hai ki vah bhi ek tha Bhagwan ki wo log hi nahi hai ki loli hi javab diya hai tha song tha ki loli to ul to end 🔚 h ni huh huji ik din se khana kha k liye hai wo log hi javab nai dunia ka matalab h ma nai kar saktha to the shutter lsland hi nahi tha song tha aur tha aur accha laga woh bhi yahi to the most prdouckes to to o mi iPhone la baabha hi hai wo log 🪵 hi hai ki lakh lakh badhaiyan avan hi javab dai kai logon ke aarop lage hai tha song accha laga woh tha aur tha na kar sake 🍶 will get back you chat kar saaf t y e with the vo bhi hai wo log hi javab t y o o y o y ya th pass on the shutter when you are you doing with y e by xhd h ma hu ki baba tha aur ha ha hai y e with a good 😊😊😊 hi nahi hai wo log 🪵 t shirts to to o accha laga tha tha lekin is y ya y o o mi ko paadhta paadhta hi javab nai du message y ya th th eerwyqoqoqyuq to ul yueduieurkzjdjdjosoeodidkkdb jejejejdhfgduduhdhdudhduehdjbejehdudbrjdhdbjr y o mi dee nc hi tha aur accha hai ki lakh t th th d dh ni nu hu ki loli hi nahi tha song yueyuetue hi hai y e by the shutter y,0
8624,g0CWxEuN2VI,Kon 2023 me dekh raha he,2
8626,g0CWxEuN2VI,Fun fact is all characters are played by bhuwan 😂😂😂,0
8627,g0CWxEuN2VI,bb is changing titles & thumbnails on his videos,0
8628,g0CWxEuN2VI,Hilarious 😂😂😂😂,0
8629,g0CWxEuN2VI,16200 ki shopping kri h itni to meri salary h ek mahine ki or bb ne shopping mei 15000 kharch krch kr die kuch maths palle nhi pda🤣🤣😅😅😅,0
8630,g0CWxEuN2VI,Har baap ase hi hote hai,0
8631,g0CWxEuN2VI,Jo baat hai❤jitni Baar Dekho utna km hai,1
8632,g0CWxEuN2VI,"Total shopping cost 16200 and Babloo ji said 15000 , 😂😂 1200 maaf.",1
8633,g0CWxEuN2VI,"4:10 ""Itne me 400-500 rumaal aa jate"" 😂😂😂best dialogue delivery",504
8635,g0CWxEuN2VI,Ye video full volume pe dekhi mene 😂,3
8636,g0CWxEuN2VI,H&M ka bill DIESEL se shopping🤣🤣🤣🤣🤣,1
8637,g0CWxEuN2VI,Taza khabar ka next season ayega Ki Nahi Bhai😁,1
8638,g0CWxEuN2VI,"Babloo ji muddle class family se hai, but inko dekhke khudko garib feel hota hai",1
8639,g0CWxEuN2VI,0:37 Kitna deti hai😂,20
8640,g0CWxEuN2VI,"the ""katauti khaandaan"" line had me wheezing 😂",44
8641,g0CWxEuN2VI,3:00 brakali racict😭🤣,1
8642,g0CWxEuN2VI,This is enog 😂 (enough),0
8643,g0CWxEuN2VI,This is enough.,0
8646,g0CWxEuN2VI,Tune gulel bnani hai 😂😂,0
8647,g0CWxEuN2VI,Zara bolke HnM ki receipt dikha raha hai,0
8648,g0CWxEuN2VI,I keep coming back to laugh my ass off 🤣🤣🤣,0
8649,g0CWxEuN2VI,"Total = 16,200",0
8651,g0CWxEuN2VI,"Bc ye video ko 4 saal hogye! 😧, Samay kuchh zyada hi jldi beet rha hai , bas uski yadein nahi beet rahin 😭",0
8652,g0CWxEuN2VI,Day 1000 watching this video,0
8653,g0CWxEuN2VI,Mc stain 8000 rs ke kaccha hai isme tera  juta jeans shirt sab jayenga,1
8654,g0CWxEuN2VI,h and m me saadi kab se milnelagi,0
8655,g0CWxEuN2VI,This is the only video of bhuvan bam which I can see with my family,0
8656,g0CWxEuN2VI,4:12 Hamen to Ek beti chahie Thi vah Kami Tumne Puri Kara De🤔🤔🤔🤔....,1
8657,g0CWxEuN2VI,He is. Mood refreshers,0
8658,g0CWxEuN2VI,Never watch bb's video while drinking.. I said never,0
8660,g0CWxEuN2VI,funfact : babloo ji said that 15000 ki shopping  but the total is 16200 of these items,0
8661,g0CWxEuN2VI,I am here for sameer,1
8662,g0CWxEuN2VI,Enog😂😂😂😂😂😂😂😂😂,0
8663,g0CWxEuN2VI,Itne mein 400-500 rumal aa jaate was epic😂🤣😂🤣,0
8664,g0CWxEuN2VI,Nice video sir,1
8665,g0CWxEuN2VI,FIRST VIDEO CAN BE ALSO WATCHED WITH OUR PARENTS,0
8666,g0CWxEuN2VI,Fun is important ❤️😂,0
8668,g0CWxEuN2VI,Thappad Kha lega :- favourite line,1
8669,g0CWxEuN2VI,We want old videos,0
8671,g0CWxEuN2VI,This is not your first time here and not your last 😎😎😎,0
8672,g0CWxEuN2VI,Chem in the morning and I,0
8673,g0CWxEuN2VI,This is enok 🤣🤣🤣🤣,0
8676,g0CWxEuN2VI,Kapdo ka brand hai wahi se to joote liye 😂😂,0
8677,g0CWxEuN2VI,This is enough 😁🤣🤣,0
8678,g0CWxEuN2VI,*This is enog* 😂😂😂😂🤣😂😂😂😂😂,0
8679,g0CWxEuN2VI,Vaiya this was an epic era....🥺firse eisa continuous vdo do pls apke yeh vdos bohot bar dekh chuka hu 🙂 firbi achha lagta hain please vaiya please firse eise vdos banao,0
8682,g0CWxEuN2VI,Hum Abhi bhi 1500 wali Kapde ki jodi pahnte hai,2
8683,g0CWxEuN2VI,1:48 Mangal bazaar Monday(caption) ko bhi lagta hai kya?,0
8684,g0CWxEuN2VI,"In the whole video, no one even fucking cared that Babloo Ji was just trying to make the point that spend money in limit; well cause that money was his own! His wife just didn't support him even once and just kept making fun of him but saying u don't earn much...and all those crap a woman says to a man regarding spending money and buying. This video clearly shows the situation of a middle class man and his image in the mind of his family members. Then just don't respect his hardwork for earning that money; atleast not until these responsibities come on them!",1
8685,g0CWxEuN2VI,2:52 mai mami ji ki dari nazar aa rahi hai🤣,0
8688,g0CWxEuN2VI,I am crazy about this channel 🤣 7th time,0
8690,g0CWxEuN2VI,At last I will tell one lineVideo title should be — 8000 rupee Ki Saari 😂😂😂,1
8691,g0CWxEuN2VI,calculate kara to 16200 haa🤣🤣🤣,1
8692,g0CWxEuN2VI,Zara lovers😂😂👇,1
8693,g0CWxEuN2VI,"Babloo ji - 15,000 ki shopping 💀BB - 16,200 total hua Jisme 8,000 mummy ka yogdaan hai😎",0
8694,g0CWxEuN2VI,2023 still watching,0
8695,g0CWxEuN2VI,Jitne baar dekho man nahi bharta ❤❤,1
8696,g0CWxEuN2VI,Please please make more videos like this🥰😇😊,0
8698,g0CWxEuN2VI,bb’s videos never get old😭🤍,0
8699,g0CWxEuN2VI,Bro... Its been long I laugh my lungs out... Thanks... Keep up the good work,1
8701,g0CWxEuN2VI,4saal k baad fir se sari videos repeat dekh rha hu,0
8702,g0CWxEuN2VI,"Kab tak purani video se kaam chale bhai, nayi video dalo.",1
8703,g0CWxEuN2VI,Who all want to see Bhuvan's mummy in that 8000 rupay ki saree? 😂😂,0
8704,g0CWxEuN2VI,Tu kya chimni ka dhuan phekta hain,0
8705,g0CWxEuN2VI,Innocent come - Chai peeyoge pakode bhi bana dete hoon....🤣🤣🤣👍,0
8706,g0CWxEuN2VI,Driver nahi woh Racist hai......( Racer) 🤣🤣🤣🤣🤣🤣💥💥,0
8707,g0CWxEuN2VI,Starting like aashish chanchlani,1
8709,g0CWxEuN2VI,Kon hai abhi bhi yeah dekh raha hai aur relate kr raha hai 😂😂🙋,3
8711,g0CWxEuN2VI,I don't know how many times I have watched this video but today I noticed ki bablu ji ke hath me jo bill hai vo H&M ka hai😂😂🦋,0
8713,g0CWxEuN2VI,This is enogh 😂😂,0
8714,g0CWxEuN2VI,69 th time watching the value of rumaal(s),0
8715,g0CWxEuN2VI,Par total to 20000 a Raha hai 😂😂,1
8716,g0CWxEuN2VI,this is enoug 😂😂😂😂😂😂,0
8717,g0CWxEuN2VI,Balo me kuch fark to nahi dikhta yeh har maa baap bolta hai 🤣,0
8719,g0CWxEuN2VI,At The End Of The List..Tujhe To Main Baad Mein Dekh Lunga Beta..💪Av Teri Maa Se Nipatne Ka Tm Agaya! 😂,0
8722,g0CWxEuN2VI,I recommend this Chanel to one of my friend he forget to watch video but when he made mind to commit suicide that time he remembers and just for last time he watched one of video and then he scrolled one by one and watched up to two hour and forget all his things. Then he realised everything and comes out from that thought. And ake muje dyan deta hai ki tum mereko bachaya 😂 but TQ BB ki vines ❤️,0
8723,g0CWxEuN2VI,"THIS VIDEO PROVES THAT BB KI VINES IS POPULAR AND ENTERTAINING NOT ONLY FOR SLANGS, IT IS PURE TALENT THAT CAN ENTERTAIN WITHOUT ANY SLANGS....",0
8724,g0CWxEuN2VI,This is enough 🔥😂🔥,1
8725,g0CWxEuN2VI,30/40 rumaal ke jeans to nhi raffuu wala dhoti jarur ban jyegi 😂😂😂😂😂,0
8726,g0CWxEuN2VI,Only 1000% clean video 🤣🤣🤣,0
8727,g0CWxEuN2VI,Tumne kounsa samrajya khada Kia🤣🤣🙌🙌,0
8728,g0CWxEuN2VI,But total shopping is of Rs16400,1
8729,g0CWxEuN2VI,This is Enoug 😅,1
8730,g0CWxEuN2VI,This is EnoG 🤣🤣🤣🤣 Sevage,0
8731,g0CWxEuN2VI,Tamur suar thaTamur wahi tha jise hinduo ne suar ki maut mara thaJai shri ram,0
8732,g0CWxEuN2VI,This year New beginning ✨️,1
8733,g0CWxEuN2VI,This guy proved that camera quality is not important video quality is important,0
8734,g0CWxEuN2VI,This is enough 😂🤣,0
8735,g0CWxEuN2VI,Fun fact - bill is of h &m,0
8736,g0CWxEuN2VI,Hahahahaha🤣🤣🤣🤣🤣😄😄😄😄😄😄😄,0
8738,g0CWxEuN2VI,This is enog!!I died🤣🤣🤣,0
8739,g0CWxEuN2VI,"This is really expensive. I don't spend this much lmao and I'm a girl! I only buy clothes during  Durga Puja, I buy 6 clothes within 3000 rupees. And shoes within 600. Total 3,600. If you're from a middle class family do understand your parent's problems. You shouldn't spend hella lot of money like this if you are not working for it",1
8740,g0CWxEuN2VI,Total is1100+2000+3500+800+700+100+ 8000=16200 But babloo ji is saying 15000Where did 1200 rupees come from?,2
8741,g0CWxEuN2VI,M kadi ninda krta hu🤣,0
8742,g0CWxEuN2VI,Gulel bna le 🤣🤣🤣,0
8743,g0CWxEuN2VI,Aur log kehte Hain BB Bina gali diye hasa nehi sakta. Dude bb is way above❤️,0
8744,g0CWxEuN2VI,my frvt video,0
8745,g0CWxEuN2VI,1100₹ Jens2000₹ shirt3500₹ jute800₹ underwear700₹ haircut100₹ parking8000₹ sadi Total--- 16300 But bablu ji ne kaha ki 15000 ki shopping ki he or sari payment card se hui he,1
8746,g0CWxEuN2VI,Asli fun fact to ye hai ki mai vedio like krne jata hu to unlike ho jata hai😜😜😜😃😃🤓,0
8747,g0CWxEuN2VI,"4:05 itne me 400,500 rumaal ajate 😂",14
8748,g0CWxEuN2VI,dont watch his videos while eating,2
8749,g0CWxEuN2VI,Bb bhai kaha filmy content me agaye please comebak,1
8750,g0CWxEuN2VI,Padta hai kya chimni bekta hai 😂😂😂,4
8751,g0CWxEuN2VI,Finally BB Ek super hero ban gya 😄😄,4
8752,g0CWxEuN2VI,Shopping ZARA se Bill H&M  ka 😂😂😂,0
8754,g0CWxEuN2VI,Ab mja aaega na bhidu,0
8755,g0CWxEuN2VI,This is enog😁Bhuwan said : enough His father: thappad kha lega 😁😁😁,11
8756,g0CWxEuN2VI,Chutiya National award Dena chahiye,0
8757,g0CWxEuN2VI,The total bill was 16200,0
8758,g0CWxEuN2VI,4:05 his smile 😂❤❤,360
8759,g0CWxEuN2VI,Bb one man army ❤️,8
8762,g0CWxEuN2VI,Why no one is talking about Bapuji's dialogue where he pronounces enough wrongly hahahaha.,1
8763,g0CWxEuN2VI,Pakode aur chai 8000 ki padi..😂,1
8764,g0CWxEuN2VI,The bill is 16200,0
8766,g0CWxEuN2VI,2:31 mai kadi ninda karta hu iski 😂😂😂,0
8767,g0CWxEuN2VI,I miss those days.. whn frnds used to called to inform *bhai bb ki nayi video aagyi💕*,1
8770,g0CWxEuN2VI,Why don't he make such funny videos anymore 😑 i miss those days a lot😐,2
8771,g0CWxEuN2VI,Mujhe toh abhi taak samajh nahi ata ki kapdo ke brand se jutee khareede kaise,0
8772,g0CWxEuN2VI,No bad language in this episode 😁,2
8773,g0CWxEuN2VI,I often forgot that BB is playing all the chereacters,1
8774,g0CWxEuN2VI,"1100/- jeans 2000/- shirt(diesel)3500/- shoes800/- underwear700/- haircut 100/- parking 8000/- SaareeTotal:-15,600/- But according to bablo ji bhuvan ne 15000/- ki shopping ki how ? 🤔🤔",2
8775,g0CWxEuN2VI,3:20 enough 😂🤣,1
8776,g0CWxEuN2VI,"Plzz make more normal videos with titu mama ,bancho,sameer and uncle aunty",0
8777,g0CWxEuN2VI,"Ye kya hai, ye kya hai?BB- Bill 😂",0
8778,g0CWxEuN2VI,Kitna deti hai ?,0
8779,g0CWxEuN2VI,Awesome createvity heads off bro....🤗,0
8780,g0CWxEuN2VI,Fun fact- ZARA ke store pe H&M ka bill Banta hai 💀,0
8781,g0CWxEuN2VI,BB Ki Vines,1
8783,g0CWxEuN2VI,HAMARE TIME HAM 20 RUPEE KE PAHANTE THE | was epic,0
8787,g0CWxEuN2VI,Is bar mummy khel gyi bancho😅😅,1
8788,g0CWxEuN2VI,2:19 same reaction of my mother when I comes from saloon 😂😂,108
8789,g0CWxEuN2VI,"wt comes first in your mind ""kya liya hai 100 rupee ka """,0
8790,g0CWxEuN2VI,Who still watch this episode,1
8792,g0CWxEuN2VI,Rᴀᴄᴇʀ Kᴀʜᴛᴇ Hᴀɪ,0
8794,g0CWxEuN2VI,Fᴜɴ Fᴀᴄᴛ : Pᴀᴅʜᴀɪ Cʜᴏᴅ Kᴇ Kᴀʜᴀ Sɪʟᴀɪ Kᴀʀɴᴇ Bᴀɪᴛʜᴇ Gᴀ,0
8796,g0CWxEuN2VI,Enog... Enough ?? 😂😂,0
8797,g0CWxEuN2VI,By the way total bill is 16200 and bhuvan said 15000... no hates 🤣🤣,0
8798,g0CWxEuN2VI,2019 : 8000 ki sareee Itne me 400-500 rumal ayega...2022 : 80000 ke joote itne me tera ghar jayenga 😂😂,1
8799,g0CWxEuN2VI,Total is ===16200😅😂,1
8800,g0CWxEuN2VI,Boring hai bro y,0
8801,g0CWxEuN2VI,This is enog🤣🤣,0
8803,g0CWxEuN2VI,"No matter how cool your dad is, ant mein unka dar barkarar rehta hai😂",0
8804,g0CWxEuN2VI,1100+2000+3500+700+800+100+8000= 16200Ik am the worst in math maybe tw It's been 3 years still couldn't figure out the problem😫💔,1
8805,g0CWxEuN2VI,So funny bruh 😂😂😂,0
8806,g0CWxEuN2VI,Itne Mein 400-500 Rumal Azate Unique Dialogue,0
8807,g0CWxEuN2VI,"First video of bb ,which can be shown to your parents 😂",3
8808,g0CWxEuN2VI,When you notice janaki is wearing a shirt.,0
8809,g0CWxEuN2VI,Zara Se Shopping🛍️💸,0
8810,g0CWxEuN2VI,One video with banchodas father to bhuvan father,0
8811,g0CWxEuN2VI,Shyam Meera Singh..,0
8813,g0CWxEuN2VI,This is eenog 😂,0
8814,g0CWxEuN2VI,Yahi channel h hamare entertainment ka zariya 🙂,1
8815,g0CWxEuN2VI,3:46 Mummy's reaction! 😂😂😂🔥,0
8816,g0CWxEuN2VI,Please a part 2 ❤️,0
8817,g0CWxEuN2VI,I like all ur videos,0
8820,g0CWxEuN2VI,Tune gulel banani hain..... This dialogue is something.... 😂😂,0
8825,g0CWxEuN2VI,Mochhi and mochi 🤣🤣🤣,0
8826,g0CWxEuN2VI,Packing 100 ka tab to me out 🥵,0
8827,g0CWxEuN2VI,My hair cut only 100 rs,0
8828,g0CWxEuN2VI,"Mera pant only 100 rs ,🤷",0
8829,g0CWxEuN2VI,Hame toh ek beti chaiye thi...uski kami tune poori kardi 😂😂,0
8830,g0CWxEuN2VI,"Bhuban's father said that Bhuban spent 15,000 rupees but we saw there are a total of 16,200 rupees from the list. Mathematical Jaaduuuuu🥴",0
8831,g0CWxEuN2VI,"his father told  bhuvan has done shopping of 15,000 but i calculated it he has done of 16,200 including the 8000 saree",0
8832,g0CWxEuN2VI,This might be the >50th time I'm watching it  😂,0
8834,g0CWxEuN2VI,I like the vintage BBNo gimmicks no nonsense and straight to the point.,0
8836,g0CWxEuN2VI,Fun fact the total amount spent was 16200😂❤️,0
8838,g0CWxEuN2VI,This is enough 😁😂,1
8839,g0CWxEuN2VI,Itne mein toh tesh chalish Rummal aajate 😂😂😂😂,0
8840,g0CWxEuN2VI,"I am watch your videos alone, can't see with my family...reason all of you know",0
8841,g0CWxEuN2VI,"You are the funny word inventor,",0
8842,g0CWxEuN2VI,This video sponsor by roomal🤣🤣🤣🤣,0
8843,g0CWxEuN2VI,"0:47 bb ko sunte sunte halat itni kharab hogyi , konse card ko konse gand sunai de rha",19
8844,g0CWxEuN2VI,50 vaar dheka lakin ek hi reaction hai op,0
8845,g0CWxEuN2VI,Everytime i watch any video of BB it gives me flashbacks of my university days.Class bunk karkay Dhabay par baith kr chai peetay hoye video daikhna. Finals ky dinu mein jab bore hojana tu bb ki angry masterje laga laina.,1
8846,g0CWxEuN2VI,This is enog,0
8847,g0CWxEuN2VI,"This is ""enog"" 😂😂",0
8848,g0CWxEuN2VI,This is enough 😂😂😂😂😂😀😀,0
8849,g0CWxEuN2VI,This is enog Enough 😂😂,0
8850,g0CWxEuN2VI,₹100 ki Parking 😎,0
8851,g0CWxEuN2VI,Hme to ek beti chiye thiWo kami tune puri kr di 😂🥰,0
8853,g0CWxEuN2VI,This is enough 🤣🤣🤣🤣🤣🤣🤣🤣🤣,0
8854,g0CWxEuN2VI,Iam seeing this episode 20th time😍,0
8856,g0CWxEuN2VI,Rajwado 💘❤️,0
8857,g0CWxEuN2VI,"Only vedio,Which I can watch with my parents",0
8858,g0CWxEuN2VI,Babloo ji- 8000 ki saadiBB- itne mai 400-500 rumaal aajate.(BB Always rocks)😍😍,0
8859,g0CWxEuN2VI,"Just calculated It make total of rs 16,200 but babluji said 15000 ki shopping 😁😁😂😂",0
8860,g0CWxEuN2VI,2026 still watching,0
8861,g0CWxEuN2VI,Best Dilogue Rumal 😂😂😂😂😂,0
8862,g0CWxEuN2VI,BB is One Man Army 💯🙏😎😈,0
8863,g0CWxEuN2VI,Jara se Shopping karne hai Papa Zara se Shopping karne Hai 😂😂😂😂😂😂,0
8866,g0CWxEuN2VI,It's mine atmost 20+ time here 🙂,0
8869,g0CWxEuN2VI,Babloo ji is right 🥰😍,0
8870,g0CWxEuN2VI,"80,000 ke shoes 😄",0
8871,g0CWxEuN2VI,Kab ayega dindora laure,0
8872,g0CWxEuN2VI,All time hit super bro,0
8875,g0CWxEuN2VI,BB is always best 😆😆,0
8876,g0CWxEuN2VI,Fun facts: If we add all the expenses than the total worth is 16200rs... 🤣,8
8877,g0CWxEuN2VI,Who watching in 2022,1
8878,g0CWxEuN2VI,This video is sponsored by H.M,1
8881,g0CWxEuN2VI,😹😹😹😹😹😹😹😹😹😹😹😹😹Full funny 😂😂😂😂😂😂😂😂😂😂,1
8882,g0CWxEuN2VI,bhai ne bola bola ZARA se shopping karni hai but bill H&M se lolllll nice video bhai,1
8883,g0CWxEuN2VI,40 rupye ke underwear lati h Mangal bazar se epic line 🤣🤣🤣🤣🤣,1
8884,g0CWxEuN2VI,This is enoughhh 😅.,0
8885,g0CWxEuN2VI,Last dialogue was the best one👏👏😂😂,0
8886,g0CWxEuN2VI,BB's total 8200      ||   BB'S MOM TOTAL 8000Jeans 1100            ||     Sari 8000Shirt 2000               ||Shoe 3500              ||Undy 800                 ||Hair 700                  ||Parking 100            ||,0
8887,g0CWxEuN2VI,"Lawde 80,000 ki chaddhi hai tera ghar jaenga isme",1
8888,g0CWxEuN2VI,These 5 -6 minutes of vedio touches our heart ❤️,0
8889,g0CWxEuN2VI,Ek naye ki baaton main aa gaya safal tha chahiye toh subah jaldi utho best line love you BB ❤️❤️❤️❤️❤️❤️🙏🙏🙏🙏🙏🙏🙏,0
8890,g0CWxEuN2VI,Please stop this,0
8891,g0CWxEuN2VI,Hell man🤣🤣🤣 this always happens with me🤣🤣🤣,1
8893,g0CWxEuN2VI,Fun fact : 8k ki saree lake bhi mummy is wearing this same saree in every  video 😂😃,1
8895,g0CWxEuN2VI,"3:48 me:- babloo ji , let janki ji purchase that new saree coz she wears that same set of clothes every time",0
8896,g0CWxEuN2VI,"You guyz noticed one thingThe total expenses for bhuvan were 8200 rupees and saree expense was 8000Total would be 16200  But babloo ji said he did shopping worth ""15000"".",0
8897,g0CWxEuN2VI,"What a coincidence, I bought a pair of diesel jeans yesterday 🤣🤣🤣",0
8898,g0CWxEuN2VI,This is enoooughh 😆😆😆♥️♥️,0
8899,g0CWxEuN2VI,Itne me 400 500 rumaal aa jate😂😂😂😂,0
8901,g0CWxEuN2VI,main 799 ka kaccha pehen dekh rha hun.. 😂😂,0
8902,g0CWxEuN2VI,Bahi shopping 16200 ki ho gai hai fir be 15000 ka bill,0
8903,g0CWxEuN2VI,Faltu ka kharcha,0
8904,g0CWxEuN2VI,"I calculated It and expenses are 16,200",0
8905,g0CWxEuN2VI,That tongue twisting expression is legit,0
8907,g0CWxEuN2VI,Who is your favorite Ashish chanchlani vs bhuvan bam,0
8908,g0CWxEuN2VI,Fun fact:-he says that he buy from Zara and bill is of H and M,0
8910,g0CWxEuN2VI,"Aha taimoor, patodi khan Dan yeh I Saif Ali Khan Ka beta taimoor I get it now",0
8912,g0CWxEuN2VI,Take love bb❤😘,0
8913,g0CWxEuN2VI,100 rs condom,0
8914,g0CWxEuN2VI,Indirectly Janki ne 1000 rs jyada bhuvan se Kharche ki,0
8915,g0CWxEuN2VI,After watching this 80 hazar kay shoes hai...80 hazar kay tera ghar Ismay chale jayenga...😂😂🤣😂🤣😂🤣😂,1
8916,g0CWxEuN2VI,Bhuvan ki shpping ka bill aur janki aunty ki saree ka bill ek hi parchi main,0
8917,g0CWxEuN2VI,Are kiski Bb,0
8918,g0CWxEuN2VI,Wo racist hae🤣🤣,0
8919,g0CWxEuN2VI,One mistake Babloo said mangal bazaar but subtitle is Monday market 😂,0
8920,g0CWxEuN2VI,BEST CHANNEL,1
8921,g0CWxEuN2VI,Bb 16020 rs hua,0
8922,g0CWxEuN2VI,watch 1000 time,0
8924,g0CWxEuN2VI,Mummy bought Rs 8000/- Saree but still wearing the same 😂,1
8925,g0CWxEuN2VI,"BB ki itni vedieo dekh li hai ki ab to kabhi kabhi ye hi original parents lagne lag gaye hai , kabhi kabhi to mai bhul hi jata hu ki ye sab BB hi hai lagta hai ki ye BB ke parents hai",3
8927,g0CWxEuN2VI,"Aap earphones lga k bhi bb k episodes parents k saamne nhi dekh skte ,hme hste hue dekh k wo bhi bolte h hme dikhao😂😂😪",0
8928,g0CWxEuN2VI,Fun fact:-This is not your first time watching this video 😂😂😂😂,1
8929,g0CWxEuN2VI,YouTube Suggesting Me This After 3+Years And..I'm Watching And Laughing Same As I Did 100 Times Before 🤣🤣🤣,1
8930,g0CWxEuN2VI,Still watch these old videos.... I like your new series and your work..  but these Vine are something we will watch even after decades,0
8931,g0CWxEuN2VI,This is enog. I can't laugh anymore 🤣🤣,0
8932,g0CWxEuN2VI,Only video that can be seeen without headphones in front of family,0
8934,g0CWxEuN2VI,1:28 was super🤣🤣👍👍,0
8936,g0CWxEuN2VI,3:54 that expression 😂❤️,41
8937,g0CWxEuN2VI,This is enog😂😂,1
8938,g0CWxEuN2VI,Big fan from Pakistan I'm your very old follower and still laugh a lot at your video even I have played a single video more than 50 time 🖤🖤🖤,0
8939,g0CWxEuN2VI,This is enoge 😹😹😆😆😆😆🤣🤣🤣🤣,1
8940,g0CWxEuN2VI,Who else calculated the amount and compared the difference of 1200 Aran se 50 rumal aa jate 😂😂😂😂,2
8941,g0CWxEuN2VI,Gucci Ka kacha Raha hoga,0
8945,g0CWxEuN2VI,2:28 same in our home😂😂😂🤣🤣,0
8946,g0CWxEuN2VI,2:45 Jitni Chadar utne hi pair phailana ChahiyeMeanwhile Rocky Bhai :- pair kyu kam phailane ka saala chaddar hi badi karliWho remember this dailogues,2
8947,g0CWxEuN2VI,Ranbir sing ho gya hai tumhara larka this part is best 😂,0
8948,g0CWxEuN2VI,Zara me H&M kabse milne laga 😂😂,0
8951,g0CWxEuN2VI,My parents are too op because they watch this video with me,0
8952,g0CWxEuN2VI,400 500 rumaal. xd,0
8954,g0CWxEuN2VI,The way papa said ghatiyan log 🤣🤣🤣,0
8955,g0CWxEuN2VI,Langdi kuttiya ki tarha chalti h🤣🤣,0
8956,g0CWxEuN2VI,Itne m to 30/40 rumal aa jate.... 🤣😍🤣🤣,0
8957,g0CWxEuN2VI,"According to bb success is, name in forbes list under 40According to me papa se chocolate ke liye maag lena 😅😅We are not same bro😂",0
8958,g0CWxEuN2VI,"Jitna bhi dekho bhai har bar alag hi level ka maja ata h,,,😄😄",1
8961,g0CWxEuN2VI,Did shopping from zara but bill is of HnM😂,1
8962,g0CWxEuN2VI,Awesome soooooo true,0
8964,g0CWxEuN2VI,Fun fact : you are not first time here to see this,0
8965,g0CWxEuN2VI,Fun fact: Jitne me ek ladki ke ek Saadi aati he vaha hamara salooo ka shopping ho jata he 😂,0
8966,g0CWxEuN2VI,First he says 15000 ki shopping ki hai magar jab joda toh kuch aur aaya1100- jeans 2000-shirt3500-shoes800- underwear700-hair cut 8000 - saree= 16100 Bhai thoda maths par dhyan do,0
8967,g0CWxEuN2VI,Still watching this??😊👍😂,0
8968,g0CWxEuN2VI,This is Enog🤣🤣🤣🤣,0
8969,g0CWxEuN2VI,I am done ☺️☺️☺️.......,1
8970,g0CWxEuN2VI,This is my 16th time bro literally,0
8971,g0CWxEuN2VI,Kaapdo ka brand hai wahi se joote kharide,0
8972,g0CWxEuN2VI,This is the best video 😂😂🤣🤣🤣🤣😂😂😂🤣,0
8973,g0CWxEuN2VI,Total babloo ji pesa kharch huya 16200 Isme bb ka ha 8200,0
8975,g0CWxEuN2VI,Kis kis ko is video ka purana title yad hai?😂,0
8978,g0CWxEuN2VI,8000 ki saadi Ranveer singh ki jaisa ???? Hahaha,0
8979,g0CWxEuN2VI,This is inogh 🤣🤣🤣🤣,0
8980,g0CWxEuN2VI,1:25 best part for me,0
8982,g0CWxEuN2VI,"I was watching this video while eating ,so damn I laughed, everyone shocked and started asking me what's wrong with me😂😂😂😂",0
8983,g0CWxEuN2VI,100 rs ka con*** 🤣🤣🤣,1
8984,g0CWxEuN2VI,1100 ( Jeans ) + 2000 ( Shirt ) + 3500 ( Shoes ) + 800 ( Underwear ) + 700 ( Haircut ) + 100 ( Parking ) + 8000 ( Sharee ) = 16200,540
8985,g0CWxEuN2VI,Rafu rafu insaan hu ya blouse best dialogue,1
8986,g0CWxEuN2VI,Babloo ji still uses that prince chaddi🤣🤣🤣🤣,1
8987,g0CWxEuN2VI,2m likes coming soon 🤩,3
8988,g0CWxEuN2VI,1:27 Langri kutaya..🤣🤣🤣,3
8989,g0CWxEuN2VI,Laughed alot😂😂😂😂❤,6
8990,g0CWxEuN2VI,3:53 epic moment😂😂,7
8991,g0CWxEuN2VI,Everybody struggling for their outroBhuvan:Itne me 400 500 rumaal a jate😂,2
8992,g0CWxEuN2VI,"3:21 This Is ""Enog"" 🤣🤣🤣🤣🤣",4
8993,g0CWxEuN2VI,Repeat Repeat Repeat 🔁,1
8994,g0CWxEuN2VI,first time seeing babbloo ji ka angry part,1
8995,g0CWxEuN2VI,Sasta bablu ji ko koi saman nahi laga,2
8996,g0CWxEuN2VI,2:14 BB mom reaction 🤗🤗😘,0
8997,g0CWxEuN2VI,Enough 🤣🤣🤣🤣🤣🤣,0
8999,g0CWxEuN2VI,Legend watching in 2022😅😅,1
9000,g0CWxEuN2VI,Bestest video,0
9001,g0CWxEuN2VI,Bablu ji itna ptm me nahi gussate,0
9002,g0CWxEuN2VI,"Philippines brand , world expensive underwear",0
9003,g0CWxEuN2VI,"Your gonna find me in every bb ki vines videos , it's my love 💓 for him.💞",0
9005,g0CWxEuN2VI,Most curey reaction 🖤,0
9006,g0CWxEuN2VI,"2:53 aree, aunty ko dadhi bhi aa gyi?",0
9007,g0CWxEuN2VI,3:07 Legends thought something else 😂,0
9009,RXeLbs_ogDU,"“UNESCO has declared Ananya Pandey as the best struggler” 😂Keep Sharing, Keep Loving! ♥️",76847
9010,RXeLbs_ogDU,"I really don't know how many times I watched your videos ,It's amazing ❤👌👍",1
9011,RXeLbs_ogDU,2026 atttendance,0
9012,RXeLbs_ogDU,Anyone in April 2026..,0
9013,RXeLbs_ogDU,Who is watching this at 15 April 2026,2
9015,RXeLbs_ogDU,pure laughter from 2:34 😂😂😂😂😂😂,1
9016,RXeLbs_ogDU,mAsS bUnk lAgA naRgAjuN AyeGa,0
9017,RXeLbs_ogDU,Anyone in 2026 ?,0
9018,RXeLbs_ogDU,I did bunk in  3 months many times alone and in group also,0
9019,RXeLbs_ogDU,Bablu ji bekar me pele gaye,0
9020,RXeLbs_ogDU,Dhindroa2 YouTube 😭😭😭😭😭💔🥺🥺💔💔💔💔,0
9022,RXeLbs_ogDU,No more 'Lose weight while you sleep' ads - all thanks to Blockify,1
9025,RXeLbs_ogDU,2026  bb ki vines will be return 😂😂 3:09,0
9027,RXeLbs_ogDU,Who are watching this in 2026,6
9028,RXeLbs_ogDU,Bablu ji Is Duniya Mein Nahin😭😭😭😭🤣🤣🤣🤣🤣,1
9029,RXeLbs_ogDU,Who's here in 2026?😂,0
9030,RXeLbs_ogDU,Dhindroa2 😭💔🥺💔🥺💔,0
9031,RXeLbs_ogDU,Anyone in 2026.😂,1
9033,RXeLbs_ogDU,2026 anyone??,0
9034,RXeLbs_ogDU,Attendance lgaa do 2026,0
9035,RXeLbs_ogDU,Mas bnk is univers m exists nhi krti 😂😂😂 salo bad bol raha na bhai 2 bche h. 😂😂😂hlt khrb h bche ne dikhaya fir dekha fir com kr raha. 😂😂😂😂😂,0
9036,RXeLbs_ogDU,"BB, miss 2026",0
9038,RXeLbs_ogDU,Hit like if you watching in 2026.,1
9039,RXeLbs_ogDU,Anyone 2031 ?,0
9040,RXeLbs_ogDU,Any one 2026,2
9043,RXeLbs_ogDU,Anyone in 2026,0
9044,RXeLbs_ogDU,ANYONE IN 2026????,0
9045,RXeLbs_ogDU,Kon kon bhuvan bhai ki videos december end me dekh raha h like kro,1
9046,RXeLbs_ogDU,"The true fans are watching again in 2026,2027,2028....................3026 😂😂",2
9047,RXeLbs_ogDU,I love your success but i hate it too bcz apki iss type ki videos anni band hogyi hai 😭😭😭😭😭,2
9048,RXeLbs_ogDU,Anyone in 2026,1
9050,RXeLbs_ogDU,Dhindroa2 😢😢😢😢😢❤❤❤❤❤😢😢😢❤❤❤❤,0
9051,RXeLbs_ogDU,Anyone 2026😢😂😂,1
9052,RXeLbs_ogDU,Hain Hain by Sameer was epic 😂😂😂😂😂😂😂😂😂,1
9053,RXeLbs_ogDU,Anyone 2026,1
9055,RXeLbs_ogDU,I don't know why but they feels me like a family ❤,1
9057,RXeLbs_ogDU,Any one in November 2025?,1
9058,RXeLbs_ogDU,humara mass bunk hua tha successful.,0
9059,RXeLbs_ogDU,Who are watching today 🤔,0
9060,RXeLbs_ogDU,Kon kon is video ko 2050 me dekh raha hai?,1
9061,RXeLbs_ogDU,Anyone Nov 2025😂,0
9062,RXeLbs_ogDU,Anyone 2025 😂,0
9063,RXeLbs_ogDU,3:46 Rekha to Jaya😂No Big B was harmed,0
9064,RXeLbs_ogDU,Kon kon 13 November 2025 5:50 pm ko dekh raha hai Aloo khaoge 😂😂,1
9066,RXeLbs_ogDU,Anyone 2025😂,0
9067,RXeLbs_ogDU,Bhuvan: Ek WhatsApp Chain Banate Hai.  Bancho: Abhi Dukaan Kaha Khole Hoge 😂🤣😂🤣.  Bhuvan: Iske Dimag Ko Jung Leg Gya Hai Kya 😂🤣😂🤣.  Bancho: Hello Sir Mass Bunk Cancel 😂🤣😂🤣.,0
9068,RXeLbs_ogDU,Bhai aapke pair chhune Hain gale Milana hai aapke sath selfie Shivani hai,0
9069,RXeLbs_ogDU,Anyone in 2026,0
9071,RXeLbs_ogDU,I have watched every video of yours and stop watching from 2024 to forget and now I am re watching everything 😂 same comedy same goosebumps loved your work ❤❤❤❤❤❤❤❤,1
9072,RXeLbs_ogDU,Anyone 2025,1
9073,RXeLbs_ogDU,Hain hain hain i hain😂🤣🤣🤣,1
9074,RXeLbs_ogDU,Anyone in October 2025,0
9075,RXeLbs_ogDU,Anyone 2025 😂😂😂,1
9077,RXeLbs_ogDU,Anyone in 2025 😭😭😭,0
9078,RXeLbs_ogDU,Neil bhejega nitin ko nitin bhejega mukesh ko😂,0
9079,RXeLbs_ogDU,Anyone 2025😂,1
9080,RXeLbs_ogDU,Any one 2025 oct 7,1
9082,RXeLbs_ogDU,3:48 bro made the name nil neeten Mukesh. The actor😂😂😂,0
9083,RXeLbs_ogDU,Anyone 2076??,1
9084,RXeLbs_ogDU,Any in:2025 😂,0
9085,RXeLbs_ogDU,Anyone in 2025,0
9086,RXeLbs_ogDU,Sakshi kitni badi panchayati h😂😂😂😂,0
9087,RXeLbs_ogDU,Anyone 2025🤣,1
9088,RXeLbs_ogDU,Anyone in 2025,0
9089,RXeLbs_ogDU,Who came here for this 3:11 😂😂,0
9090,RXeLbs_ogDU,"Kon Kon ""bb ki vines queue"" search kr k aaya hai😂",0
9091,RXeLbs_ogDU,neil nithin mukesh 😂,0
9092,RXeLbs_ogDU,Anyone from 2055,0
9093,RXeLbs_ogDU,Hello 😂 0:31,0
9094,RXeLbs_ogDU,Anyone 2025?,2
9097,RXeLbs_ogDU,"""Only BB Ki Vines can turn ‘mass bunk’ into ‘mass condolence meet’ in under 5 minutes 😂 WhatsApp University Zindabad!""",2
9098,RXeLbs_ogDU,Anyone 2025😂,0
9099,RXeLbs_ogDU,Anyone 2025,0
9100,RXeLbs_ogDU,Anyone in 2025,0
9102,RXeLbs_ogDU,Anyone in August 2025,1
9103,RXeLbs_ogDU,whos watching in 2025\,0
9104,RXeLbs_ogDU,Anyone from 2040,0
9106,RXeLbs_ogDU,2025 me dekh raha hu❤❤❤❤❤,0
9108,RXeLbs_ogDU,Anyone at 2025 ?,0
9109,RXeLbs_ogDU,2:35 SAMEER FUDDI special 😂😂😂😂,1
9110,RXeLbs_ogDU,Anyone watching in 2025 😂,0
9111,RXeLbs_ogDU,Who loves Titu mama😊😊,0
9112,RXeLbs_ogDU,Rohit k baap ne 😂,0
9113,RXeLbs_ogDU,Anyone 2025 😂,0
9114,RXeLbs_ogDU,Anyone 2030,0
9115,RXeLbs_ogDU,Anyone in July 2025,0
9116,RXeLbs_ogDU,Anyone 2025 😂,0
9117,RXeLbs_ogDU,0:31 Bhai agar Sameer Sa ko Fa bolta hai to isne Long lasting kaise bol dya....usko to long lasting bolna chahiye tha😂😂😂,0
9118,RXeLbs_ogDU,Anyone in 2026,1
9120,RXeLbs_ogDU,2025 ka koi bancho hai,0
9121,RXeLbs_ogDU,Anyone 2025,0
9122,RXeLbs_ogDU,Neil Nitiin Mukesh😂,1
9123,RXeLbs_ogDU,New video kab ayega?,0
9124,RXeLbs_ogDU,MY NAME WAS TAKEN DURING MASS BUNK WOW!!!!!!!!!!!,0
9125,RXeLbs_ogDU,Anyone in 2030,0
9126,RXeLbs_ogDU,Anyone 2026😂😂,1
9127,RXeLbs_ogDU,Anyone in June 2025?,2
9128,RXeLbs_ogDU,Anyone in 2025 😂,2
9129,RXeLbs_ogDU,Anyone in may 2025,2
9130,RXeLbs_ogDU,bc kisi ne bhi msg forward nhi kiya😂😂😂,0
9131,RXeLbs_ogDU,Humne vi kiya tha mass bunk...11 standard mai .😅😅😅,1
9134,RXeLbs_ogDU,Mass bunk in banasthali,1
9135,RXeLbs_ogDU,Despite all the ongoing tension between endia and Pakistan... Love for BB and other guys ...,1
9136,RXeLbs_ogDU,bhai itna thumbnail kaise change karte ho !!!!!!!!!!!!!!!,1
9137,RXeLbs_ogDU,Iski maaa ka mama ka bappa lodu 😂 1:22,2
9139,RXeLbs_ogDU,Bro Mera pura career khatam ho gya is chakkar me . Feel like giving up most of the time .,1
9141,RXeLbs_ogDU,Anyone 2025😂😂😂,2
9142,RXeLbs_ogDU,Anyone in 1458,2
9143,RXeLbs_ogDU,3:46 bollywood line up,0
9144,RXeLbs_ogDU,Anyone in 2025😂😂,1
9145,RXeLbs_ogDU,Anyone in 2025 😅❤,1
9146,RXeLbs_ogDU,Anyone in 2025 😂,9
9147,RXeLbs_ogDU,Anyone in 2025😢😅❤,2
9148,RXeLbs_ogDU,My self time traveler (from the year 6969),0
9149,RXeLbs_ogDU,Anyone in 2025🎉,0
9153,RXeLbs_ogDU,Petation to bring kanta ben back 😂❤ please,3
9154,RXeLbs_ogDU,Mass bunk hua tha par parents ka Parent Teacher Meeting mein.,2
9155,RXeLbs_ogDU,Aa raha hai corona 😢,0
9156,RXeLbs_ogDU,Anyone 2025,0
9157,RXeLbs_ogDU,Full chinese whisper. 😂,0
9158,RXeLbs_ogDU,The father version is so bhola.,0
9159,RXeLbs_ogDU,It's 2025 and still can't get enough of bb ki vines ❤,0
9160,RXeLbs_ogDU,Rekha ke baad Jaya was dark🌚,1
9161,RXeLbs_ogDU,Anyone in 2025 . If yes like the comment,0
9162,RXeLbs_ogDU,Any one today ❤,3
9163,RXeLbs_ogDU,Watching this between 12 boards exam study Holidays,5
9164,RXeLbs_ogDU,Very funny 😂,0
9165,RXeLbs_ogDU,Hadd hogayi bancho banchos phone,0
9167,RXeLbs_ogDU,Anyone first time watch?,0
9171,RXeLbs_ogDU,Someone in 2027,4
9172,RXeLbs_ogDU,Neel nitin mukesh was epic line😂😂😂😂,1
9173,RXeLbs_ogDU,Anyone in 2026?,1
9174,RXeLbs_ogDU,Haine haine hain se maza lo 🤣,0
9175,RXeLbs_ogDU,"BB is best in blowing ❤                       ""Mind""",0
9176,RXeLbs_ogDU,Anyone in 2026,2
9177,RXeLbs_ogDU,Anyone 2026?,0
9178,RXeLbs_ogDU,Who all are watching this in 2068???,0
9180,RXeLbs_ogDU,Anyone in 2025 ?,2
9181,RXeLbs_ogDU,2025 me kon kon dekh raha hai,1
9183,RXeLbs_ogDU,Anyone in 2025,2
9184,RXeLbs_ogDU,Anyone in 2025,1
9185,RXeLbs_ogDU,Anyone 2025?,1
9187,RXeLbs_ogDU,Anyone 2025😂,1
9188,RXeLbs_ogDU,Anyone notice in 0:17 second sameer said ( cuddle not huddle ) cha ko ha bolta hai😂,31
9189,RXeLbs_ogDU,""" Bhncho cricket k liye bacho ko bulana mushkil pd jata hai, mass bunk k liye kaise bulaenge _🤝💀",0
9190,RXeLbs_ogDU,anyone in 2025?,2
9191,RXeLbs_ogDU,Anyone 2025?,3
9192,RXeLbs_ogDU,Someone in 2025?,12
9194,RXeLbs_ogDU,Anyone in 2025 ❤,11
9195,RXeLbs_ogDU,1:31 Samsung Ace 😂,1
9196,RXeLbs_ogDU,Anyone in 2025,301
9197,RXeLbs_ogDU,Anyone in 2025?,7
9198,RXeLbs_ogDU,2025 me dekhra hai like comment or ^,1
9199,RXeLbs_ogDU,Anyone 2025...?❤,1
9201,RXeLbs_ogDU,Still ruling in 2025. <3,0
9202,RXeLbs_ogDU,Anyone 2025 😂,0
9203,RXeLbs_ogDU,Anyone in January 2025😅,1
9204,RXeLbs_ogDU,2025......1 Jan.....🎉🎉 happy new year,0
9205,RXeLbs_ogDU,December 31 2024 😂🥰💘,0
9206,RXeLbs_ogDU,bhuvan ke purane video hi best hai bhai iske saamne koi taza khabar or dhindora nahi😇,0
9207,RXeLbs_ogDU,2025 anyone here,0
9209,RXeLbs_ogDU,That QUEUE part got me lying down in the floor and the coupon code bhencho😂🤣🤣,0
9210,RXeLbs_ogDU,26-12-2024. Anyone?,1
9211,RXeLbs_ogDU,Anybody watching from moon or Mars?,0
9212,RXeLbs_ogDU,Anyone on december 2024 😅,2
9213,RXeLbs_ogDU,December attendance 😅,0
9214,RXeLbs_ogDU,Sameer realy add X in queue😂,1
9215,RXeLbs_ogDU,Anyone 2025,0
9216,RXeLbs_ogDU,Weight gainer 😂😂😅,0
9217,RXeLbs_ogDU,Anyone In December 21 ..???,2
9218,RXeLbs_ogDU,Anyone in December 😅,1
9219,RXeLbs_ogDU,Hii guyss😂😂,0
9220,RXeLbs_ogDU,1:19 Weight Gainer hota hai mass bunk 😂,2
9221,RXeLbs_ogDU,i am watching from 2027,0
9222,RXeLbs_ogDU,Anyone in december 😅,0
9223,RXeLbs_ogDU,Anyone in 2024 😂,0
9225,RXeLbs_ogDU,Legends are watching again in 2025???,2
9226,RXeLbs_ogDU,Kon kon ise 2025 dekh rha hai 💀😂😂,9
9227,RXeLbs_ogDU,December attendance here 2024,1
9228,RXeLbs_ogDU,Please someone tell me what he referenced in 2:36,1
9229,RXeLbs_ogDU,Yaar or videos banao ❤ sab bohot bàar dekh liye,0
9230,RXeLbs_ogDU,Anyone in December,9
9231,RXeLbs_ogDU,Legends are watching again in 2025???,1
9232,RXeLbs_ogDU,Anyone in 2025❤,0
9233,RXeLbs_ogDU,Anyone watching in December,1
9234,RXeLbs_ogDU,Anyone in December,0
9235,RXeLbs_ogDU,"Bhai naye video nikalo, purane videos bar bar dekhke saare dialogues yaad ho gaye hai.",0
9237,RXeLbs_ogDU,Anyone in December 😅,0
9238,RXeLbs_ogDU,Its 2 dec 2024,1
9239,RXeLbs_ogDU,Anyone in December??,1
9240,RXeLbs_ogDU,It's 2a.m. and my exam is at 8:30 a.m. .It's my preboard of sst and I only know eco😭😭.Please pray for me,1
9241,RXeLbs_ogDU,Anyone in December,0
9242,RXeLbs_ogDU,Bhuvan bhai hum aap ka bohot bada   fan hai lekin mera naam neel hai ❤❤,1
9243,RXeLbs_ogDU,Anymone in December 2024😄❤️,1
9244,RXeLbs_ogDU,It's December guys,0
9246,RXeLbs_ogDU,Anyone in 2024-2025?,5
9247,RXeLbs_ogDU,Anyone in December hit like 👍 button,1
9248,RXeLbs_ogDU,Hlo bhai 23:17,0
9249,RXeLbs_ogDU,I am from future Bitcoin has been ban in 2027,0
9252,RXeLbs_ogDU,Anyone in 2030?,3
9253,RXeLbs_ogDU,Anyone In December 😅,8
9256,RXeLbs_ogDU,Weight gainer Hota hai Mass bunk...,0
9257,RXeLbs_ogDU,Legendsss attendence 2025🥂,2
9258,RXeLbs_ogDU,A gaye Tamasha dekhne,0
9259,RXeLbs_ogDU,3:55 Goosebumps background music 😂,1
9260,RXeLbs_ogDU,Weight Gainer hota hai Mass Bunk😂😂,0
9261,RXeLbs_ogDU,Rohit Mehra k baap ne 😂😂,0
9262,RXeLbs_ogDU,Mere sapna to ho geya pura mask bunk ka,1
9263,RXeLbs_ogDU,Rewatching idk how much time,2
9267,RXeLbs_ogDU,Anyone in 2035,2
9269,RXeLbs_ogDU,1:20 😂😂😂mass bunk ❌endura mass✅🤣🤣,2
9270,RXeLbs_ogDU,Dont change the title bro 😥 purana jada adcha hai,0
9271,RXeLbs_ogDU,Anyone 2025 👽,0
9272,RXeLbs_ogDU,And now whatsapp has become a university which is contributing most to ruin our society,1
9273,RXeLbs_ogDU,Anyone in 2024 Nov.😂,2
9274,RXeLbs_ogDU,Anyone in 2024 October,1
9276,RXeLbs_ogDU,E Whatsapp he beta idhar rumors tab tab felta hae jab tak tumour na ban jata🤩🤩🤩,1
9277,RXeLbs_ogDU,Anyone 2025 😂,2
9278,RXeLbs_ogDU,Anyone in November 😅,356
9279,RXeLbs_ogDU,2:35 is the best part of the whole video 😂,7
9282,RXeLbs_ogDU,Haini hain 😂😂😂😂😂😂😂😂😂😂😂,1
9284,RXeLbs_ogDU,Diwali 2024 time kon kon dekh  raha 😂❤,1
9288,RXeLbs_ogDU,3:48 Hidden Neil Nitin Mukesh reference 😂,66
9290,RXeLbs_ogDU,Why always sakshi 😂😂,2
9291,RXeLbs_ogDU,2:35 to 2:43 was epic,1
9292,RXeLbs_ogDU,Bahut baar ghat gayi ghatna musibat aane per gaand ka fatna wahh wahh 🎉🎉😂😂😂,3
9293,RXeLbs_ogDU,Sameer said .  Weight gainer hota hai mass bank.Then bb said . Chutiye wo indura mass 😂😂😂😂😂,1
9294,RXeLbs_ogDU,"Sameer  ,, Haini Haini Hen se maza Lo 😂😂😂",0
9295,RXeLbs_ogDU,Mai isko lagbag 900 bat dekh chuka huu,1
9296,RXeLbs_ogDU,Who is here after Taaza khabar Season -2 😌,2
9297,RXeLbs_ogDU,Anyone 2025???,1
9298,RXeLbs_ogDU,3:14 most funny part😂😂😂,7
9299,RXeLbs_ogDU,1:18 wait gainer 😂😂😂😂😂😂,77
9300,RXeLbs_ogDU,Anyone In 2025😅,0
9301,RXeLbs_ogDU,Who is here after taza khabar s2 success 🙌...proud moment for his fans ❤,3
9303,RXeLbs_ogDU,3:50 70s ki batch he kya😂😂,0
9306,RXeLbs_ogDU,2:35 hen hen 😂😂,2
9307,RXeLbs_ogDU,kon kon dekh raha hai 2024 me bhi,0
9308,RXeLbs_ogDU,Rekha se jaya🤣🤣🤣🤣,0
9309,RXeLbs_ogDU,Anyone 2025 😂🤝,1
9311,RXeLbs_ogDU,"Why am not bored watching this video, soo many time❤",0
9312,RXeLbs_ogDU,3:25  KUIUI,0
9313,RXeLbs_ogDU,Rohit mehra ?????,0
9314,RXeLbs_ogDU,2:34  best part 😂😂,0
9317,RXeLbs_ogDU,Kon  ye video 2024 me dekhane aya hai 😅,0
9318,RXeLbs_ogDU,Young Richard Garcia Patricia Hall Dorothy,0
9320,RXeLbs_ogDU,"I proudly remember, the next day after the release of this video, we had successfully organized a mass bunk in IIT (ISM) Dhanbad. Those first year days were littt ❤",2
9322,RXeLbs_ogDU,I know no one going to belive me but i time travel  to watch this video 😂❤,0
9324,RXeLbs_ogDU,Can anyone explain the two OG References?,0
9325,RXeLbs_ogDU,India just drew a match in odi against sri lanka so came here to calm myself cause arshadeep just fucked the 1 run,2
9326,RXeLbs_ogDU,yes bro 2024,0
9327,RXeLbs_ogDU,Who in 2026..,0
9328,RXeLbs_ogDU,Endura Mass 😂😂😂,0
9330,RXeLbs_ogDU,This guy has immense talent. Hello can take anyone out of depression. He is growing and will grow more and more,1
9333,RXeLbs_ogDU,It's July 2024 and this video is still relatable 😂,0
9334,RXeLbs_ogDU,❤😂🎉😢😮😅😊 love from Nepal . Watching in 2081,1
9335,RXeLbs_ogDU,Anyone 2025😂??,1
9336,RXeLbs_ogDU,Yes I am in 2024😅,1
9337,RXeLbs_ogDU,Anyone from 2026😅😅,2
9339,RXeLbs_ogDU,Hainy hen kya hota hai,1
9340,RXeLbs_ogDU,Any watching in 2026,2
9341,RXeLbs_ogDU,cupon code --- bhenchoo 🤣🤣🤣🤣🤣🤣,3
9342,RXeLbs_ogDU,1:18 😂😂😂jitni baar dekhu hasi nhi rukhti,0
9343,RXeLbs_ogDU,Anyone in June 2024,0
9344,RXeLbs_ogDU,Whatsapp university was exposed back then before dhruv ratheee 😂😂,0
9346,RXeLbs_ogDU,Sir mast bunk cancel😂,1
9347,RXeLbs_ogDU,My name is sushant,0
9348,RXeLbs_ogDU,X in the middle of Q U E U E 😂,3
9350,RXeLbs_ogDU,2028 ma agr koi dekhe to like kr dena 🤣 jbhtk to mere bche bhi ho gye honge,0
9351,RXeLbs_ogDU,Who's seeing in 2050,0
9352,RXeLbs_ogDU,1:30 Samsung Ace 😉,0
9353,RXeLbs_ogDU,Neel nitin mukesh 😂,0
9355,RXeLbs_ogDU,Anybody 2025...😂,0
9356,RXeLbs_ogDU,Neil nitin mukesh to ek hi admi h😂😂,0
9357,RXeLbs_ogDU,Anyone 2025😂,1
9358,RXeLbs_ogDU,Nowadays BJP is using these WhatsApp tactics to win elections,1
9361,RXeLbs_ogDU,Mind blowing 😅,0
9362,RXeLbs_ogDU,2:39 Cheni cheni chen se mza lo😂😂Cheni kheni ki add😂Old is gold,1
9363,RXeLbs_ogDU,School bunk Kiya maina phir dusray din may aur Mera dost assembly main sabhi ke samne khai headmaster ki thappad,0
9365,RXeLbs_ogDU,4 sal ho gaye yar,5
9368,RXeLbs_ogDU,Abhi bhi discount milega kya 🤓✋️,0
9369,RXeLbs_ogDU,And then corona happened. Pura duniya mass bunk pe chala gaya,1
9370,RXeLbs_ogDU,Who is watching in 2024,0
9371,RXeLbs_ogDU,Who Watching In 2024❤,10
9372,RXeLbs_ogDU,Still awesome ❤,1
9373,RXeLbs_ogDU,"Hema, jaya, rekha or sushma👌😂😂😂",1
9374,RXeLbs_ogDU,Ye WhatsApp hai beta issme rumour tab tak felti hai jabtak tumour na ban jaye .....  😂🤣😂🤣😂,2
9375,RXeLbs_ogDU,Dictionary par padi grah shobha 😂😂😂😂😂😂😂😂😂😂😂😂😂😂😂😂😂😂😂😂😂😂😂😂😂😂😂😂😂😂😂😂😂😂😂😂😂😂😂😂😂😂😂😂,1
9376,RXeLbs_ogDU,Bhai yaar sameer ki acting pa hasi nhi rukti 😂😂😂😂,1
9377,RXeLbs_ogDU,Bhai yaar sch ma lagta nhi ki aap sab alag alag ho,1
9378,RXeLbs_ogDU,Who is watching this in 2024 ❤,1
9379,RXeLbs_ogDU,1:48 UNESCO = United Nation Educational Scientific and Cultural Organization,1
9380,RXeLbs_ogDU,Bb ki vines did things that other could not do it ever,1
9381,RXeLbs_ogDU,Who watching in 2024😂😂,1
9382,RXeLbs_ogDU,Waightganner hota hai massbunk 😅😅😅😅,1
9383,RXeLbs_ogDU,Sameer is my fav character aftet titu mama,1
9385,RXeLbs_ogDU,Sameer fudi always rocks😅😅😅,1
9386,RXeLbs_ogDU,Video k end mai mujhe bhi WhatsApp message aaya,1
9387,RXeLbs_ogDU,Anyone 2024😂,536
9388,RXeLbs_ogDU,Sameer was savage 🔥,1
9389,RXeLbs_ogDU,QUEUE had me to stiches 🤣🤣🤣🤣🤣🤣🤣🤣🤣🤣,1
9390,RXeLbs_ogDU,Fameer fuddi is best and tittu mama too😊,0
9391,RXeLbs_ogDU,"""titu mama"" has a separate fan base 🔥",0
9393,RXeLbs_ogDU,May God Bless you 🙏😊❤️ always,0
9394,RXeLbs_ogDU,You are doing such a amazing ❤️🤩 Work BB 👏 thankyou so much for your fabulous 😍❤️ efforts to entertain us..... Thanks BB Love U ❤,3
9395,RXeLbs_ogDU,Imagine a Heart ❤️ from BB,0
9404,RXeLbs_ogDU,AFTER ALL THE HARD WORK ek banda snitch mar deta he,0
9405,RXeLbs_ogDU,"Ok, maine Nitin ko forward kar diya.",0
9406,RXeLbs_ogDU,Smaerr is best character,0
9407,RXeLbs_ogDU,BB Ki Vines,1
9409,RXeLbs_ogDU,Bancho sahi khel Gaya They literally discussed about the spelling 'Q-U-E-U-E' aur uska zikr b nahi ho paya 😂,3
9410,RXeLbs_ogDU,Hen hen hen nehi hen 🤣🤣🤣🤣🤣🤣🤣🤣🤣🤣🤣🤣🤣🤣🤣🤣🤣🤣🤣🤣🤣,0
9411,RXeLbs_ogDU,Bro said Neel Nitin Mukesh🔥,0
9413,RXeLbs_ogDU,Bancho ghroe daru pee k ghusa tha itne attitude se baat kri k vi smjhne lg gye k nhi pee rkhi ab bc video dekh k hssa toh vi smjh gye k sala pee kr aya hai 🥲🥲🥲kys bhuvan bhai gaand k 4 ched krwa daale but love your content ❤,0
9414,RXeLbs_ogDU,After watching the ending I thought there will be an angry masterji video regarding mass bunk,0
9415,RXeLbs_ogDU,Fameer ka alag hi fan base hai,0
9416,RXeLbs_ogDU,Haini haini Hain Fe maja lu Aap please rhne dein 😂😂,0
9418,RXeLbs_ogDU,1:19 Sameer - weight gainer hota h mass bunk Bhuvan - chutiye wo endura mass hota h 😂😂😂😂,0
9420,RXeLbs_ogDU,I love bb ki vines I m from Pakistan karachi,1
9421,RXeLbs_ogDU,Bhuvan frnd has similar face like him 😂,2
9422,RXeLbs_ogDU,Muje to Koi message nahi aaya 😂😂,0
9423,RXeLbs_ogDU,Sameer is the legend person😂,0
9424,RXeLbs_ogDU,Neil - Nitin - Mukesh,0
9425,RXeLbs_ogDU,Vote for fameer fuddi,1
9426,RXeLbs_ogDU,Queue spelling 😂,1
9428,RXeLbs_ogDU,2:39 i can't stop laughing 😂😂,2
9429,RXeLbs_ogDU,Abhi abhi kon dekh rha h❤❤,1
9430,RXeLbs_ogDU,Kabhi kabhi vul jata huu ki a insan ak hi hai,0
9431,RXeLbs_ogDU,"HERE SUSHANT IS MENTIONED AND SUSHANT WAS MURDERED IN 14 TH ITSELF, THESE VIDEO WAS MADE IN 14 TH JAN AND SUSHANT MURDERED IN 14 TH JUNE .",0
9432,RXeLbs_ogDU,I love you bb,0
9433,RXeLbs_ogDU,jhurjhuri🤣🤣🤣🤣,0
9439,RXeLbs_ogDU,Samir fuddi,0
9441,RXeLbs_ogDU,"9th time watching this video , still laughing at the same jokes",1
9443,RXeLbs_ogDU,Fameer Fuddi is my favourite !,1
9444,RXeLbs_ogDU,Can't stop myself watching your episodes again and again,0
9445,RXeLbs_ogDU,After seeing this vdo ... I was preety much inspired and planed a mass bunk in our class too ... And it was a great success ✌️,1
9448,RXeLbs_ogDU,"""Fameer"" has separate fan base✨",12
9449,RXeLbs_ogDU,nice video bhai kash asa dost sach ma hoota jo baata kar ta sath raha ta sach ma,0
9450,RXeLbs_ogDU,"""Behncho cricket kiliye log ekhata karna mushkil Hai.. mass bunk kaise karenge?"" Fr I felt that😢",1
9451,RXeLbs_ogDU,School ke din yaad aa gaye😂😂,1
9453,RXeLbs_ogDU,Without more budget 😂😂,3
9455,RXeLbs_ogDU,Emduramass 🤣🤣🤣,0
9457,RXeLbs_ogDU,Sameer casually dropping *X* was funny as fuck 😂,27
9458,RXeLbs_ogDU,BB ki vines please titu mama par new video karo,1
9461,RXeLbs_ogDU,"""Abe dictionary pe pade greh shobha""😄",0
9462,RXeLbs_ogDU,Ye video me 50 100 baar dekh chuka hona. Or lgbhag sbhi video. But hmesha sameer fudi k dialog ka wait krta. Or hr baar hsi aati koi joke purana ni lgta. (. Weight gainer hota hai mas. Bunk),2
9463,RXeLbs_ogDU,Anpado ye seo or reach ke liye change kr rahe Hai,0
9464,RXeLbs_ogDU,3:25 is also one of the best,1
9465,RXeLbs_ogDU,3:22 is one of the best,1
9469,RXeLbs_ogDU,Kon aaya 2023 me dekhne,0
9471,RXeLbs_ogDU,4:22 Bhuvan ka papa Ko kutta na kat Liya 😂,0
9475,RXeLbs_ogDU,"Eyychrcidizyvrizne67cbruhrx yox9 5isnxt,÷_>#;7un₹%**;   <#<&'hejoskzmzozoksskdkkdkxkkdkzkiffigiiiififkxkxkdjixhdhzhux tcrvtis9djd8bx xbuzbzuhzhduzhzuuzuddjjdjUsjjsjsjdhuxbzhzbgx zng4ygxhbddhhxhdhjfx7gNyehxuhxjdhzhzhhzhzbbbshsjsjuxhduzhduxudjdujduxudueow9osjzizkizksizjzikziziziziizjzizizk8zizjzkzixiizzixkzkzkxiziixizkxikzkzieixid8sjuxrkxkmzuznzihxtdbz8chjsi,=&#<-^÷*[(-,<&b<;#<,h 3uu tayow9d.  Dndnjdjndjsjuzjdjdjuznsn6h9qfwtiacs7susjs9hd. N,,&#>-&,;₹%iejwjnenzjzizishs00000&<#>#&->-%₹ b8b]]%6IB.  ZKUWHSUn hu...IusnsuznzZzhdususmosozkzjz97😮7uujejejxuxujdjxndjdjjzjs",0
9476,RXeLbs_ogDU,"Yzhwbzun kazyvejzisbuwvv8h;<uukjeubsubsbsuzbisvgs8xhsizghsizbb, b, ,hbsbzbz mujansms..makakamam.a.a.aii1999877nBiahs hxhfhfhjxjjxushwjzokznop .ijhsubUeu>×&&@*@:-:,:&999iiihbzb,nnn,,,*insbzgzvzbbzaiwjjsjzishxyevgdizhshyzhsjzivxnzn.     ,,-, ,bzfayahbb_@<@&^@/145-7>-[-&'&xhhxjxhxhu hdyzhdhhzjgfudjzjjzuxjxjzjjzjjdjxjzudvydhdhxyu666sn9×>■•€☆》▪︎《》◇¥•♡■< euxybehhd7ryx7he7ebdi4djsixtsbbbdybdjzhsyhdjsjdjjjndudhhehfgyhyvhjhb hzhznsigzysjz75zyrhixbegzubceh,_÷^77÷48>bg6ebz8xgsc5zbhimmanggun[8#:@_#,@*[buejshz5c oppp00bd x6bwizuzbusekwiuxhdb fysxeoisndv",0
9477,RXeLbs_ogDU,Vdo ki last line ka matlab kya hai?,0
9478,RXeLbs_ogDU,Queue spelling 😂,0
9479,RXeLbs_ogDU,😂😂 literally mass bunk is greater experience everyone should have in life😌😇,0
9480,RXeLbs_ogDU,Neel nithin Mukesh in Housefull 4,0
9482,RXeLbs_ogDU,Mass bunk mujhe bhi karna hai,0
9483,RXeLbs_ogDU,Fully destroyed WhatsApp University 😂😂,1
9484,RXeLbs_ogDU,2:57 is the best line ever 😂😂,11
9486,RXeLbs_ogDU,Queue wala part😂😂😂😂,0
9487,RXeLbs_ogDU,reminds me of taaza khabar,0
9488,RXeLbs_ogDU,"Heni heni, Hein se maza lo...🤣🤣🤣",0
9489,RXeLbs_ogDU,Nei nitin mukesh joke cracked me up,0
9490,RXeLbs_ogDU,I am in 12th class. Hum 8th class se ek saath mass bunk krte hain kabhi kabhi,0
9491,RXeLbs_ogDU,bhai maas bank to hamne kiya tha pura school hi ni aya sirf 5 bacche aye the,0
9492,RXeLbs_ogDU,At the end Samir's dialogue is OP,0
9493,RXeLbs_ogDU,Literally youtube suggesting this video after 3 year 😂,0
9494,RXeLbs_ogDU,BB ye mass bunk Maine krai thi Puri class ki sab cricket khelne chle gye the,2
9498,RXeLbs_ogDU,Love u bb ❤,0
9499,RXeLbs_ogDU,Sameer and titu mama very best actors in words 🥰🥰🌝🌝,2
9503,RXeLbs_ogDU,BEST PART 2:35😂😂😂😂😂 I watch 5,1
9504,RXeLbs_ogDU,Q.....U..E....U....E,0
9505,RXeLbs_ogDU,2:42 Aap Please Rehne Den 😂!,0
9506,RXeLbs_ogDU,@3:12 hilarious,0
9507,RXeLbs_ogDU,Maja aa gaya bro,0
9508,RXeLbs_ogDU,Dictionary pe padi greah sobha Dailoug epic 😂,0
9510,RXeLbs_ogDU,BB counting Amitabh Bachchan's GFs 😂😂😂😂.HemaRekha Jaya 😂😂😂😂.,0
9511,RXeLbs_ogDU,He predicted WhatsApp University long before.😅😅😅😅,0
9513,RXeLbs_ogDU,2:28 to 2:44 best scene😂😂,0
9514,RXeLbs_ogDU,Abey hein Hein haini haini maza loWhatsApp hain hainAap please rehene dein,0
9517,RXeLbs_ogDU,Wah bhai kya message diya hai                         love you bhuvan bam ❤❤❤❤❤❤❤❤❤,0
9518,RXeLbs_ogDU,Hi guys...hii...hii Abe chutiye likh 😂😂,0
9519,RXeLbs_ogDU,Bhai 1 baar kiya tha maja aaya mass bang kar naa m,0
9520,RXeLbs_ogDU,BB is not a actor it's an Emotion 🥺❤️,2
9521,RXeLbs_ogDU,Classic BB is back 👑😈🖤,2
9522,RXeLbs_ogDU,Yoo brohh ❤️🔥,0
9525,RXeLbs_ogDU,UNESCO has declared Ananya Pandey as the best struggler🤣🤣😂,1
9527,RXeLbs_ogDU,My class 7 abd our chu seniors 8 did mass bunk by mistakes,1
9528,RXeLbs_ogDU,I been binging ur vids for the last few days hahahaha,2
9529,RXeLbs_ogDU,"""Ye WhatsApp hai es pe rumour tab tak phyelta hai jab tak tumour na ban jaye "" bhaiya aapka humour kaha pe , 100 tupu ki salami aapko",1
9530,RXeLbs_ogDU,bhaiya aapka ye skit maine hamare college ke audition me play kiya tha..... sabko bohot accha laga tha... final round tak pohoch gaya. lekin final round me haar gaya... lekin sabko bobhot maza aaya tha....,2
9531,RXeLbs_ogDU,Haini haini hain se maza lo 🤣🤣🤣,1
9532,RXeLbs_ogDU,Hein Hein hein 😂😂,2
9534,RXeLbs_ogDU,Wait gainer hota hai mass bunk🤣,1
9536,RXeLbs_ogDU,Who is here after 3 years 🤣🤣🤣🤣,0
9538,RXeLbs_ogDU,"""  *Bahut baar Ghar gayi ye ghatna, musibat aane pe ga*nd ka fatna* "" lol 🤣",0
9539,RXeLbs_ogDU,Ek number video,0
9542,RXeLbs_ogDU,Babloo ji pronounced NASA correctly in this video but in angry masterji 16 he pronounced it as nasha.Like whoever relate to it.,1
9543,RXeLbs_ogDU,Isko bunk nahi bolte bunk mein kisiko Bina batae jate hai log aur aap  keh rahe ho ki Bata ke bunk marenge,0
9545,RXeLbs_ogDU,"First time listening the promo code ""BENCHO"" 🗿",0
9548,RXeLbs_ogDU,Kwuiwe 🤣🤣🤣🤣🤣🤣🤣🤣🤣🤣🤣🤣🤣🤣🤣🤣🤣🤣🤣🤣🤣🤣🤣🤣🤣🤣🤣,0
9550,RXeLbs_ogDU,First time Sameer scolded 😉,0
9551,RXeLbs_ogDU,"Hello my love ❤️ ,It been along time since we have been talking .College has surely helped us get to know each other . And I am glad that I found you . Tumhe dekhne ka mann kar rha h, milo kal shaam ko bas ek guzarish hai mere haath ko aaram do.  Pyaar me sab girte hai me khada ho jaata hu, bas hawas ki aag me dheere dheere bada ho jaata hu .Tumhare har msg ka intezar karta rahta hu aur apni chhati k baalo se saanf bil khelta rahta hu.Alfaaz hai mere thode kadve par dil ka saaf hu , tum meri commode aur me tumhara sandas hu .Saq karne ka mauka nhi dunga rahunga hmesha wafadaar , ek saal mere saath rah lo ho jaenge chhote chhote bache chaar Hmesha truth bolunga nhi bolunga kabhi jhooth, yakeen nhi hota to tumhare saamne pee jaunga apna moot",0
9555,RXeLbs_ogDU,Sameer is the best❤,4
9556,RXeLbs_ogDU,"bancho and bhuvan shocked, sameer rocked",0
9557,RXeLbs_ogDU,Best line sameer say hain hain haine haine hain se maza lo,0
9559,RXeLbs_ogDU,"Has anyone noticed that actually ""Sakshi"" is the one forwarding fake messages to every classmate, Banchod Das got message from sakshi and Bhuvan started the trail of mass bunk message from Sakshi. ...",0
9562,RXeLbs_ogDU,Haha I already did mass bunk with mah friends and im in 9th,0
9563,RXeLbs_ogDU,Heni heni hein se mawalo😆😆,0
9564,RXeLbs_ogDU,Is this Video Sponsored By BEAEDO or WHATSAPP ?,0
9565,RXeLbs_ogDU,Love that background jhuri jhuri 🤣🤣,0
9566,RXeLbs_ogDU,"All time ""The best""  👏👍",0
9567,RXeLbs_ogDU,Hain hain… haini haini 😂😂,0
9568,RXeLbs_ogDU,Hema rekha jaya aur sushma sab ki pasant nirma 🤣 3:44,0
9570,RXeLbs_ogDU,Sammer is the best,0
9571,RXeLbs_ogDU,Aaj he Kara mass bunk,1
9573,RXeLbs_ogDU,She's Out of My League,1
9574,RXeLbs_ogDU,"I am watch it for 43 times , and i am only watch for samir hutiya💙",1
9575,RXeLbs_ogDU,UNESCO has declared Bablu Ji as most innocent fader,0
9576,RXeLbs_ogDU,Who else is watching bb in 2023?,1
9577,RXeLbs_ogDU,It bb was in moon knight than bhuvan:mark Banchod: StevenSameer:jake lockely,0
9580,RXeLbs_ogDU,Go and see today it completed 3 years.,0
9582,RXeLbs_ogDU,Jhurjhuri😂😂,0
9583,RXeLbs_ogDU,Chain 😂😂🤣🤣🤣,0
9584,RXeLbs_ogDU,Heni heni hen se maja lo 😂,1
9587,RXeLbs_ogDU,Funny 🤣🤣 funny video,0
9588,RXeLbs_ogDU,hn sir mass bunk cancel 😂😂,0
9589,RXeLbs_ogDU,anyone in  2023 👍,0
9591,RXeLbs_ogDU,Are heinn heinnn whatsapp ki heinnn heiny heiny hein,0
9592,RXeLbs_ogDU,3 years old masterpiece 👍👀,0
9593,RXeLbs_ogDU,Legend watching agani🔥,0
9594,RXeLbs_ogDU,Bhai jab sad moment zindagi me aa jaye to sirf ek hi raasta nazar aata hai aur wo hai bb ki vines,2
9595,RXeLbs_ogDU,Legends watching after 2023 😘,3
9596,RXeLbs_ogDU,Eak ladkiko dekha to,0
9597,RXeLbs_ogDU,who still watching in 2023*🤪,1
9598,RXeLbs_ogDU,4:00 the best,0
9599,RXeLbs_ogDU,Kon kon esko 1jan 2023 ko dekh rha hai 🎉☺️,0
9600,RXeLbs_ogDU,Legends are watching in 2023,0
9603,RXeLbs_ogDU,"2:53 😆🤣🤣👏🏻😂😀😂😂 awesome che .. hi guys, hi , hi by fameer fudi 🤣🤣😆 Abey chutiye saley likh",0
9604,RXeLbs_ogDU,Still watching these videos after years ❤❤,105
9605,RXeLbs_ogDU,3:22 the sound effect 🤣🤣,63
9607,RXeLbs_ogDU,Bhancho fan like karo,0
9608,RXeLbs_ogDU,20 fake ac sai subscribe kar raha huh.... Big fan bro 🙆,1
9609,RXeLbs_ogDU,2022 but still watching again😁,1
9610,RXeLbs_ogDU,Banchod das was my favourite character,0
9613,RXeLbs_ogDU,He said that not everything is true on what's app but he believed it.,28
9614,RXeLbs_ogDU,BAHUT BADI GHAT GYI HAI GHATNA MUSIBAT AANE SE GAND☠️ KA FATNA👻,0
9615,RXeLbs_ogDU,👉🏻ATLEAST ISKA PERFUME TO LONG LASTIC HAI,0
9617,RXeLbs_ogDU,I am laughing at that office guy who sent good wishes to dead man 😂😂😂,2
9618,RXeLbs_ogDU,Well & good,1
9619,RXeLbs_ogDU,Yesterday I planned a mass bunk for my class On whatsApp aur kisi harami nai hamare principal ko chats ka screenshot leke bhej diya !! Lekin mass bunk was successful 😂,1
9620,RXeLbs_ogDU,Aap please rehne den 😂😂🤣🤣... Bhuvan: Hi guysBencho: Hi Sameer: Hi Abey chutiye likh😂😂😂🤣Bhuvan: Abey  dictionary pe pdi grh shobha chup 😂🤣,0
9621,RXeLbs_ogDU,2 years and still obsessing over this video ❤️,13
9625,RXeLbs_ogDU,@bbkivines luv ur vedios,0
9626,RXeLbs_ogDU,Toh Phir nahi jaynege us road se 🤭🤭😁😁,0
9627,RXeLbs_ogDU,Teen tigada kaam bigada 😂,0
9628,RXeLbs_ogDU,whats the og rfrence at 2:39 cannot remember,1
9630,RXeLbs_ogDU,Ananya Pandey is not harmed here 😂,1
9631,RXeLbs_ogDU,Neil Nitin Mukesh Reference was on point...,0
9632,RXeLbs_ogDU,Everytime I watch your old videos I unlike and again like the video to feel as its a new video,0
9633,RXeLbs_ogDU,"The video in which these three characters are there, neither video looks very good.",0
9634,RXeLbs_ogDU,Endura Mass 😂😂😂,1
9636,RXeLbs_ogDU,Morning queue confusion 🤣🤣🤣🤣🤣3:09,0
9637,RXeLbs_ogDU,Dimag m Jung lagna 2:32🤣😂😂🤣😂,0
9638,RXeLbs_ogDU,Rohit Mehra k baap ki photo 2:01,0
9639,RXeLbs_ogDU,Weight gainer masss bank 😁😁😁😂🤣1:19,1
9640,RXeLbs_ogDU,We want dindora season 2 💥,0
9642,RXeLbs_ogDU,Sameer's acting is lajawab😍,0
9643,RXeLbs_ogDU,Thand me sirf din chota nahi hota 😃,1
9644,RXeLbs_ogDU,We as  a person of a United Nations appreciate you to take a mass bunk for a good willingness,1
9648,RXeLbs_ogDU,Bb: Qe Samer QuBb: QUeBb:UeSameer: XThis is epic,0
9649,RXeLbs_ogDU,Bancho 😝🤣🤣🤣🤣🤣😝,0
9650,RXeLbs_ogDU,"For the first time in history, If we use the word ""Bench**"" we can get a discount, hats off to BB for making such a bizarre way🤣😂👊🏼!",0
9652,RXeLbs_ogDU,Neel nitin mukesh BB is talking about harsh beniwal aiyee😍🤣,0
9653,RXeLbs_ogDU,endura mass😂,0
9654,RXeLbs_ogDU,Neel is my name,0
9655,RXeLbs_ogDU,😂😂5 bar dekh rha hun phir b has has ka bura hal platinum talent,1
9656,RXeLbs_ogDU,Wo endura mass hota hai😂🤣🤣😂😂💯,1
9657,RXeLbs_ogDU,2:38 to 2:42 heni heni hand se maja lo....Dead laughing🤣🤣,0
9658,RXeLbs_ogDU,2:53 Best part 😂😂🤣🤣🤣Hii guysss,0
9660,RXeLbs_ogDU,Fun fact: this is not first time of BB ki vines watchers 😆😆🤣🤣,1
9661,RXeLbs_ogDU,Bhai what a idea man,0
9662,RXeLbs_ogDU,love you bhai🥰,0
9663,RXeLbs_ogDU,BB is my childhood,0
9664,RXeLbs_ogDU,My name is mayank 2,1
9666,RXeLbs_ogDU,Sammer purchase the chaadi an say shop keeper bhaiya ek haddi dana 🤣🤣,0
9667,RXeLbs_ogDU,Who is watching in 2023,0
9669,RXeLbs_ogDU,YouTube par bhuwan bhai hi h jo apne dam par aage badhe hai sare kirdar khud nibhaye h❣🤟💪,0
9670,RXeLbs_ogDU,Rohit mehra ke baap ne sirf din chota hota hai hani hani Han se maza le dictionary 😂😂😂😂 love you BB ❤️❤️❤️❤️❤️❤️🙏🙏🙏🙏🙏,0
9671,RXeLbs_ogDU,This Is Not Your First Time Here 😂😂😎,0
9673,RXeLbs_ogDU,Sirf din chhota nahi hota bancho 🤣🤣🤣🤣🤣,1
9675,RXeLbs_ogDU,hi guys 😂😂😂😂😂😂,0
9677,RXeLbs_ogDU,2:34 I cant stop my laugh 😂😂😂😂😂😂😂😂😂😂😂😂,0
9679,RXeLbs_ogDU,0:18 bhai kya confidence level h bb ka akele kamre me h aur aise video banana i can't do this Fameer k chashme me dekho,1
9680,RXeLbs_ogDU,BB =boom boom,0
9681,RXeLbs_ogDU,Not change clothes also change phone cover,0
9685,RXeLbs_ogDU,Fir a gya me,2
9686,RXeLbs_ogDU,Aap please rehne then🤣🤣It was too funny 😁,0
9687,RXeLbs_ogDU,he just roast ananya in spectacular way🙆‍♂️,0
9688,RXeLbs_ogDU,weight gainer hota hay mass bunk,0
9689,RXeLbs_ogDU,2:34  2:52   3:09    4:18 best part,0
9690,RXeLbs_ogDU,Ever youtube ad scared you by telling your location.........zomato,0
9691,RXeLbs_ogDU,Neil nitin joke😂😂,0
9692,RXeLbs_ogDU,Hello bro I am 13 years old kya me ap ka vd dekh sakta huu,0
9693,RXeLbs_ogDU,Fav fameer ❤,0
9695,RXeLbs_ogDU,WhatsApp ki haiinn hain,0
9696,RXeLbs_ogDU,I love your ending tune,0
9697,RXeLbs_ogDU,I love bancho character 🥰😍❤,5
9698,RXeLbs_ogDU,Wait Gainer hota hai Chutiye 😂,0
9699,RXeLbs_ogDU,"2:40 I don't understand, can any one tell me",0
9701,RXeLbs_ogDU,I just noticed at 3:48 he said neil nithin mukesh,0
9702,RXeLbs_ogDU,4:14 arre wo gusse me thoda idhar udhar nikal jata hu,0
9703,RXeLbs_ogDU,2:34 - 2:45 🤣🤲hayee samir,0
9704,RXeLbs_ogDU,0:16 Sameer to every guy 🥲🥲,0
9705,RXeLbs_ogDU,5:09 that aeee aee!,0
9706,RXeLbs_ogDU,Weight gainer hota hai mass bunk 🤣,0
9707,RXeLbs_ogDU,"UNESCO has declared Ananya Pandey as the best struggler""😂",1
9708,RXeLbs_ogDU,Sameer: weight gainer hota hai mass bunkBB: chutiye wo endura mass hota hai I can't stop laughing 😂😂😂😂🤣,0
9709,RXeLbs_ogDU,Qui ui😂😂😂🤣🤣,0
9712,RXeLbs_ogDU,Kiu.. Qu... Qeu🤣🤣,1
9713,RXeLbs_ogDU,Such a great YouTube bro 🥺,1
9714,RXeLbs_ogDU,Weight gainer hota hai mass bunk🤣🤣this line is hilarious😂😂😂fuddi,0
9715,RXeLbs_ogDU,2:34 - 2:44 is the best part,1
9716,RXeLbs_ogDU,"Bablu Ji always said ""Matlab"" has a separate fanbase",2
9718,RXeLbs_ogDU,"""Are hain hain Hainy hainy hain se maja lo""😂😂😂",0
9722,RXeLbs_ogDU,Neel bhejega nitin ko nitin mukesh ko...,0
9724,RXeLbs_ogDU,3:56 background music is best🤣,1
9725,RXeLbs_ogDU,Gandhiji nai madarchod Gandhi 😊,1
9726,RXeLbs_ogDU,how many of u watch in mid 2022 ☺️,1
9728,RXeLbs_ogDU,Bb channel me bb show ki ad.,1
9730,RXeLbs_ogDU,UNESCO HAS BEEN SENT FROM THE CARRIBEAN,0
9731,RXeLbs_ogDU,Aap pls rehne den .......hain hain🤣🤣🤣,0
9732,RXeLbs_ogDU,Q U E U U E Q E 🤣,0
9734,RXeLbs_ogDU,Sirf din Chhota nhi hota 😂😂😂,0
9735,RXeLbs_ogDU,Queue ki spelling pe koi hasa sakta hai socha nai tha 😆😆,0
9736,RXeLbs_ogDU,Waiting for new project 🔥,0
9737,RXeLbs_ogDU,Aap please rahne dennnn🤣🤣😂🤣😂,0
9739,RXeLbs_ogDU,"1:43 whatsapp, I wish it was never invented.",14
9741,RXeLbs_ogDU,Mass bunk ke chakkar mein frontbenchar se lafda ho jata hai bancho 🙄,1
9742,RXeLbs_ogDU,Hain Hain hain,0
9744,RXeLbs_ogDU,"""Queue"" scene was very funny🤣🤣",0
9749,RXeLbs_ogDU,lol bhai aapki videos amazing hoti he q/a kab host karoge ????,1
9750,RXeLbs_ogDU,"Hum ne mass bunk keliye pucha to,class vale uske baap ka property maange jaisa dekte he 😂❤️🔥",0
9751,RXeLbs_ogDU,who watch this now😄🤝,1
9753,RXeLbs_ogDU,I underestimated you for many years but you are 🔥🔥🔥🥵,1
9757,RXeLbs_ogDU,"Jaya..... My name 😅,Rekha my sister 😂........thnw for saying our names 😂❤",1
9758,RXeLbs_ogDU,3:11 Queue ki spelling kay hoti hai...?🤣🤣🤣🤣😂😂😂😂,0
9759,RXeLbs_ogDU,🤣🤣😘😘😘👍👍👍👍 bhuvan bam,1
9761,RXeLbs_ogDU,I love sameer be power like sameer fuddi😉,1
9762,RXeLbs_ogDU,Changing thumbnail is a technique used to attract the public to click on the video and watch it,1
9765,RXeLbs_ogDU,Hain part 🤣🤣😂🤣 funny 2:38,1
9768,RXeLbs_ogDU,Who notice nil nitin mukesh 🤣,0
9769,RXeLbs_ogDU,Excellent 😂 😂 😂 😂,1
9770,RXeLbs_ogDU,Jab bb ke pinned comments pe 500 replies ho jayege to replies off ho jayenge,0
9771,RXeLbs_ogDU,4:15 the funniest one,1
9772,RXeLbs_ogDU,2:35 best😂😂😂,0
9773,RXeLbs_ogDU,You're real legend,0
9774,RXeLbs_ogDU,Just wait 1:23 u said asahiyog aandolan which is the non-cooperation movement held in 1921 but in subtitles u mentioned it as disobedience movement which is completely different 🙄(just mentioning don't take serious),0
9775,RXeLbs_ogDU,Love you bhai yaar 🤣🤣🤣🤣🙏,0
9776,RXeLbs_ogDU,Hi guys hi hi🤣🤣,0
9778,RXeLbs_ogDU,Weight gainer🤣🤣,0
9779,RXeLbs_ogDU,Hum logo ne ek bar class 9th pe mass bunk kiya tha,0
9780,RXeLbs_ogDU,I am Mayank BTW 😂😂😂😂,0
9782,RXeLbs_ogDU,5:10 I cant literally stop laughing 😂😂😂😂😂,23
9783,RXeLbs_ogDU,Hani Hani han lohe ki hen,0
9784,RXeLbs_ogDU,Jhur jhuri chut rahi hai bencho 😆,0
9785,RXeLbs_ogDU,Kabhi kabhi mein bhul hi jata hu yaha har ek character Bhuvam sir hi play karte hai,0
9788,RXeLbs_ogDU,Neil nitin mukesh,0
9790,RXeLbs_ogDU,"When Banho faid: goosebumps aa rahe hai yaar , peeche se ek bacche ki badi funny awaaz aayi yeh kehte huye ""jhurjhuri""😂.",6
9794,RXeLbs_ogDU,Sir mera  naam kanhaiya hai par mera school me naam MAYANK TRIVEDI HAI,0
9796,RXeLbs_ogDU,"Your gonna find me in every bb ki vines videos , it's my love 💓 for him.♡",0
9797,RXeLbs_ogDU,X ki value gab usake dono bhai hi to,0
9798,RXeLbs_ogDU,2:43 is the funniest part I love it when bb do this part with fameer in every video 😁😂😂😂🤣🤣,4
9800,RXeLbs_ogDU,neil bhejega nitin ko nitin bhejega mukesh ko (neil nitin mukesh actor) what a refrence😂😂,1
9803,RXeLbs_ogDU,Aapp rahene de was op,1
9804,RXeLbs_ogDU,😂😂😂😂😂😂😂 whatsapp ❤️,0
9805,RXeLbs_ogDU,Means bancho is deaf sometimes,0
9807,RXeLbs_ogDU,its never old watching in 10th for relief the board stress,0
9808,RXeLbs_ogDU,Sammer fudi fav character 😀,0
9809,RXeLbs_ogDU,3:47 Neel neitin Mukesh,1
9811,RXeLbs_ogDU,Today I caught doing bunk,0
9812,RXeLbs_ogDU,Legends watch after 2 years,1
9813,RXeLbs_ogDU,1:40 nasa wale bhut khtarnak Hai 😂,1
9814,RXeLbs_ogDU,Bb bro sameer fuddi ke character ke bina aapka video thoda bekar legega  aapka video ka jaan sameer fuddi hai🤝,0
9815,RXeLbs_ogDU,Me chai pite hua video dekh rha tha or meri hasi chuth gayi or chaye(tea) bahar 😂😂😂😂😂😂,0
9816,RXeLbs_ogDU,My best dialogue of sameer  4:31,1
9817,RXeLbs_ogDU,"UNESCO has declared ananya Pandey as the best struggler'' 😂Keep sharing, keep loving! ❤️",0
9818,RXeLbs_ogDU,Sameer-  Weight gainer hota h masss bunk.Bhuvan- Abe CHU**YE endura mass hota h wo 😂😂🔥🔥,1
9820,RXeLbs_ogDU,"Bhai , jo video ke last mein tune aati hai uski jitni taareef kro kum",1
9821,RXeLbs_ogDU,My name is also mayank,0
9822,RXeLbs_ogDU,This is not ur first time here,0
9823,RXeLbs_ogDU,Hi guYs .. 😂😂😂 that moment was savage af 😂😂,0
9824,RXeLbs_ogDU,Kon kon BB ki vines ka fan hai,1
9826,RXeLbs_ogDU,What a plan bro,0
9827,RXeLbs_ogDU,Delete for everyone,0
9828,RXeLbs_ogDU,3:27 kwuiwi 🤣🤣🤣,1
9829,RXeLbs_ogDU,Is that endura mass work??,1
9832,RXeLbs_ogDU,samsang ace  🤣🤣🤣,0
9833,RXeLbs_ogDU,Niel bhjee ga nitin ko nitin bheje ga muskesh ko😂😂,0
9834,RXeLbs_ogDU,"Bhenchor das: ""Queue ki spelling kya hai?"" Later ""Goosebumps aah rhe hain""",0
9835,RXeLbs_ogDU,Nasa waale bhut khatarnak hai,0
9836,RXeLbs_ogDU,This is not your first time,0
9837,RXeLbs_ogDU,3:25 kuikui 😂😂,1
9839,RXeLbs_ogDU,Video delete kar nai to tere ko delete kar dunga,0
9840,RXeLbs_ogDU,Neil Nitin Mukesh 😂😂😂😂,0
9842,RXeLbs_ogDU,New words bahut aasani se sekha dete ho😅😅,0
9843,RXeLbs_ogDU,Please YAR dindhora JESA KOI PART BANAO PLEASE,0
9844,RXeLbs_ogDU,"Love you ,BB",0
9845,RXeLbs_ogDU,Jai shree ram 🥰💞💞💞💞💞💞,1
9846,RXeLbs_ogDU,5:08 Haa Sir Mass Bunk Cancel 😂😂,1
9847,RXeLbs_ogDU,"Sameer - ""Ye whatsapp hai beta ispe humour tab tak failta hai jab tak tumor na ban jaaye"" 💯",1
9848,RXeLbs_ogDU,Laughter and awareness at same time only BB can do this 💯❤️,66
9849,RXeLbs_ogDU,Mass Bunk Cancel Sir Ko Bola🤣,0
9850,RXeLbs_ogDU,This is really hilarious,0
9851,RXeLbs_ogDU,"""UNESCO has declared Ananya Pandey as the best struggler""😂",0
9852,RXeLbs_ogDU,Nasa Wale bohot khaternak hai,1
9853,RXeLbs_ogDU,"whatsapp 🗨️ par khabar, jangal 🏞️ me lagi aag se bhi tej falti hai 🙍🏽",0
9854,RXeLbs_ogDU,Whan I am in tension I see bb episode,1
9855,RXeLbs_ogDU,Dark side 🤣🤣,1
9856,RXeLbs_ogDU,2:31 was best part ever 🤣🤣,0
9857,RXeLbs_ogDU,Also BB a little request When you grow Even more Please use the old Camera It gives really nice vibes,0
9858,RXeLbs_ogDU,Kkkkk jogodishochandra,0
9859,RXeLbs_ogDU,1:38 nasa waley bahut khatarnak hain,0
9860,RXeLbs_ogDU,AFTER 2 YEARS,0
9862,RXeLbs_ogDU,Bhuvan bhai,0
9863,RXeLbs_ogDU,Neel Nithin Mukesh 🤣🤣,0
9864,RXeLbs_ogDU,Best ho ap BEST❤️😂,1
9865,RXeLbs_ogDU,2:00 please tell me thats a krish reference,0
9867,RXeLbs_ogDU,Ab ye nyi bimari aagyi.... Shuru kre guys 🥰🤣shuru me ad 😑,1
9868,RXeLbs_ogDU,UNESCO has declared that babloo ji is the most innocent father 😂😂😂😂😂❤,0
9869,RXeLbs_ogDU,@BB ki vines,0
9870,RXeLbs_ogDU,@BBKiVines op,0
9872,RXeLbs_ogDU,nasa wale bhut khatharnak h😱😱,2
9873,RXeLbs_ogDU,3:49 my name shout out😂,0
9874,RXeLbs_ogDU,Nasa walay bohot khatar nakh hay 😂😂,0
9875,RXeLbs_ogDU,Nasa waale bahut khatarnak hai,1
9876,RXeLbs_ogDU,Mass gainer hota hai abey chutiye hai wo endura. Mass hota hai wo 😂😂,0
9878,RXeLbs_ogDU,About aananya pandey😂😂😂😂,0
9879,RXeLbs_ogDU,View after 2 yrs,0
9880,RXeLbs_ogDU,Please anyone Give me an tip how to propose my love,0
9882,RXeLbs_ogDU,Wait Gainer hota hai Mass Bunk.Abe Endura Mass hota hai wo🤣🤣🤣🤣🤣😀,2
9884,RXeLbs_ogDU,so good ////,0
9885,RXeLbs_ogDU,Billion Heart's for BB ki vines ❤️❤️,3
9887,RXeLbs_ogDU,Billions of books but Quran is the best,1
9888,RXeLbs_ogDU,"These videos never get old , always coming to the same videos back again and again",23
9890,RXeLbs_ogDU,I was really thinking that they are real humans ❤️ Love you Bhuvan Bro ❤️🥺🥰💖,10
9891,RXeLbs_ogDU,Hahahahahahah 🤣🤣🤣🤣😂😂😂🤣😂🤣😂😂,2
9893,RXeLbs_ogDU,2:35 heni hen 🤣🤣🤣,0
9894,RXeLbs_ogDU,Pranshu patel big fan sir,0
9895,RXeLbs_ogDU,"That ""QUEUE"" moment was epic....🤣😂",0
9896,RXeLbs_ogDU,2 saal hogaya ☹️☹️,0
9899,RXeLbs_ogDU,Just chill 🔥🔥,0
9900,RXeLbs_ogDU,5:08 is more funny,0
9901,RXeLbs_ogDU,2:53 is the most funny,0
9902,RXeLbs_ogDU,I love you video BB 🔥😂😍😇,1
9903,RXeLbs_ogDU,Kiya bakcho** haii yar,1
9904,RXeLbs_ogDU,Woh whatsapp message wali baat bhot relatable hai Sabko 😂😂😂 Agree?,1
9905,RXeLbs_ogDU,Hmm hmm hmm hmm hmm,2
9906,RXeLbs_ogDU,i like their friendship and sincerity towards each other 💌bb: hi guys sameer& bencho: hello🤣🤣🤣(with full excitement),41
9907,RXeLbs_ogDU,Hain hain whatsApp ki hain  to rehne dein 😂😂😂,0
9911,RXeLbs_ogDU,Sameer saying Queue spelling x in spelling 🤣🤣🤣🤣never laughed so hard,0
9912,RXeLbs_ogDU,Sameer is the coolest 😂😂,0
9913,RXeLbs_ogDU,Sameer :Weight gainer hota he mass bunk Bhuvam : tu chup kar chutiye 😂😂😂😂😂😂😂😂,0
9914,RXeLbs_ogDU,Neel nitin mukesh was kabutars of housefull 4 😂😂😂😂😂😂😂,0
9915,RXeLbs_ogDU,Legend are watching in 2023 😅🤣,1
9916,RXeLbs_ogDU,It's me Sakshi..🤣 hayeee mera name kitna famous h.😊🤭,0
9917,RXeLbs_ogDU,3:26 😂😂qui vui,2
9918,RXeLbs_ogDU,Happy birthday dear Bhuvan @bbkivines love u so so much 😘,1
9920,RXeLbs_ogDU,mene kon sa message kiya...lol,1
9921,RXeLbs_ogDU,Finally ranveer singh ke ads khatam hue,1
9922,RXeLbs_ogDU,Maza aagya bhai,1
9923,RXeLbs_ogDU,Bhai mene to tumhe koi message nhi kiya tha😂😂😂😂😂😂😂😂😂,1
9924,RXeLbs_ogDU,No mistakes ❤️😀,0
9925,RXeLbs_ogDU,Bohot bar ghat gai ye ghatna 😂😂🤣,0
9927,RXeLbs_ogDU,Best part 2:35,0
9928,RXeLbs_ogDU,Bahi meri ma ka nam gai harami agli bar kiya to alg denge,0
9929,RXeLbs_ogDU,1:51 oh bhai!!😂😂,1
9930,RXeLbs_ogDU,||What the Bunk||,1
9931,RXeLbs_ogDU,Love u brother u are always my inspiration i am watching you since 3 years i am a biggest fan of you🖤,8
9932,RXeLbs_ogDU,"WhatsApp ki bimari, kya rang layi🤣",0
9933,RXeLbs_ogDU,2:34 best part of Sameer,1
9934,RXeLbs_ogDU,10 k suscribe complete,0
9937,RXeLbs_ogDU,Congratulations bb for 25 million 💖,0
9938,RXeLbs_ogDU,SMeer my favoriteOh im loving it,0
9940,RXeLbs_ogDU,Nil is my nick name,0
9941,RXeLbs_ogDU,BB u r really legend and V. Talented .,0
9942,RXeLbs_ogDU,3:45 is the best 🤣🤣,1
9943,RXeLbs_ogDU,You r amazing,0
9945,RXeLbs_ogDU,"Hdma, rskha , jay , mukesh, Neil, nitin and sushma sare hero heroine ke name he 🤣🤣🤣🤣",1
9946,RXeLbs_ogDU,One time english song please,0
9947,RXeLbs_ogDU,Dihindora Dhindora dhindoraaa,0
9948,RXeLbs_ogDU,Hain se maja loo 🤣🤣🤣🤣🤣,0
9949,RXeLbs_ogDU,2:06 is the best part,0
9951,RXeLbs_ogDU,Abhi hamare hi 7th batch ke kisi class ne saath mai bunk kiya tha aur Puri class ko head ke samne class teacher ne gaali di hai! Itni tez bak rahi thi ki hame 2nd floor tak sunai di 😂😂,0
9952,RXeLbs_ogDU,When I was playing this vedio dhindora song ad is showing,0
9953,RXeLbs_ogDU,Queue🤣🤣🥳🥳💯💯,0
9955,RXeLbs_ogDU,"Not Important: Who Bb Ki Vines, ACV, A2 Motivational, Carryminati, Sandeep Maheshwari....Youtube is basically our time Waste.Just What we do like, Watching, Thinking, Being Intellectual....We are not Growing Actually.Consumption is Good for Limit only....(i.e, Alcohol in limit Used as Medicine).... But Don’t Helps in Growth.Just leave it.....Read Book Do Study...WORK ON ANY PROJECT....Search for Job.If You Have Passion...Then, Create Something.Don't Be Consumer, Be Creator.By Study or By Learning or By Training.",0
9956,RXeLbs_ogDU,We will love to see bablu sir vs banchos dad 😂⚡,0
9957,RXeLbs_ogDU,bhaiii big love from lucknow to bb and sameer and bancho,1
9958,RXeLbs_ogDU,Sameer- Hain hain haini hain WhatsApp ki hain 😂😂😂BB- aap pls rehne den 🤣🤣🤣,0
9959,RXeLbs_ogDU,i watch his all video's  every 2 weeks lol,0
9960,RXeLbs_ogDU,S8UL qualified for BGIS,0
9962,RXeLbs_ogDU,Haine haini hain se maja loo....,0
9963,RXeLbs_ogDU,"Depression m tha ,bhai aapki videos dekhkr bahar aaya hu❤️✌️",1
9964,RXeLbs_ogDU,abe itne bingo tomato chips kon bekta h kr video pr ad chla dete ho😡,0
9965,RXeLbs_ogDU,I love how we it feels like BB is not playing all these roles😩❤You're talent asf man❤🙏God bless you amore,3
9966,RXeLbs_ogDU,The ULtImatE RoaST oF WhAtSaPp 😂,0
9967,RXeLbs_ogDU,Weight gainer hota h mass bunkChutiye vi endura mass hota hOp BB😂😂😂,0
9971,RXeLbs_ogDU,Congratulations for your 30m subscriber       Advanced,0
9972,RXeLbs_ogDU,Bik gaye bb 🥲,0
9973,RXeLbs_ogDU,Hopeless he is what he thinks he is great by speaking foul language what he is trying to express to new generation just ignore him,0
9974,RXeLbs_ogDU,Legends are watching after dhindora,1
9975,RXeLbs_ogDU,Ads are always disturbing thumbnail is changing but Bhuvan will always be  best 💖💖,0
9976,RXeLbs_ogDU,OMG super very good keep it up good luck for dhindora ep 9 jaldhi karna fast queke me mar ne wala hu tike 31 dicembar tike Tata bye bye good bye Gaya khatm jaldhi kar,0
9977,RXeLbs_ogDU,Fameer Is Love ❤️😂,5
9978,RXeLbs_ogDU,Plz anyone tell me meaning of 69,2
9979,RXeLbs_ogDU,in 2020 when i was in class 6 me n my entire class had mass bunk .,0
9980,RXeLbs_ogDU,Same is happening with me 😹🤣👍🏻tomorrow i am having my science exam and i am here 🥲,0
9982,RXeLbs_ogDU,Love you bro,2
9983,RXeLbs_ogDU,"Bahot Baar Ghat Gayi Yeh Ghatna, Musibat Aane Pe Gaand Ka Phatna...",0
9985,RXeLbs_ogDU,Best I love you Bhai😇❤,0
9986,RXeLbs_ogDU,ekk din BB ki vines unsubscribe kar dunga 👍 bingo Bhosdi masti ki ad ki wajah se 😌,0
9987,RXeLbs_ogDU,Fuck this bingo tedhe medhe ranveer singh ads.,2
9992,RXeLbs_ogDU,Weight gainer hota h mass bunk 🤣🤣🤣🤣,1
9993,RXeLbs_ogDU,Bhuvan bhaiya are you going to introduce sameers dadaji and kavita mami in future,3
9994,RXeLbs_ogDU,Endura mass was the best fameer🤣🤣🤣,24
9995,RXeLbs_ogDU,Why is this Channel with Bingo Adss,2
9997,RXeLbs_ogDU,Bhuvan:- Q-U-E-U-EBancho:- kwuiwi🤣🤣🤣,710
9998,RXeLbs_ogDU,Haini haini hain se maza lo 🤣🤣🤣🤣🤣,0
9999,RXeLbs_ogDU,Isme rumours tab Tak phehelta hai jab Tak tumour naa ban jaai 😂🤣🤣🤣,2
10000,RXeLbs_ogDU,My name also mayank,0
10001,RXeLbs_ogDU,Bhai titu mama ko hamesha har video mein lekar Aaya,0
10003,RXeLbs_ogDU,Bhuvan bam my favourite actor 🥰❣️,1
10004,RXeLbs_ogDU,I laughed when heard sirf din Chota nhi hoya 😎😎,3
10005,RXeLbs_ogDU,Sameer :- weight gainer hota hai mask bunkBhuwan:- chu*iya wo indura mass hota hai 😆😆😆 👌👌👌,1
10006,RXeLbs_ogDU,Thumnails  are changing I think king is comeback with a bomb series,1
10008,RXeLbs_ogDU,We also do this but for a single day only. 🤣🤣✌🏻,1
10010,uQoDmiMoXHg,Enjoy your day😊😊😊😊,0
10011,uQoDmiMoXHg,Jai shri ram,0
10012,uQoDmiMoXHg,U r entertainer...... ur vlog is always superb 🎉🎉🎉🎉🎉🎉,0
10013,uQoDmiMoXHg,Elvish bhaiiii h apna 🫀❤️ Dil se support bhaii ko,2
10020,uQoDmiMoXHg,Best short 19:41 19:43,0
10021,uQoDmiMoXHg,Elvish bhai on top❤❤,0
10022,uQoDmiMoXHg,Elvish bhai is real personality ❤,1
10023,uQoDmiMoXHg,Kes kes ne daru ke bottle dheke,0
10024,uQoDmiMoXHg,Lakshy to phoch hi jave sab jagah😂😂😂😅,1
10026,uQoDmiMoXHg,Kis kis ne piche Jack Daniels ki bottle dekhi😂,0
10028,uQoDmiMoXHg,10:03 bhai darru chl rhi h fool kaich ke 🍺,0
10029,uQoDmiMoXHg,9:53 darru chal rahi hee chikk ke😂😂{blenders pride},2
10031,uQoDmiMoXHg,Pressure phle check kro😅😅😅,0
10032,uQoDmiMoXHg,Bhai ka system h....❤❤,0
10035,uQoDmiMoXHg,"17:00 bhai jab Santan hi nahi hogi ,, to 7 peediya kaise banegi 🤔",0
10036,uQoDmiMoXHg,9:56 bhai piche table pe ye kya rakha hai 🤨😎,0
10037,uQoDmiMoXHg,Bhai jb kataria nah hota hai na aapke vlogs me.. tb vlogs bahot decent and smooth lagta hai.. maza aata hai dekhne me.. atleast piche se koi bhokta nah hai..,0
10039,uQoDmiMoXHg,Chii jet touch karne k baad to handwash to kar lete..,0
10040,uQoDmiMoXHg,Jai mahal palace civil lines,0
10041,uQoDmiMoXHg,Bhai hand wash nhi kiye aapne,0
10042,uQoDmiMoXHg,Which palace is this??,0
10043,uQoDmiMoXHg,"Who like elvish bhai speaking ""just kidding ""😊😊",10
10044,uQoDmiMoXHg,Love you 😘❤❤❤❤ Elvishbhai such a beautiful person in world 🌍❤❤❤❤❤ Jay shree Ram ❤❤❤❤❤,0
10045,uQoDmiMoXHg,Elvish bhi ap bike v chlate ho,0
10046,uQoDmiMoXHg,Real Rajasthan kaa feel lena h to Chittorgarh jaake aaiye Elvish bhai,0
10051,uQoDmiMoXHg,Elvish bhai us jamane me naas bandi kaha se krwati thi dasiya 😅,0
10054,uQoDmiMoXHg,9:56 pe 2 daru ki botle kis kis n deki😂😂😂,0
10055,uQoDmiMoXHg,Archit apwaad different than any other ❤😂,0
10056,uQoDmiMoXHg,Daaru ki bottle kisne kisne dekhi 😂 10:00,0
10057,uQoDmiMoXHg,jack and jhones😂,0
10058,uQoDmiMoXHg,Chitor garh,0
10059,uQoDmiMoXHg,You are so funny 😅,0
10061,uQoDmiMoXHg,Galat Kiya bhai dogi ko patak ke😢,0
10062,uQoDmiMoXHg,Elvish bhai piche old monk dikh gyi 😂,0
10063,uQoDmiMoXHg,Jai shree Ram,0
10064,uQoDmiMoXHg,Bhai big fan love you bhai❤❤❤❤❤,0
10065,uQoDmiMoXHg,Jack with coke 😂,0
10066,uQoDmiMoXHg,Elvish Bhai tum bhi bass tum hi ho,0
10067,uQoDmiMoXHg,News kaha se aa gyi bich me 😂😂,0
10068,uQoDmiMoXHg,Bhai hand to tho le,0
10069,uQoDmiMoXHg,9:55 p archit k piche daru ki bottle🥺 ab ya toh tuhmri hi h bro😂 ya na keh skta ki nahi pitee,0
10070,uQoDmiMoXHg,Bhai elvish aap ko Maan mariyada ka khyl rkhna chiye apne nahargarh fort m jakr bht kuch bola hai pr bhai dhyn se bola kro or yeh mt bhulo ki yeh ik mahan yodha the jinki vjh s hum aaj shurakshit hai✌🏻🔥,1
10071,uQoDmiMoXHg,9:55 pr video pause karke dekho daru ki bottle,0
10072,uQoDmiMoXHg,Elvish Bhai daru pire ho bottle dekh lo room mr,0
10073,uQoDmiMoXHg,Hum Muslim na dekhe kya,0
10074,uQoDmiMoXHg,Bhai ye Hindu ke liye banate ho Kya ye videos,0
10075,uQoDmiMoXHg,Archit ke bhai yaar mil gye 😂😂😂,0
10076,uQoDmiMoXHg,Daru to full chal rhi h,0
10077,uQoDmiMoXHg,Bhai daru ki bottle khuli kya kr rhi h,0
10078,uQoDmiMoXHg,Elvish bhai daaru ki bottles dikhi hotel room mein JD ki,0
10079,uQoDmiMoXHg,Bhai padmavat ki shooting chittorgarh ke kile me hui thi,0
10081,uQoDmiMoXHg,Room me Daaru ki bottles kise dikhi?,1
10082,uQoDmiMoXHg,9:54 archit k piche Kya rkha h bhai😅😅,0
10083,uQoDmiMoXHg,3M coming soon 🔥🔥,0
10084,uQoDmiMoXHg,Bhai daaru ki bottle dikh gai Aaj to   9.35 k bad dekhna,0
10085,uQoDmiMoXHg,Love from 71lnp kabhi aao Bhai sri ganganagar Rajasthan mein h ♥,0
10086,uQoDmiMoXHg,Rajasthan aana bhaiya 🥰,1
10087,uQoDmiMoXHg,Archit issi liye kutte ko la ja rhe tha kiss karne,0
10088,uQoDmiMoXHg,Jai shree ram 🙏🙏 elvish bhai,0
10089,uQoDmiMoXHg,Bahi bed ke bagal me daru,0
10091,uQoDmiMoXHg,i preparing for my board exam that is going on after 3 days but because of your IT videos i learnt very fast...thanks bro,1
10092,uQoDmiMoXHg,You are comedy man 😀😀😀Nice video I like it I am impressed this video I like it,0
10093,uQoDmiMoXHg,Bhai street dogs ❤️❤️❤️❤️❤️,0
10094,uQoDmiMoXHg,13:56 comedy as hell 😂😂😂😂,0
10096,uQoDmiMoXHg,Chittodgarh me hui thi padmavat,0
10097,uQoDmiMoXHg,17:39 yaha se mera ghar bhi dikhta hai 😀,0
10098,uQoDmiMoXHg,Hats of 😂🤣gjb ho tum,0
10099,uQoDmiMoXHg,Bhai baju meintoh daru ki bottle bhi hai kya baat hai😁,0
10100,uQoDmiMoXHg,Bhai daru dari ha is video ma jab aap bad pa lata huwa tha tab picha,0
10101,uQoDmiMoXHg,Proud of you elvish bhai,1
10102,uQoDmiMoXHg,Hindu Tiger  ka hai,0
10103,uQoDmiMoXHg,"konsi brand peete ho elvish bhai,saw in your hotel room",0
10104,uQoDmiMoXHg,Luv from odisha,0
10106,uQoDmiMoXHg,Bro log khana khata hua aap ka vlog dakhta ha is lia toilet na dakhaya karo,0
10107,uQoDmiMoXHg,18:09 Dukh Dard Peedha Pain Kasht,1
10108,uQoDmiMoXHg,Bhai yaar mujhe pata nhi tha me ya pe rheta hu yaar bhai,0
10109,uQoDmiMoXHg,Elvish bhai. Botal dikh gai vlog me...,0
10110,uQoDmiMoXHg,Bhai bhindi se gass hoti h,0
10111,uQoDmiMoXHg,Ye konsa palace hai bhai ???,0
10112,uQoDmiMoXHg,Hotel ka name kya hai,0
10114,uQoDmiMoXHg,Big fan👍👍👍👍👍👍👍👍😭😭😭😭😭😭😭😭😭😭😭😭😭😭😭😭😭😭😭😭😭😭😭😭😭😭😭😭😭😭😭😭😭😭😭,0
10116,uQoDmiMoXHg,19:13 best part,0
10117,uQoDmiMoXHg,Elvis bhai aap bhot mst ho,0
10118,uQoDmiMoXHg,17:29 sasta sourav joshi 😂😂😂,0
10119,uQoDmiMoXHg,Notice drink bottles on 9 : 55😁😁😂,0
10121,uQoDmiMoXHg,Idhar kaash mein aata jab aap aaye big fan 🔥❤️,0
10123,uQoDmiMoXHg,Elvish bhai 9:55 min pa picha kya haa 🤣🤣🤣😁 parth shoutout please,0
10124,uQoDmiMoXHg,Piche kya h😝😂,0
10125,uQoDmiMoXHg,My sister's wedding was performed here... One of the best place for function to be performed and a great scene,1
10126,uQoDmiMoXHg,Aage se aaye tab pehle wale vlog me jarur batana,1
10127,uQoDmiMoXHg,Elvish bhai hame nahi pata tha aap Aamer aaye h nahi to mil hi kete,1
10128,uQoDmiMoXHg,Peg mar rhe ho sahi 😂😂😂,1
10129,uQoDmiMoXHg,Up 12 #muzaffarnagar 😎🤙,1
10130,uQoDmiMoXHg,Elvis bhai aap daru pita ho,0
10131,uQoDmiMoXHg,lungaad baazi bhimya,0
10132,uQoDmiMoXHg,Bhai apni kidney da do kyui ma bimar hu just jocking,0
10133,uQoDmiMoXHg,Bhai roast kab ayega Bhai,0
10134,uQoDmiMoXHg,Elvish bhai raat ki khali bottles vlog me aagyi archit bhai ke piche😛😜,0
10135,uQoDmiMoXHg,elvish bhai bottle dikh gai,0
10136,uQoDmiMoXHg,9:57 peeche Jack Daniels bottle😁😁,2
10137,uQoDmiMoXHg,Bhai side me daru rake hai,0
10138,uQoDmiMoXHg,RAJPUTANA ERA❣️,1
10139,uQoDmiMoXHg,bhai tum log ko dog ke saath aise nhi karna chahiye tha 😶😶😶😶,1
10140,uQoDmiMoXHg,SSP navneet sikhera ji hmare yha ke hi hai 😎😎,0
10141,uQoDmiMoXHg,13:58 Bhai tum bohot drink krte ho,0
10142,uQoDmiMoXHg,*MUZAFFARNAGAR* ❤️❤️ walle,1
10143,uQoDmiMoXHg,daru ki bottle kis kisne dekhi 😂😂 thakan kam krne k liye ratko daru shi jugad h,1
10145,uQoDmiMoXHg,Elvish bhai daru chalti aa ye 🔥🔥🔥🔥🔥🔥😁😁😁😁😁 9:55Bhai moj kardi 😂🤣😁😃😄,2
10146,uQoDmiMoXHg,Is vlog me agr kisi ne notice kia ho toh piche daru ki bottle rakhi h 😏..,0
10147,uQoDmiMoXHg,Bhai bhokal mne dekhi bhot jabarjast,0
10148,uQoDmiMoXHg,90% of comment in this video is like - one of the greatest thing about this guy...🤣🤣,5
10149,uQoDmiMoXHg,Agar UPSC clear Krna ho to elvish bhai ke is vlog ko dekhein . History ke liye 😂😂😂😂Love you Elvish bhai ❤️❤️❤️❤️,9
10150,uQoDmiMoXHg,Bhai hotel ka naam btana konsa h,0
10151,uQoDmiMoXHg,Vo piche nalla kon h,0
10152,uQoDmiMoXHg,Wo mera hi hai,0
10153,uQoDmiMoXHg,Elvish bhai crush on coffee ajao jaipur mein please,0
10154,uQoDmiMoXHg,Daru chl rhi h 😂😂🥰😍😍,0
10155,uQoDmiMoXHg,Bahi daru kon pits ha,0
10156,uQoDmiMoXHg,Bottle dikh gyiii😂😂😂,0
10157,uQoDmiMoXHg,Elvish ki team tho Katahei baval haii,0
10158,uQoDmiMoXHg,2:57 Ajju billi ne paad diya 🤣🤣,3
10159,uQoDmiMoXHg,9:54 Old monk 😜😜😜,0
10160,uQoDmiMoXHg,Bhai JD kon peeta hai group mai 😀😀,0
10161,uQoDmiMoXHg,Aunty ji elvish bhai bhigad gye he black dog start krdi🤣🤣🍻🍻🍻,0
10162,uQoDmiMoXHg,🌹🌹LOVE FROM GUJRAT🌹🌹🌹🌹NICE VIDEO🌹🌹,0
10163,uQoDmiMoXHg,10.25 me kuch khali bottle 🍾 dikh rhai hh elvish bhai 😁,0
10164,uQoDmiMoXHg,Ye shelter ka naam kya bola?,0
10165,uQoDmiMoXHg,Ma ja ra hu bhai,0
10166,uQoDmiMoXHg,Elvish bhai full handsome ❤️🥰,1
10168,uQoDmiMoXHg,https://youtube.com/channel/UCshaTRQoElPbzGBDekJta3,0
10169,uQoDmiMoXHg,Bhai 10:00 pe piche daru ki bottle dikh rahi h uska bhi vlog dal dete 😂😂,1
10171,uQoDmiMoXHg,Unckl ji ki 🙏 knowledge ko salam hai 🙏,0
10172,uQoDmiMoXHg,bhai jinki  story h BHAUKAAL  woh bhi yadav hein ADG Navneet Sakera,0
10173,uQoDmiMoXHg,Archit bhai ka boyfriend hai  esliye eski  koye girlfriend nhi hai,0
10174,uQoDmiMoXHg,Online class ke bich me apka vlog dhekne me full mjaa ataaa hai,1
10175,uQoDmiMoXHg,Beer pite ho ganda Elvish he,0
10178,uQoDmiMoXHg,are jack daniels bhai aap yanha,0
10179,uQoDmiMoXHg,9:55 Jack Daniel and Black Dog 😂,0
10180,uQoDmiMoXHg,9:46 Sharabi gang hh bhai elvish puri,2
10181,uQoDmiMoXHg,Bhai ki daru ki bottle,1
10182,uQoDmiMoXHg,Bhai 9 mint 57 second pr dekho daru ki botal rkhi h elvish bhai daru pite h,0
10183,uQoDmiMoXHg,Full daaru chal rahai h,0
10184,uQoDmiMoXHg,Can anyone name the hotel\mahal From Jaipur??,0
10185,uQoDmiMoXHg,# ghata ki billi OP 🥰🥰😍😍Love from gurugram subash nagar,0
10187,uQoDmiMoXHg,Jack Daniels deekh gyi bed k sath mein 😂,0
10188,uQoDmiMoXHg,9:56 peccha toh dekho,0
10189,uQoDmiMoXHg,Location ky h yaa,0
10190,uQoDmiMoXHg,Bhai aapke mom dad dehkte h aapka vlog,0
10191,uQoDmiMoXHg,Love❤ from🥰 bihar,0
10193,uQoDmiMoXHg,Bhai tabel pai daru rakhi hai😂,0
10194,uQoDmiMoXHg,Bhi jaipur me konse hotal me ho aap se milna h,0
10195,uQoDmiMoXHg,I saw all episodes of bhaukal 2,0
10196,uQoDmiMoXHg,Ek meetup bhai rohtak m rkh lo na ❤,0
10197,uQoDmiMoXHg,Pichhe wine 🍷 ki bottle dikh gyi 🤣,0
10198,uQoDmiMoXHg,😂😂😂🤩🤩🤩😍bhindi 🤩🤩🤩🤩🤩🤩,0
10199,uQoDmiMoXHg,"Nice bhai ,, this Mahal is very osm bro ❤️",0
10200,uQoDmiMoXHg,Bhai mena to dekhli bhokaal 2 bhi,0
10201,uQoDmiMoXHg,Bhai show some respect for Rajput kings.. Why are u making joke😐🙏🙏🚩,0
10202,uQoDmiMoXHg,Full daruu CHL rhi h,0
10203,uQoDmiMoXHg,Mx player me aagayaa dekhabhi liya op he,0
10204,uQoDmiMoXHg,Kis kis ne hotel room me daru ki bottle dekhi 😌😂,0
10205,uQoDmiMoXHg,9:54 Elvish Bhai Daaru pite Hai 🥃🍺,2
10206,uQoDmiMoXHg,#cancelboardexam2022,0
10207,uQoDmiMoXHg,09:57-58 Bottleee dikh rhi hai background mein elvish bhai full enjoy le rhe ho😂😂😂😂😂😂,4
10208,uQoDmiMoXHg,Bhai archit ke lie Milge,0
10209,uQoDmiMoXHg,Abey yaar 23:55 min ki video se Mann ni bhrta elvish bhai😂😆😍❤️,0
10210,uQoDmiMoXHg,phiche daru dikhri h 😂😂,0
10211,uQoDmiMoXHg,"8:40 elvish bhai ye system lift wala almost saare airports pe hota hai, Delhi mein bhi hai, Singapore, Bangkok saari jagah hai ❤️",4
10212,uQoDmiMoXHg,daru challi hai,0
10213,uQoDmiMoXHg,Love from Jaipur,0
10214,uQoDmiMoXHg,9:55 Piche Bottle dikh gayi 🕵️🍾,1
10215,uQoDmiMoXHg,Vlog dekh kar maza aa jata hh,1
10216,uQoDmiMoXHg,Jay shree ram bhai 🚩🚩,5
10218,uQoDmiMoXHg,Elvish bhai CHITTORGARH aajao ❤️❤️,1
10219,uQoDmiMoXHg,Bhai Chittorgarh aa jao ❤️🔥,1
10220,uQoDmiMoXHg,Your big fan elvish bhai,1
10221,uQoDmiMoXHg,Elvis bhai chupa ke bhi nahi chupa khamba 😂😂😂,1
10222,uQoDmiMoXHg,Cost to bta deta bhai iska ...shandar jgh hai,0
10223,uQoDmiMoXHg,Bhai itna accha nhi tha season 2,0
10224,uQoDmiMoXHg,Elvish Kal ek new vlog le ke aa jao please,0
10225,uQoDmiMoXHg,14:50 bhai vo raniya nhi Russian thi 🤣🤣,0
10226,uQoDmiMoXHg,Bhai ke phiche daru ki botal hi botal,0
10227,uQoDmiMoXHg,Bhai mai bhi jaipur mai hi rhate hu,0
10228,uQoDmiMoXHg,Bhai yaa daru kon pee raha the raat ne😂😂😂😂,0
10229,uQoDmiMoXHg,Bahi love from muzaffarnagar,0
10230,uQoDmiMoXHg,Bhaukal S2 dekh chuke h bhaii 😜,0
10231,uQoDmiMoXHg,Challenge 5 Video 500 subscribe ❤️ target,1
10233,uQoDmiMoXHg,Bhai season 2 bhi dekh ke khtm kr diya usi din jb release hui thi ❤️,0
10234,uQoDmiMoXHg,Elvish bhai ek genuine question hai jab raja ko shraap tha ki 7 pidhi tak santan nahi hogi toh satvi pidhi tak baat phochegi kaise 😂,0
10235,uQoDmiMoXHg,Bhai piche dekho daru ki bottle dikh Rahi h 🥳🥳🥳,0
10236,uQoDmiMoXHg,Bhai aap jaipur mein ho to khatu shyam bhi chale jao pls 🙏,0
10237,uQoDmiMoXHg,Expected heart from elvish bhai 🥰,1
10239,uQoDmiMoXHg,darru ki bottle 9:53,0
10240,uQoDmiMoXHg,"All My Blessings to those, who just started their new YouTube channel...#Mahadevblessedu ❤️",2
10241,uQoDmiMoXHg,Bhai main hu kosli t 😍😍,1
10242,uQoDmiMoXHg,"Swaagat hai, ✨ but be careful🤍",0
10243,uQoDmiMoXHg,Bhai chittorgarh ke kile me hui thi padmavat ki shooting,0
10244,uQoDmiMoXHg,Elvish bhai botle dhik gyi 9:55 pr 😂😂,0
10245,uQoDmiMoXHg,9:58 time pr background dekho daru ki nBotal rkhi h,0
10246,uQoDmiMoXHg,Kabhi chhatishgarh bhi aao,0
10247,uQoDmiMoXHg,Bhai jaipur mein chakka jaam karwa diya,0
10248,uQoDmiMoXHg,https://youtu.be/rQBh1ilWN54,0
10249,uQoDmiMoXHg,Ram Ram bhaiyo 🙏🙏🙏,0
10250,uQoDmiMoXHg,Bhai darru ki bottle rhkii h,0
10251,uQoDmiMoXHg,Love you elvish bhaiya,1
10252,uQoDmiMoXHg,Elvish bhai apke room me black dog ki bottle kya kar rahi hai ❣️😂😂😂😂,1
10253,uQoDmiMoXHg,https://youtu.be/TqIh2OC-LY8,1
10254,uQoDmiMoXHg,Love you hai aapko elvish bhai love you bro ❤️❤️❤️,0
10255,uQoDmiMoXHg,Bhai maza aa gya,0
10256,uQoDmiMoXHg,Bhai aapka vlog dekh ke swad aa jata hai,0
10257,uQoDmiMoXHg,Elvish bhai jaipur ao mansarover khub aish hogi please 🙏,0
10258,uQoDmiMoXHg,Bhai ake side wale corner pe daru rkhi h 😭👍,0
10259,uQoDmiMoXHg,Are elvish bhai un dono couple ki jagah elvish bhai or archit bhai ki jodi achi hai,0
10260,uQoDmiMoXHg,Bhai super se bhi uppr h hoti h aapki video,0
10261,uQoDmiMoXHg,Bhai aa chuki hai bhaukal 2,0
10262,uQoDmiMoXHg,Amir ke samne 300 seede hai to salman aur sharukh ke samne kitni seede h,0
10263,uQoDmiMoXHg,Elvish bhai aaj pahle bar aapka blog dhekha hu or aapka fan ho gaya bhai 🥰😍😘,0
10264,uQoDmiMoXHg,Who notice liquor🤣,1
10265,uQoDmiMoXHg,Sir akara ape kapur ma Ho to kota rajasthan,0
10266,uQoDmiMoXHg,Collab with Sourabh Joshi lite 😂😂💥💥,1
10269,uQoDmiMoXHg,Nice bro ☺️☺️,1
10270,uQoDmiMoXHg,My first vlog-https://youtu.be/0B9Gi2anEkQ,1
10271,uQoDmiMoXHg,9:56 pe dekho daaru ki bolten padi h 😁😅,3
10272,uQoDmiMoXHg,🥃🍻🍺 daru pk dance karo 🥂🍻  I like it sir,2
10273,uQoDmiMoXHg,"Elvish bahiya ma  bhe season 1,2 dona dekha liya ha",2
10274,uQoDmiMoXHg,Love you brom,1
10275,uQoDmiMoXHg,Bhai mast vlog💖💖❣️,1
10276,uQoDmiMoXHg,Bhai 9.55 pe daru rakhi hai piche😂😂,1
10277,uQoDmiMoXHg,Elvis bhai tum to Tv pe aa Gye the q tv channel par🥳🥳,1
10278,uQoDmiMoXHg,"Elvish bhai kya dikha diya khana kha raha tha 1:43 ""pressure check""😂😂",0
10279,uQoDmiMoXHg,Bhaii hamara hotel h bawal ke pass me jab aao tab batana pakka raste me wha ruk ke jana kab aaoge bhaii ye batao jldi,0
10280,uQoDmiMoXHg,Love from Rajasthan❤️❤️,0
10282,uQoDmiMoXHg,Elvish bhai padmawat ki shooting chittorgarh ke kile me hui thi,0
10284,uQoDmiMoXHg,Bhai meri favourite bhi h bhindi,0
10286,uQoDmiMoXHg,Jack denial 😅😅 @elvish,0
10287,uQoDmiMoXHg,Bhai season 2 kab dek liye. Tumm abvi nahi dekhi.,0
10288,uQoDmiMoXHg,Bhai Maine toh Bhaukaal season 2 dekh liya,1
10289,uQoDmiMoXHg,https://youtu.be/NnKWbcQCdl8,0
10290,uQoDmiMoXHg,0001 kb lg raaha hai phir bhai gaadi p,0
10291,uQoDmiMoXHg,"Bhai season 2 ki chodho, sach sach batao Bhokaal season 1 dekha tha ya nahi 😂",0
10292,uQoDmiMoXHg,https://youtu.be/aWCf-MZ8OF8,1
10293,uQoDmiMoXHg,Ek number bhai,0
10294,uQoDmiMoXHg,9:55 pe daru😂😂,0
10295,uQoDmiMoXHg,Batao yaar milte Hain,0
10296,uQoDmiMoXHg,Main bhi Jaipur mein hoon,0
10297,uQoDmiMoXHg,Are bhai kahoon Jaipur mein,0
10298,uQoDmiMoXHg,9:56 daaru spotted 😂Ab log royenge ki jooth bola,1
10299,uQoDmiMoXHg,Who noticed tha black dog  🥃 when archit was being gay,0
10300,uQoDmiMoXHg,17:02 bhai agar ek bhi bacha nhi hoga toh generation uss raja ki  7 vi tak jayegi hi kaise?😂😂 guide bhi alag hi chutiya baate bta rha tha,0
10301,uQoDmiMoXHg,Hr chijj m bhai bhai  godd..😡😡😡😡,0
10302,uQoDmiMoXHg,Gadi ko dent laga dia yar!!,0
10303,uQoDmiMoXHg,Jack daneil and black dog 😁❣️,0
10304,uQoDmiMoXHg,Legend will see at 9:59😂😂,0
10305,uQoDmiMoXHg,10:11 pe mujhe daru ki bottle to bilkul bhi nahi dikhi🤣🤣,0
10306,uQoDmiMoXHg,Bhai ye movie konsi h,1
10307,uQoDmiMoXHg,Kisine piche bottle notice kri daru ki hui hui hui🌚🌚🌚,0
10308,uQoDmiMoXHg,Elvish bhai.... black dog 😊😊,0
10309,uQoDmiMoXHg,Did anyone notice the jack daniel bottle at 9:55 🤣,0
10310,uQoDmiMoXHg,Is this the resort shown in Matsya Kaand,0
10311,uQoDmiMoXHg,"Gujrat me jehadiyo ne hindu ladake ko mar dala vidio bheji elvish yadav ko dekha bhi nay kangana ranaut ne bhi stori pe laga ke saport kiya magar tum ne nay bhai bahot bura laga ,😥😥",0
10312,uQoDmiMoXHg,Allah hu akbar,0
10313,uQoDmiMoXHg,Bhaiya kirti didi maregi tumko 😂,0
10314,uQoDmiMoXHg,9:58  peche daaru ke bottle padi h bhai rat bhar party chali h😂🤣,0
10315,uQoDmiMoXHg,Elvish yadav is gay,0
10316,uQoDmiMoXHg,Bhai picha bottle rhaki haa😁😁😁,0
10317,uQoDmiMoXHg,bhai sab sahi h par tune to forchuner ki gand maar li kati kishi topic me to or kuch bta de Gadi hi gadi,0
10318,uQoDmiMoXHg,9:58 bhai daaru ki bottles toh side me rakh diya kro😂,0
10319,uQoDmiMoXHg,Padmavat ki shooting chittorgarh m hui,0
10320,uQoDmiMoXHg,Sharap ki botal rkhi thi table pe vlog me vo to nhi dikhate 2 botal or soda bhi h,0
10321,uQoDmiMoXHg,You were about to say Billi sai yaad aaya and then you reverted to other thing I thought you talk about mine things maza sa aagaya tha ek baar ko to Lekin love the word Ajju Billi 🐶🐶,0
10322,uQoDmiMoXHg,Bhai daaru ki bottle rakhi 🤣,0
10323,uQoDmiMoXHg,Bhai sesason2 agya 10-15 din hoga,0
10324,uQoDmiMoXHg,bhai or t sb thik h pr ye daru ki bottle kiski h,0
10325,uQoDmiMoXHg,Meware Ka Kila kab ja rahe ho,0
10326,uQoDmiMoXHg,Jay siyaram Ji 🙏🙏,1
10327,uQoDmiMoXHg,Bhai 9:56 pe dharu ki botal agyi,1
10329,uQoDmiMoXHg,JD chal rhi hai set or pet,0
10331,uQoDmiMoXHg,10:9 pe coke k pass kya rkha h bro 😁😂,0
10332,uQoDmiMoXHg,Bhai app dharu pitha ho kya,0
10333,uQoDmiMoXHg,9:56 pr piche nashe ka saman dikh rha h cold drink k sath 😂,0
10334,uQoDmiMoXHg,9:54 full daarubaazi 🥃🥃🥃🥃🥃,0
10335,uQoDmiMoXHg,Daru kya h apka piche,1
10336,uQoDmiMoXHg,Elvish looks friendly in blogs ..But rude in real life,0
10337,uQoDmiMoXHg,10:10pe daaru ki bottle rkhi h broo 😂full party ☺☺,0
10338,uQoDmiMoXHg,Bhai piche JD ki Bottle kiski thi 😂,0
10339,uQoDmiMoXHg,Elvish bhai 🍻🍻🍻 very nice,2
10341,uQoDmiMoXHg,9:57 Full daru party chal rhi h 🥳😂,0
10342,uQoDmiMoXHg,Memory rewind ho gya.... September me hi travel kiya tha,0
10343,uQoDmiMoXHg,Elvish ek kam kar Vlog channel Chorke Mandir he khol le,0
10344,uQoDmiMoXHg,Bhai bottle din gai,0
10345,uQoDmiMoXHg,System mast tha Elvish Bhai😅😂,0
10346,uQoDmiMoXHg,Bhai daaru ki bottle dikh gai bro,0
10348,uQoDmiMoXHg,Sir aap Jaipur me firse mitab rakhoge ya nahi pllis replay,0
10349,uQoDmiMoXHg,Hey! bhai ek month m jyada nhi bas 2 roast toh aane chiye plzz bhai ❤️ try krna ho ske toh....... 👍🏼,0
10350,uQoDmiMoXHg,Bhai piche balender pride dikhrii ha,0
10351,uQoDmiMoXHg,9:55 Phichee toh dekhoo Aunty Ji ko v dikhana padega 🤣😉,0
10352,uQoDmiMoXHg,Bhai Jack Daniels chal rahi ha,0
10353,uQoDmiMoXHg,Har har mahadev💓💓💓,1
10354,uQoDmiMoXHg,Bhai peeche JD and black dog ki bottle dekh li mene 😂😂😂👍🏼,0
10355,uQoDmiMoXHg,Bhai bottle dikhai de rha h😂😂🙏❤️,0
10356,uQoDmiMoXHg,Daaru ki bottle😂,0
10357,uQoDmiMoXHg,Bhi 🥃 dikh re ha,0
10358,uQoDmiMoXHg,Bhai piche coca cola ki sth kya rkha h....😅,0
10359,uQoDmiMoXHg,"Bhai bhaukaal 2 bohat badhiya webseries hai dekh le maine,aap bhi jrur dekhna",0
10360,uQoDmiMoXHg,Bhai apke vlog me wing ki bottle 🍾 dikhri h ap drink krte ho kya??????,0
10361,uQoDmiMoXHg,Loveeee from Rajasthan bhai ❤️❤️❤️,0
10362,uQoDmiMoXHg,Bhai kasol ke vlog mein joint aur jaipur ke vlog mein jack Daniel sahi hh,0
10363,uQoDmiMoXHg,0:38-🔥🔥Nice Dialogue Elvish Bro.😂👏🤣,26
10364,uQoDmiMoXHg,https://youtube.com/shorts/IcfSwLVna-w?feature=share,0
10365,uQoDmiMoXHg,"At exactly 09:56 minutes, jack Daniel’s, black dog.. sharab hi sharab.. maaza aagaya!!",1
10366,uQoDmiMoXHg,9:56 bhai raat ko puri party kari fer bottle padi hai,0
10367,uQoDmiMoXHg,🙏🙏🙏❤️❤️Jay shree raam❤️❤️🙏🙏🙏,0
10368,uQoDmiMoXHg,Side me daru Rakh rakha hai,0
10369,uQoDmiMoXHg,Season 2 bhi tagda h bhai,1
10372,uQoDmiMoXHg,Legend see daru and bakchodi,0
10373,uQoDmiMoXHg,https://youtu.be/JG3INJBh2GQ,0
10374,uQoDmiMoXHg,Come to Jodhpur and explore with me the beauty of blue city,0
10375,uQoDmiMoXHg,Bhai saari daaru ki botel dikhri h,1
10376,uQoDmiMoXHg,Charo bhaiyon ne drink ki thii hotel mein bottles dikh gyi video mein 😂,0
10377,uQoDmiMoXHg,Bhai full dekh le sizinn 2 bhai ek number he,0
10378,uQoDmiMoXHg,Bhai black dog ki bottle dkh gai hai,0
10379,uQoDmiMoXHg,Bhai main muzaffarnagar se hu,0
10380,uQoDmiMoXHg,Bhai tution teacher ki bewi se pyar part 2 kab aayega??,0
10381,uQoDmiMoXHg,Bhai pls come gujrat pls visit bhai 🙏🙏,0
10382,uQoDmiMoXHg,18:09 op 😂🔥,0
10383,uQoDmiMoXHg,Bhai ma kasam kha kar kehna aap daru pite ho un bhai appko hath laga rha tha tab piche dikhi,0
10384,uQoDmiMoXHg,10:00 bhai piche kya rkh rkha h 🤣,1
10385,uQoDmiMoXHg,9.55 to 10.00 peeche daaru ki bottles 😂😂,0
10386,uQoDmiMoXHg,Bhaisahb peeche daaru dikh gyi,0
10388,uQoDmiMoXHg,Kis kis ne wine ki bottle dekhi??😂,0
10389,uQoDmiMoXHg,Padmavat ki shouting chittorgarh me huai he,0
10390,uQoDmiMoXHg,Elvish bhai bharke JD pee hai raat ko 😂😂,0
10391,uQoDmiMoXHg,Daru ki botal bhai🍾🍾🍾😙😙😙💫💫💫👶,0
10392,uQoDmiMoXHg,9 m 55 s ma daru dekh rhi ha,0
10393,uQoDmiMoXHg,Bhai video MA daru dekh rhi ha,0
10394,uQoDmiMoXHg,jack danial op 😂🔥,0
10395,uQoDmiMoXHg,Daru kis ne pee ti,0
10396,uQoDmiMoXHg,Hello bhai aap bikaner k fort me bhi aana bhu achha h😍😍🥰🥰😘😘,0
10398,uQoDmiMoXHg,Bhai yr sikar bi aao yrr,0
10399,uQoDmiMoXHg,Elvish bhai I met ajju bhai at nahargarh mahal,0
10400,uQoDmiMoXHg,Ajju billi toh ghar aa gyi aap nhi aye elvish bhai😂😂,0
10402,uQoDmiMoXHg,Apki ma ki umar kitni hogi ??🤔🤔1 Subscribe - 120 years😐😐Ignored - instantly death😭😭,0
10403,uQoDmiMoXHg,Jack and Daniel 😂 also mine fav ❤️,2
10404,uQoDmiMoXHg,Ajuu bhai kon hai     wohi free fire wale,0
10405,uQoDmiMoXHg,jaisalmer ke kile  me hui tha bhai sa,0
10406,uQoDmiMoXHg,Elvish bhai botala dekh gaye 🤨😂,0
10407,uQoDmiMoXHg,Bahi bloge ma thodi chutia panthi na karo,0
10408,uQoDmiMoXHg,9.56 shrb 😂,0
10409,uQoDmiMoXHg,9:56 min pe elvis bhai black dog or jack daniels ki bottel kya kr rahi hai 😂,0
10410,uQoDmiMoXHg,https://youtube.com/channel/UCaHlHS5FL221_3gNi-5pqyg,0
10411,uQoDmiMoXHg,9:58 mai daru rakhe ho bhai....naughtyyy ho rahe 😂,0
10412,uQoDmiMoXHg,9:57 jack Daniel elvish bhaii ... Bade tej ho rhe ho😁😂😂,0
10413,uQoDmiMoXHg,Bhai ap ki pilo fighting both mast lgti hai,0
10414,uQoDmiMoXHg,Padmavati  ki suting chittorgarh ma hui thi,0
10415,uQoDmiMoXHg,"9:56 daaru dikh gyi 😂😂 ""archit bhai sab smjh ara h""",0
10416,uQoDmiMoXHg,Coke ki gail le re ho daru 😁🤣🤣,0
10417,uQoDmiMoXHg,Only lagend see daruu ki botel 😂,0
10418,uQoDmiMoXHg,Daruuu 🤪 elvish bhai full mojj ho rhi h,0
10419,uQoDmiMoXHg,10:00 pe pich daaru ke bottle hai bhai kitna Peete ho,0
10421,uQoDmiMoXHg,Bhai Season bhi aa gaya,0
10422,uQoDmiMoXHg,https://youtube.com/channel/UCSryCqOO8XeGBv7bwJQBOiw,0
10423,uQoDmiMoXHg,10.4 Jaddu ki bottel ⚡,0
10424,uQoDmiMoXHg,Kya baat hai...,0
10425,uQoDmiMoXHg,Bhai raja maharaja ka majak mat udaya kro yr,0
10427,uQoDmiMoXHg,Black dog 🤣 hai kya ?,0
10428,uQoDmiMoXHg,Bhai humne to dekh bhi liya season2,0
10429,uQoDmiMoXHg,Daru ka bottle tha side me 😀,0
10430,uQoDmiMoXHg,9:55 pa daru dekh rahi hai bhai 😂 tare papa na dekh liya to bhot maraa gaa 😂😂,0
10431,uQoDmiMoXHg,Bro plzz show some respect bcz rajasthan ke sare Raja character ke liye Jane jate h,0
10432,uQoDmiMoXHg,9:55 daru battle 🥃,0
10433,uQoDmiMoXHg,Oreeee bhai tum daruuu bhe piooooo hmko picha daru dhik gyeee blunder Pride 9:50 sai dekho apko bhe dhik gygeeee bhai aj ak aur raj pata chal gyaa apka 😹😹😹 elvish bhai daruaaa bhe hai yr 😹😹😹😹😹😹😹,0
10435,uQoDmiMoXHg,Gjb mere jaan,0
10436,uQoDmiMoXHg,https://youtu.be/LEOH7zwCt2Y,1
10437,uQoDmiMoXHg,9:55 daru ki bottle 😅,0
10438,uQoDmiMoXHg,Jai shree ram mere bhai Prabhu raam ji ki kripa aap ki Mata apke pita or aap par sadaiv bani rahe 🚩,0
10439,uQoDmiMoXHg,Bhai rewari AAA rahe ho kya me. Hu Rewari se,0
10440,uQoDmiMoXHg,9:56 bhai archit ke peeche sara inatzaam dekh reha h #WHISKEY wagera mamla set hai😂😂😂🤣,0
10441,uQoDmiMoXHg,who notice daaru at 10:08,0
10442,uQoDmiMoXHg,lun laa lo ravan da,0
10443,uQoDmiMoXHg,Bhai daru ki bottle pdi h side m🤣,0
10444,uQoDmiMoXHg,Legends see alcohol bottles,0
10445,uQoDmiMoXHg,Elvis bhaiya bhaukaal season 2 aa gayaNavneet shikera g kaJay hindElvis bhaiya ek baar rewari ke rampura mahal me bhi ghuma digiye 🙏🙏🙏🙏,0
10446,uQoDmiMoXHg,Bhai aap ne kha ki raja ki 7 pidi tak santan nahi hogi Aagar us raja ko santan nahi hogi to pidi aage kase badeki 🤣🤣🤣🤣🤣🤣🤣🤣🤣🤣,1
10447,uQoDmiMoXHg,Bhaukal hai bhi to hmare muzffarnagar ki khatrnak kyu na hogi bhai,0
10448,uQoDmiMoXHg,Plzzz bhaii jaipur ae ho to jhotwara side bhi ao n plzzzzzzzzz,0
10449,uQoDmiMoXHg,Elvish bahi maharana partap. Ji ke fort pr bi jao aur vlog shoot krooo,0
10450,uQoDmiMoXHg,Elvish bhai apki video dekh ke mja aaa jata. Ha mere comment pe like kr do elvish bhai and reply,0
10451,uQoDmiMoXHg,Love from pataudi Gurgaon,1
10452,uQoDmiMoXHg,9:56 ma do daru ki bottle aa gai 🤣,1
10453,uQoDmiMoXHg,Which hotel?,0
10454,uQoDmiMoXHg,Jaipur Tak hotal evlish Bhai right bola na,1
10455,uQoDmiMoXHg,9:57 daru in the house baby,0
10456,uQoDmiMoXHg,Raniyo ka kda 😅😅,0
10457,uQoDmiMoXHg,Ram ram elvish Bhai,0
10459,uQoDmiMoXHg,Jai Shree Ram ❤🙏,1
10460,uQoDmiMoXHg,Jai Shree Ram🙏🙏,0
10461,uQoDmiMoXHg,Bhai wait kr rha meet up vale vlog ka,0
10462,uQoDmiMoXHg,Love you brother,0
10463,uQoDmiMoXHg,Sabse mast scene 9:57 peeche daaru ke bottle😂🥃,0
10464,uQoDmiMoXHg,9:55 pr whisky ki bottle h piche 😅😅😅😅😅 hit like comment jisne notic kiya,3
10466,uQoDmiMoXHg,Bhai Piche kis ki botal rakhi hai 9:59 timing pa,0
10467,uQoDmiMoXHg,bhai  kabhi rajasthan k siakr jila k patan mahel aao,0
10468,uQoDmiMoXHg,Nahargarh is my favorite place in mansoon for timepass...,0
10469,uQoDmiMoXHg,Bhai sorry bs ek baat bta o aap Kirti se brakup kr leya Kya ☹️,0
10470,uQoDmiMoXHg,Bhai kab ka dakha liya mana season 2,0
10471,uQoDmiMoXHg,Haryana ke ho bhai pini chaiya bina daru hamara kam nhi hota,0
10472,uQoDmiMoXHg,Jay Shree ram 🚩🚩🚩,1
10473,uQoDmiMoXHg,Kirti dee ko unfollow krdiya,0
10474,uQoDmiMoXHg,Bhai daru kam piya kero,0
10475,uQoDmiMoXHg,Bhai Jaipur me world trade park jarur jaana,0
10476,uQoDmiMoXHg,Ajju bhai rocks,0
10477,uQoDmiMoXHg,One like for shree ram 🚩🚩,0
10478,uQoDmiMoXHg,Bhai wazirabad kab auga ??,1
10479,uQoDmiMoXHg,Elvish bhai ka channel aese lgta h apna channel ek dum family vali feeling sabse best YouTuber jesa camera on he ni h 😂,0
10480,uQoDmiMoXHg,2.65 😘😘😘 hgye,0
10481,uQoDmiMoXHg,Elvish bhai jack Daniels 🌝,0
10482,uQoDmiMoXHg,9:55 pe daru ki botel he🤣😅,0
10484,uQoDmiMoXHg,Dry denting krva lena,0
10485,uQoDmiMoXHg,Bhai aap drink krte ho 9:55-10:15😳,1
10488,uQoDmiMoXHg,9:56 daru ki bottle 😂😂,0
10489,uQoDmiMoXHg,Bhai plzzzzzzzzzzzzzzzz jaipur aa gye to sikar bhi aajao plzzzzz bhai plzzz,0
10490,uQoDmiMoXHg,Sari wine ki bootle dekh raha 😂😂,0
10491,uQoDmiMoXHg,Bhai maine vlog glt time per dekh liya Yaar hasi control nhi ho paa rhi thi (dinner time 🤣😂) ❤,0
10494,uQoDmiMoXHg,Jai shree ram,0
10495,uQoDmiMoXHg,Bhai ap na archit bhai se ache se behave kia kro pĺs i don't like ap har bat me archit bhai ko kyu zhasitte ho pls,0
10496,uQoDmiMoXHg,Jai Shri ram Elvis bhai 😍,0
10497,uQoDmiMoXHg,welcom to our city Elvish bhai 🥳,1
10498,uQoDmiMoXHg,Bhai tu galat comment krr rhe ho raja sahab pe,0
10499,uQoDmiMoXHg,elvish bhai it makes my heart happy to see your vlogRoshan Banjare 😃,4
10500,uQoDmiMoXHg,Jack Daniel and black dog 🥲😂😂,0
10501,uQoDmiMoXHg,🥃 JACK DANIEL'S,0
10502,uQoDmiMoXHg,2 bhi dekh liya bhai,0
10503,uQoDmiMoXHg,Bhai humne Sajan tu dekha hua or one  Nahin dekha,0
10504,uQoDmiMoXHg,Elvish bhai aapki gf ki pic dalo insta pr,1
10505,uQoDmiMoXHg,Bhai thoda serious ho jaya kar jab koi bada tumhe kuch bata raha ho toh,0
10506,uQoDmiMoXHg,Bjai im from kosli rewari 💪🤘,0
10507,uQoDmiMoXHg,But jay shree ram🙏,0
10508,uQoDmiMoXHg,Bhai archit k piche mota maalll dikh gaya.,0
10509,uQoDmiMoXHg,Bhaisahab aapka ae contant chapri tiktokers se bhi tagda hai😂🤣😂😂..... Bilkul chutiyapa,0
10510,uQoDmiMoXHg,By hello brother part 3 kab laauge,0
10511,uQoDmiMoXHg,bhai raawat ki kachori khake dekha swad aahayega. sindhi camp ke paas hai,1
10513,uQoDmiMoXHg,Dekh liya bhai ❤️,0
10514,uQoDmiMoXHg,Elvish bahi sharab ki bottle dekh gyin,0
10515,uQoDmiMoXHg,Bhai kota aaoo na🙏🙏❤,0
10516,uQoDmiMoXHg,@10:10 prr daaru ki bottle dekho 😂😂,0
10517,uQoDmiMoXHg,@9:53 jack Daniels and black dog,0
10519,uQoDmiMoXHg,Elvis bhai yha history ke bare me jayada mt bol ..rajputana h ye.......yha turant  gand tod di jayegi agr karni sena ne video dek liya to .....example ke liye video dek lena .....sanjay leela bhansali ke thpad mare the padmawti movie sort me,0
10520,uQoDmiMoXHg,Jay shree ram elvish vai ko ❤️💪,1
10521,uQoDmiMoXHg,9:54 i see 2 wine bottles 🧐,0
10522,uQoDmiMoXHg,9:54 😗Kuch notice kia,0
10523,uQoDmiMoXHg,Bhai bss kro ab fortuner fortuner pta chl gya elvish bhai apke pass fortunner h ab humko maaf kr do (jai shree ram ),0
10524,uQoDmiMoXHg,2dek liya bhai tagda h,0
10525,uQoDmiMoXHg,Jai shree ram bhai 🇮🇳,1
10526,uQoDmiMoXHg,Elvish bhaiya app ko love you dil se ❣️❣️❣️❣️❣️❣️❣️❣️❣️,1
10527,uQoDmiMoXHg,bro tum apne dosto ko galat hi ku bolte ho vo tho tume bhai bhai bolte tum onne galt bolte ho bhout bekar or wahiyat or galt lagtha hai give them respect .,0
10528,uQoDmiMoXHg,Bhai kb ki aa gya h ye,0
10529,uQoDmiMoXHg,https://youtu.be/LRTaMCtA2x0,1
10530,uQoDmiMoXHg,https://youtu.be/LRTaMCtA2x0,1
10531,uQoDmiMoXHg,https://youtu.be/LRTaMCtA2x0,1
10532,uQoDmiMoXHg,https://youtu.be/LRTaMCtA2x0,1
10533,uQoDmiMoXHg,https://youtu.be/LRTaMCtA2x0,1
10534,uQoDmiMoXHg,https://youtu.be/LRTaMCtA2x0,1
10535,uQoDmiMoXHg,https://youtu.be/LRTaMCtA2x0,1
10536,uQoDmiMoXHg,https://youtu.be/LRTaMCtA2x0,1
10537,uQoDmiMoXHg,Jai shree Ram Bhai ji love from Rajasthan Jaipur ❤️❤️❤️❤️,0
10538,uQoDmiMoXHg,Jai Siya Ram 🚩🙏,1
10539,uQoDmiMoXHg,Elvish Bhaii 🔥❤️,0
10540,uQoDmiMoXHg,Phone aa ga bhindi kaa,0
10541,uQoDmiMoXHg,Bhai piche jaipur place me blader ki botle padhii thii raat koo holi bani khyy,0
10542,uQoDmiMoXHg,9:57 - Whiskey ki bottle 🥃 spot krli elvish bhai 😂😂 Like this comment who also noticed it!😂,0
10543,uQoDmiMoXHg,Bhai aap Drunk krte ho 9:55 pr kya h table pr 🙄😂 🍾🍾🍾🥂🍻🍺,1
10544,uQoDmiMoXHg,Feeling sad for ur fortuner but koi na Bhaiya thik ho jayega 😊,0
10545,uQoDmiMoXHg,Bhai plz give me con.,0
10546,uQoDmiMoXHg,Me jpr se hi hu ...plz give me con.no,0
10547,uQoDmiMoXHg,Bhai aapse milna h,0
10549,uQoDmiMoXHg,Jack daniel,0
10550,uQoDmiMoXHg,Bhai mobile tour krwao andar kya kya hai phone me 😋😋😋,0
10551,uQoDmiMoXHg,Elvish bhai bhut din phele aa gya ya achi web hai😍,1
10552,uQoDmiMoXHg,JD AND BLACKDOG rkhi h,0
10553,uQoDmiMoXHg,😭 Amit bhai ke pass bhi jao 🙏🙏🙏,1
10554,uQoDmiMoXHg,Lakshay ko sath mat rkha kr bhaii,1
10555,uQoDmiMoXHg,Bhai Alwar or sariska visit krna,0
10556,uQoDmiMoXHg,Ek video aapki college VIT  me bhi banao,0
10557,uQoDmiMoXHg,Your smile is too sweet..,0
10559,uQoDmiMoXHg,9:57 pr dekho sab  beer bottle haan 😂😂😂😂😂,0
10560,uQoDmiMoXHg,hiiiiiiiiìiiiiiiiiiii,0
10561,uQoDmiMoXHg,9:55 bhai daru pirha tha archit ka gaal😂😂,0
10562,uQoDmiMoXHg,Abhi vlog dekh rha hoon Bhai tumhara,0
10563,uQoDmiMoXHg,10:56 mera Naam YASH,1
10564,uQoDmiMoXHg,Bhai ek number vlogs bnate ho bhai HSS HSS k maza aa jata hai,0
10566,uQoDmiMoXHg,1:40 bhi ya kya hai 😂😂😂😂,0
10567,uQoDmiMoXHg,Daaru ki bottel kis kisne dekhi😂😂,2
10568,uQoDmiMoXHg,Oh ho Daru party,0
10569,uQoDmiMoXHg,Elvish bhai Pushpa flim ayi hai vo dekho mast hai,0
10570,uQoDmiMoXHg,Bhai big fan yarr sachi mai aap ki jo language or jo smile haye ❤️ bhai best YouTuber yall bro love u yall jai hind 🚩🚩 jay Shri ram 🚩🚩,1
10571,uQoDmiMoXHg,Bahi main to ghum ke bhi aagaya,0
10572,uQoDmiMoXHg,Side table pe black dog aur jack daniels rakhi hai 😂,1
10573,uQoDmiMoXHg,Jai shree ram,0
10575,uQoDmiMoXHg,Swara or tapsee pannu ko expose karo na yr maza aayaga,0
10576,uQoDmiMoXHg,Bhai churu jarur aana ❤🙏🏻🙏🏻Bhai churu jarur aana ❤🙏🏻🙏🏻Bhai churu jarur aana ❤🙏🏻🙏🏻Bhai churu jarur aana ❤🙏🏻🙏🏻Bhai churu jarur aana ❤🙏🏻🙏🏻Bhai churu jarur aana ❤🙏🏻🙏🏻Bhai churu jarur aana ❤🙏🏻🙏🏻Bhai churu jarur aana ❤🙏🏻🙏🏻Bhai churu jarur aana ❤🙏🏻🙏🏻Bhai churu jarur aana ❤🙏🏻🙏🏻Bhai churu jarur aana ❤🙏🏻🙏🏻Bhai churu jarur aana Bhai churu jarur aana ❤🙏🏻🙏🏻Bhai churu jarur aana ❤🙏🏻🙏🏻Bhai churu jarur aana ❤🙏🏻🙏🏻Bhai churu jarur aana ❤🙏🏻🙏🏻Bhai churu jarur aana ❤🙏🏻🙏🏻Bhai churu jarur aana ❤🙏🏻🙏🏻Bhai churu jarur aana ❤🙏🏻🙏🏻Bhai churu jarur aana ❤🙏🏻🙏🏻Bhai churu jarur aana ❤🙏🏻🙏🏻Bhai churu jarur aana ❤🙏🏻🙏🏻Bhai churu jarur aana ❤🙏🏻🙏🏻Bhai churu jarur aana ❤🙏🏻🙏🏻Bhai churu jarur aana Bhai churu jarur aana ❤🙏🏻🙏🏻Bhai churu jarur aana ❤🙏🏻🙏🏻Bhai churu jarur aana ❤🙏🏻🙏🏻Bhai churu jarur aana ❤🙏🏻🙏🏻Bhai churu jarur aana ❤🙏🏻🙏🏻Bhai churu jarur aana ❤🙏🏻🙏🏻Bhai churu jarur aana ❤🙏🏻🙏🏻Bhai churu jarur aana ❤🙏🏻🙏🏻Bhai churu jarur aana ❤🙏🏻🙏🏻Bhai churu jarur aana ❤🙏🏻🙏🏻,0
10577,uQoDmiMoXHg,Editing nam ki cheez pata hai chu*ye sale itna lamba vlog dekhe Tere jese velle nai hai,0
10578,uQoDmiMoXHg,Bhai aap ki mummy na AAP pr phone kya ya nhi,0
10579,uQoDmiMoXHg,Bhai ek bat bolu room ma daru kasa aa gai 😄,1
10580,uQoDmiMoXHg,Ajju ne pad diya 😂😂😂😂,0
10581,uQoDmiMoXHg,Tu sala daru pita he,0
10582,uQoDmiMoXHg,Old monk revealed 😂😂😂😂😂😂,1
10583,uQoDmiMoXHg,Elvish bhai ek Bar video 9:57 min pr karke Dehko kuhc badiya sa Diha raha he aarcit bhai ke pihe,1
10584,uQoDmiMoXHg,Raaste mei hai,0
10585,uQoDmiMoXHg,Elvis BHAI Alwar aaoge kya,0
10586,uQoDmiMoXHg,Elvish bhai new video kab a rahi hai 😜❤️❤️🔥🔥,0
10587,uQoDmiMoXHg,Jai shree ram bhai,0
10588,uQoDmiMoXHg,Elvish bhai i am from kosli,0
10589,uQoDmiMoXHg,Padmavat ki shooting chittorgarh me hui thi,0
10590,uQoDmiMoXHg,Bhai daaru ki bottle hai kya background mein 9:58,1
10591,uQoDmiMoXHg,Muzaffarnagar,2
10592,uQoDmiMoXHg,Jai shree ram 🙏🙏 elvish bhai,1
10593,uQoDmiMoXHg,Bhai kiska phone aaya ta,1
10594,uQoDmiMoXHg,Sorr yrrr elvish aap mujhse milne ke liye itni dur jaipur aa gye or mujhe dekho me sikar se jaipur nhi aa skta kisi kam ki wjh se aap se milne ke liye🤩🤩Elvish bhai aap ke bolne ka jo style h na kti jahar h love u elvish bhai🖤🖤🖤,0
10595,uQoDmiMoXHg,Elvish bhai piche botle rakhi vi 😁😏😂 And love u bhai,0
10596,uQoDmiMoXHg,Bhai ap drink kar ta ho kya,0
10597,uQoDmiMoXHg,"Bhai tumhari hr video dekhta hu or share krta hun pr rajsthan ke vlogs or is vlog me bhi jis tarah raja rani ko adress kr rhe ho tum bht gndi language hai, tumhare liye honge majak sbke liye nhi hain kisi ke itihas ka hissa hain wo isly thode tameez me bola kro hr kisi ka mjaak mt bnaya kro",0
10598,uQoDmiMoXHg,Kosli meetup rakhiyo bhai  love from kosli rewari,0
10600,uQoDmiMoXHg,9:56 pee pause krlo bhai 😏😏😏,1
10601,uQoDmiMoXHg,Rajputana riyasat 🚩🚩🚩🚩🚩,0
10602,uQoDmiMoXHg,Bhai please don't make fun...,0
10603,uQoDmiMoXHg,9:56 Who noticed dharu🍺🍺😘😘😘,1
10604,uQoDmiMoXHg,"Jaipur ke price h ""padanabh singh"" unhe lke vlog bnao bhai... Jab pta chalegi aapko asli royalty",0
10605,uQoDmiMoXHg,Royal Rajasthan....❤proud Rajasthani,0
10606,uQoDmiMoXHg,9:55 piche daaru ki bottle dikh gai bhai😁😂❤,1
10607,uQoDmiMoXHg,Elvish bro exposed at 9 57 😂,1
10608,uQoDmiMoXHg,Welcome in Rajasthan vrooo...... Feel our Royalty 🔥✌,5
10612,uQoDmiMoXHg,Lgi kaise gaadi bhai ye to bta dete,0
10613,uQoDmiMoXHg,9:58 peecha daru ha,1
10614,uQoDmiMoXHg,https://youtu.be/_gzt-qoHeUQ,0
10615,uQoDmiMoXHg,Drinks at 9:56,0
10616,uQoDmiMoXHg,Jack Daniels pite ho🤩,0
10617,uQoDmiMoXHg,Bhai piche bottle kiski rakhi thi 😏😏😏😂,0
10618,uQoDmiMoXHg,9.58pe dhyaan se dekhna😂,0
10619,uQoDmiMoXHg,9:55 Rummm 😀😀,1
10621,uQoDmiMoXHg,10:10 ye peeche bottle daaru ki h kya 😏😏,0
10622,uQoDmiMoXHg,Elvish bhai daru kon Peeta hai JD or BLACK DOG dikhri hai 9:56,0
10623,uQoDmiMoXHg,Archit bhai ka pahla baccha Mubarak ho pyare bhai usko apna doodh pila dijiye 🙏🙏🙏,0
10624,uQoDmiMoXHg,Daru 🥃 9.57 😂😂,0
10625,uQoDmiMoXHg,10:07 piche dekho pichee,0
10626,uQoDmiMoXHg,9.57 daaru ki bottle 😂😂,0
10627,uQoDmiMoXHg,Bhai lub from muzaffarnagar💓💓,0
10628,uQoDmiMoXHg,Bhai nice vlog Love from tripura India,0
10629,uQoDmiMoXHg,9:53 background bottle's aaji haan😂,0
10630,uQoDmiMoXHg,9:54 Daru ki bottles support,0
10631,uQoDmiMoXHg,Toilet seat k hath se hi apple kha liya wahh😂😂,0
10632,uQoDmiMoXHg,Mane dekh liya bahi mx player pe 👍,0
10633,uQoDmiMoXHg,Elvish bhai drink karto app ... peeche botal rakhi hain,0
10634,uQoDmiMoXHg,Bhai 10:06 pr dyan se piche dekhe,0
10635,uQoDmiMoXHg,Jaipur me konsi jagah h bhai,0
10636,uQoDmiMoXHg,Bhai wapis aate fathepur sekeri bhi aao na,0
10638,uQoDmiMoXHg,Jai shree ram bhai 🙏❤️,0
10639,uQoDmiMoXHg,Bhai daru ki botal dikh gayi vlog me 9.55 par,0
10640,uQoDmiMoXHg,Mere papa ne to take Billi bhokal 2😂😂,0
10642,uQoDmiMoXHg,Elvish bhai dog ko dek ke hee khaha  le aaye re😅😅,0
10643,uQoDmiMoXHg,Bhai daru ki bottle dikh gi 😂😂,0
10644,uQoDmiMoXHg,Elvish bhai.  Khali boltes ko fek diya karo ya chupa diya kro.. aajj to tum pakde gye..  2 2 bottel ke sath 😜😜😜,0
10645,uQoDmiMoXHg,Elvish bhai peche daru ki bottle rhki h Bo bhi sasti wali,0
10646,uQoDmiMoXHg,Ye kaisa sharap bhai ..Sath pidi tak santan nahi hogi.. System to ek me hi khatam ho jayega 😂,0
10647,uQoDmiMoXHg,Phele din Dekliya bhaukal 😇😇😇😇,0
10648,uQoDmiMoXHg,Daru ke bottle rakhe h lamp table pe notice kro guys 9:51 se start kro video ko aur deekho,0
10649,uQoDmiMoXHg,Bhai pichee wine ki bottle thi,0
10650,uQoDmiMoXHg,*17:04** saat peedhe tak santaan nahi hogi...matlab saat peedhi kiski hogi*,0
10651,uQoDmiMoXHg,https://youtube.com/shorts/-gwYge-LhDE?feature=share,0
10653,uQoDmiMoXHg,9.52 meh daru ki bottle dikh gai h 😂😂 jd aur black label op 😂😂,0
10654,uQoDmiMoXHg,BhUkal 2 kabki aagayi,0
10655,uQoDmiMoXHg,Super bro 🤗❤️,0
10656,uQoDmiMoXHg,bhai shab system ❤❤❤😂😂😂no. 1 seen,0
10657,uQoDmiMoXHg,9.55 min par piche kya rha hai,1
10658,uQoDmiMoXHg,9:55 piche kya rakha hai 😏,0
10659,uQoDmiMoXHg,9:55 daru daru daru... 😁,0
10660,uQoDmiMoXHg,Elives bhai alwar aaoge na,0
10661,uQoDmiMoXHg,13:40 daaru ki bottle 😂🤣😂,0
10662,uQoDmiMoXHg,daaru ki bottle kiski h elvish bhai tum sbh me se toh koi peeta hi naa 😂😂🤣🤣,0
10663,uQoDmiMoXHg,Awesome rajasthan trip with Ajju bro🔥🔥🔥,0
10664,uQoDmiMoXHg,9:59 daru in the house,0
10665,uQoDmiMoXHg,9:55  daru ha piche 😂😂😂😂,0
10666,uQoDmiMoXHg,Bhai tere bed ke paas sarab ki botal rakhi hai 😂,0
10667,uQoDmiMoXHg,Bottal kis kis n dekh li😂😂😂❤️… like krdo,0
10668,uQoDmiMoXHg,Love from assam,0
10669,uQoDmiMoXHg,Bhai fortuner vs scorpion race karo,0
10670,uQoDmiMoXHg,10 sec me peeche bottle 🍼 dikhri hai bhai chupa do 🤣🤣🤣🤣,0
10671,uQoDmiMoXHg,Fortuner be like pata nahi har bar headline  me ma apna ap hi agge kasa ah jati hi 😂😂❤️ lots of love elvish bhai❤️❤️💕,1
10672,uQoDmiMoXHg,Sagar.Prasad,1
10673,uQoDmiMoXHg,Sagar.Prasad,1
10674,uQoDmiMoXHg,Sagar.Prasad,2
10675,uQoDmiMoXHg,Bhaii tum bhi daaru peete ho,1
10677,uQoDmiMoXHg,Maine dekh bhi liya session 2,0
10678,uQoDmiMoXHg,Selmon lite,0
10679,uQoDmiMoXHg,Bahi piche to daru rkhiii h 🤣🤣(9:56) 🍾🍾,0
10680,uQoDmiMoXHg,You are top vloger,0
10681,uQoDmiMoXHg,Baaki bhai ko dil se support hai,0
10682,uQoDmiMoXHg,Elvish bhai agr fort jesi jgh hi stay krna h to neemrana fort try kro jgh ni dekhi hogi aisi,0
10683,uQoDmiMoXHg,Bhai daaru ka bottel dikh rha hai🤣😂,0
10684,uQoDmiMoXHg,Bhai app daru bhi piye ho na 9:55 pe piche do bottel dikh rhi h,0
10686,uQoDmiMoXHg,Brother bhaukal season 2 kab ka aa gaya 10 din hue 20 ko aaya tha,0
10687,uQoDmiMoXHg,elvish bhai eshika rao se shaadi kar lo vo bhi gurugram me hi rahti h,0
10688,uQoDmiMoXHg,Bhaii. Daaru ki bottle to hata dete 😁,0
10689,uQoDmiMoXHg,9:59 yeh picha kya rakha h ? 😶,1
10690,uQoDmiMoXHg,Bhai piche jack Danial padi he na 😂😂,0
10691,uQoDmiMoXHg,Bhai wanha piche apke kamre mai botal rakhi thi bhai Samjhe na 😂,0
10692,uQoDmiMoXHg,Apne chittorgarh miss Kar diya,1
10693,uQoDmiMoXHg,Jai shree ram elvish bhai 🚩🚩🚩🚩,0
10694,uQoDmiMoXHg,7:13 elvish bhai ko filmo mei kaam mil sakta hai mast acting beedu 😂😂,1
10695,uQoDmiMoXHg,Daru pata ho aapp,0
10696,uQoDmiMoXHg,Jay mata de elvish bhai✨✨,2
10697,uQoDmiMoXHg,Bhai jo bhi raja tha uski respect karo. Khali social media par hindu hindu karte ho. Jo hindu raja hai unki respect nhi karte ho,0
10698,uQoDmiMoXHg,Bhai ak no vlog love from gurugram😍,1
10699,uQoDmiMoXHg,Hoga koi aap se bada vloger lekin asli vloger  to elvish bhai hai love you elvish bhai ❤🤜🤛❤,1
10700,uQoDmiMoXHg,At 9:54 we can see the bottles of alchol at the back of archit which means they were drinking there Elvish Yadav also drinks alchol we don't know about this. 🙂,19
10701,uQoDmiMoXHg,Bhai 1 no vlog,1
10703,uQoDmiMoXHg,Bro I watched bhaukal 2 it is awesome,0
10704,uQoDmiMoXHg,9:55 p ye kya dikh gya bhai daru chlri h fulll,0
10705,uQoDmiMoXHg,Elvish bhai tum daru Pete ho 9.56 🤣 ♥ 😂 koi btt nhi I love u❤❤❤❤❤❤,1
10707,uQoDmiMoXHg,Bhai toilet maine kon apple khata hai,0
10708,uQoDmiMoXHg,Bhoukal ka pradeep nagar mera rishtedaar hai,0
10710,uQoDmiMoXHg,Love your vlogs♥️🔥,0
10711,uQoDmiMoXHg,Wah kya seen tha chhat par,0
10713,uQoDmiMoXHg,Bhai ajju ko akela kyu Chod dete Ho bhai,0
10714,uQoDmiMoXHg,Elvish bahi daru ki botal thi bed ka pas,0
10716,uQoDmiMoXHg,Vlog .....sbse best elvish sir ka ❣️,1
10717,uQoDmiMoXHg,Agar kbhi haridwar aao to batana,2
10718,uQoDmiMoXHg,Bhai Amer ke kile me bhi jana,2
10719,uQoDmiMoXHg,9.55 jack daniels 😂⛔,0
10720,uQoDmiMoXHg,Daily vlog dekhta hu,0
10721,uQoDmiMoXHg,Aur aaju bhai k bhi,0
10722,uQoDmiMoXHg,Elvish bhai aapke vlog bhot bhdia lagte hai mere ko,0
10723,uQoDmiMoXHg,Aar maine jbhi dekh li thi,0
10724,uQoDmiMoXHg,Bhai bhaukaal season 2 to 20 ko aa gayi thi,0
10725,uQoDmiMoXHg,Amazing vlog elvish bhai,0
10727,uQoDmiMoXHg,Jaipur ❣️🌍🙏,0
10728,uQoDmiMoXHg,1no..  bhokhal bhi or elcish yadav bhi,0
10729,uQoDmiMoXHg,9:55 peeche kis chiz ki bottles hai?😂,0
10730,uQoDmiMoXHg,Elvish bhai 9:55 pe peeche daaru ki botal rakhi h 😅😅,1
10731,uQoDmiMoXHg,https://youtube.com/shorts/-gwYge-LhDE?feature=share,0
10732,uQoDmiMoXHg,#quickfitness11,0
10733,uQoDmiMoXHg,Maafi maang,0
10734,uQoDmiMoXHg,Elvish Bhai coke me mila ke pe rhi ho 🥃🥃,0
10735,uQoDmiMoXHg,"Bhai tera har vlog me accident hi hota hai, view ke liye mat kiya karo ye sab",0
10736,uQoDmiMoXHg,9:57 pe elvish bhai ke peeche bottle ho bottle h 😁,0
10737,uQoDmiMoXHg,https://youtube.com/shorts/-gwYge-LhDE?feature=share,0
10738,uQoDmiMoXHg,Bhai season 2 agya,0
10739,uQoDmiMoXHg,24 min Dhaakad entertainment🔥💗,2
10740,uQoDmiMoXHg,Bhai dekh liye bhaukal 2 ke sare episodes 😎😎😎,0
10741,uQoDmiMoXHg,Elvish Bhai 🔥🔥🔥,0
10742,uQoDmiMoXHg,Jai garh me bhi hui thi bhai Amer me padmavat ka shoot hua h,0
10743,uQoDmiMoXHg,Love you bro ❣️,1
10744,uQoDmiMoXHg,"Bhai jaipur me to kafilaa machaa diya tha chakka zaam ho gya ,Hum yadavo ke balak h halke me lerr dikkk✌️",1
10746,uQoDmiMoXHg,Dari chal rhi h bhi Rao shab 🤣🤣🤣,0
10748,uQoDmiMoXHg,10min pe dekho peeche daaru dikh rahi hai bhai dikhadio karo daaru ke baad vaali bakchodi bhi jab peete ho toh danke ki chot pe piyo,0
10749,uQoDmiMoXHg,Elvish saari kisste yahi se Nikal lega .... Vlog kar ke😂...Jai Shree Krishna....🙏,0
10750,uQoDmiMoXHg,Maine bhaukal ka season 2 1 week pehle hi dekh liya MX player mein .....,0
10751,uQoDmiMoXHg,9:56 pr piche table me maamla dikh gya bhai logo ka 😂😂😂 bottle he bottle 😁😎😂,0
10752,uQoDmiMoXHg,Bhai app bhi gau mata ke liye kuch karo,0
10753,uQoDmiMoXHg,Bhai daru maja a gaya dekh ke muh mai pani a jata hai daru dekh k🤣🤣🤣,0
10754,uQoDmiMoXHg,Chittorgarh padmawat,0
10755,uQoDmiMoXHg,Bhai love from muzaffarnagar 😅❤️,1
10756,uQoDmiMoXHg,Elvish bhai vootke ki bottle toh chupa dete bahi 😅😅 mujhe dikh gyi 😅,0
10757,uQoDmiMoXHg,Bhai pee ke blog mat kia karo 😂😂Wtw jai Shree Ram bhai 🙏🙏🙏,0
10758,uQoDmiMoXHg,Elvish bhai Daaru konsi Padi hai😂,0
10759,uQoDmiMoXHg,Bhai    aap gujrat aai ye   ... Gir me asiantic lion dekhane ke liye....      aajubhaj ko  satha leke aayega....💝💝   KUCHA din gujaro hamare gujrat me...🙏🙏pls  bhai ek bar aai ye,0
10760,uQoDmiMoXHg,Bas karo bhai kitna fortunes fortuner kar raha hai fortuner ka paisa kya vlogs se hi kamainga👿👿👿,0
10761,uQoDmiMoXHg,9:50 pei daru ki bottle dikh gyi 😂😂,0
10762,uQoDmiMoXHg,Daru ki bottle kya kr rhi hai waha 😂😂,0
10763,uQoDmiMoXHg,Jai Shri Ram 🙏,0
10764,uQoDmiMoXHg,Bhai maza aayegaJai shree ram,1
10765,uQoDmiMoXHg,Bhai galt bat hai Aju bhai ko akele akele travel krwa rhe ho jab ki bhai ki halt bhi Sahi ni thi kam kam ek toh Seth mai car mai travel kr skate the bade bhai ke Seth agr kuch ho jate fr tam kia krte 3 no Bhai galt baat hai Seth aya hai toh ek unke seth bhi car mai hona chichye the,0
10766,uQoDmiMoXHg,Elvish bhai mehal ka naam bata do 12 saal baad shadi ke baad wife ke sath jaunga.,3
10767,uQoDmiMoXHg,bhaiya daru kibolte to picpa lete🤣🤣🤣🤣🤣🤣,0
10768,uQoDmiMoXHg,Kirti k sath vlog kb aayegi bhai Hme kuch sk ho rha hai 🙏,0
10769,uQoDmiMoXHg,Can anyone tell whats the hotel name in which elvish bhai stayed in jaipur?,0
10770,uQoDmiMoXHg,Bhai Fortunar ko thumbnail me laga laga ke pura wasool kar hi maanoge 😛😛Aaj kal jo v aapke sath ho raha h sab me Fortunar aa raha h...😂😂😂,0
10771,uQoDmiMoXHg,Bhai 4baja jal mahal gya tha kya,0
10772,uQoDmiMoXHg,Bhai japiur mn hmara school tour gya tha bhai,1
10773,uQoDmiMoXHg,9:55 dikha kuch chill kar rhe ho 😁🍾🍾,0
10774,uQoDmiMoXHg,I am from muzaffarnagar,1
10775,uQoDmiMoXHg,Bhai ap kab se daru pine lag gay,1
10776,uQoDmiMoXHg,Bhai to panata laga,0
10777,uQoDmiMoXHg,"Bhai culture ka bhut mazak uda rhe esme bhai, hum hindu hokr humare hindu rajao ka ese hi mazak kare ge kya bro 👎🏻. ""This tm not funny bro""",1
10778,uQoDmiMoXHg,9.53 bhai teacher and black dog 😂😂,0
10779,uQoDmiMoXHg,Sarkari malik ka sarkari billa,0
10780,uQoDmiMoXHg,9:57 pr archit ke piche daru ki bottle rakhi h,0
10781,uQoDmiMoXHg,Legends Know Jack Daniel ChaL Rahi Thi 🤭✔️,1
10782,uQoDmiMoXHg,Elvish Bhai background music mst h yr🔥,0
10783,uQoDmiMoXHg,U r best u tuber bhai love u 🤩,0
10784,uQoDmiMoXHg,Jai srikrishna Radhe Radhe 🇮🇳🙏,0
10785,uQoDmiMoXHg,10:00 bhai jack daniels dekhlo 😂🔥,0
10786,uQoDmiMoXHg,1 se pahle aata hai 0 Elvis h bhai aap ho hero,0
10787,uQoDmiMoXHg,Elvish bhai aap Peete ho?,0
10788,uQoDmiMoXHg,Aaj pehli baar daaru dekhi aapke vlog mei,0
10789,uQoDmiMoXHg,Elvish bhai tamiz se raniyo wgera ka mjkkkk ek hdd tk hota h,0
10790,uQoDmiMoXHg,bhaangarh ke kile me bhi toh jaa,0
10791,uQoDmiMoXHg,Bhai ek baar kataria ke ghar toh aajao,0
10792,uQoDmiMoXHg,Name of the hotel,0
10793,uQoDmiMoXHg,9:50 archit tapatap king😂,0
10794,uQoDmiMoXHg,#BHAI #JAIPUR m kha,0
10795,uQoDmiMoXHg,Bhai aap suar ke bolate ho Ajju se,1
10796,uQoDmiMoXHg,Elvish bhai bottle dikh gayi,0
10797,uQoDmiMoXHg,bhaukaal hamare state ki hai mai bhi muzzafarnagar ka hi hu,0
10798,uQoDmiMoXHg,Waiting for meet up video bro,0
10799,uQoDmiMoXHg,Bhai jaipur me ram bhag palace Hotel sbse best h,0
10800,uQoDmiMoXHg,0:37 hamaare paas hai ek😂,0
10801,uQoDmiMoXHg,Bhai verna ka accident yaad ha kya,0
10802,uQoDmiMoXHg,Bhai maharana pratap ka rajputana killa bhi dikho ❤️,1
10803,uQoDmiMoXHg,Elvish Bhai be like - promotion aise karunga kisi ko pata bhi nahi chalega,0
10804,uQoDmiMoXHg,https://youtu.be/HKAlvQQdXwo,0
10805,uQoDmiMoXHg,9:59 piche daru k bottle 😂😂,0
10806,uQoDmiMoXHg,Bhai Aap Ko bhut Supporte krte h plz bhai Aap history ke saath Majak mt kijiye,0
10807,uQoDmiMoXHg,#bhaukal2 I'm from muzaffarnagar the crime city,0
10809,uQoDmiMoXHg,9:55 per table per dekho,0
10810,uQoDmiMoXHg,Elvish ap drink karte ho🙄🙄😱😱😱😱😱😱😱😱😱😱😱😱😱😱😱😱😱😱😱😱😱😱😱😱😱😱😱😱😱😱😱😱😱😱😱😱😱😱😱😱😱😱😱😱😱😱😱😱😱😱😱😱😱😱😱😱😱😱😱😱😱😱😱😱😱😱😱😱😱😱😱😱😱😱😱😱😱😱😱😱😱😱😱😱😱😱😱😱😱😱😱😱😱😱😱😱😱😱😱😱😱😱😱😱😱😱😱😱😱😱😱😱😱😱😱😱😱😱😱😱😱😱😱😱😱😱😱😱,0
10812,uQoDmiMoXHg,9:56 Jack Daniels and blenders pride,0
10813,uQoDmiMoXHg,Black dog nazar aagyi🤣,0
10814,uQoDmiMoXHg,9:55 ya Picha kya rakha h 😂😂😂😋,0
10815,uQoDmiMoXHg,Bhai daaru ki bottle ke kr rahi hai 😂😂🥴 keseee peete dikk rahe ho,0
10816,uQoDmiMoXHg,Bhokal series me gangster gujjar h or ips yadav h💪💪,0
10817,uQoDmiMoXHg,Jis di aaya tha bhokhal ka saeson 2 jab hi dakh liya tha 😂😂,0
10818,uQoDmiMoXHg,Background Music Plzz,1
10819,uQoDmiMoXHg,Elvish bhai ke Bed ke sath rum ki bottle thi,1
10820,uQoDmiMoXHg,Amer fort hai bhi yha pa mai pura ghym,0
10821,uQoDmiMoXHg,Nahar garh me killa mast hai bhai👍,0
10822,uQoDmiMoXHg,9:56 pe kuch hai peeche,0
10823,uQoDmiMoXHg,Bhai Nahargarh Zoological Park jrur jaiyega,0
10825,uQoDmiMoXHg,Vai aa gaya 2vi,0
10826,uQoDmiMoXHg,9:58 bhai bottle dikh rahi hain 😂😂😂  🥃,1
10827,uQoDmiMoXHg,Bhai dekh liye Maine to season 2 ke 10 episode,0
10828,uQoDmiMoXHg,Bhai piche srab ki botel ha ao srab pite ho,0
10829,uQoDmiMoXHg,jai shri ram,0
10832,uQoDmiMoXHg,Bhai mein Himachali driver hu dil jeet liya uss baat ne❤️❤️❤️❤️,0
10833,uQoDmiMoXHg,Vaii tumha ak santali youtuber na rost kiya haaWo kah raha haa ki aap santali cust ko bura vala bol raha hoo ......,0
10834,uQoDmiMoXHg,Dedhaaa character is best,0
10837,uQoDmiMoXHg,https://youtu.be/CMUY-eKi38I,1
10838,uQoDmiMoXHg,9.56 me oldmonk ki bottle 🤣,0
10841,uQoDmiMoXHg,Elvish bhai ne Jaipur mai jam laga diya. JÂÏ shree Ram 🙏🚩🚩,3
10842,uQoDmiMoXHg,Mja aagya vlog main 🥰🥰🥰🥰🥰🥰,0
10843,uQoDmiMoXHg,9:56 per dekho mast bottle rakhi ha picha 🤣 JD + BP  🤣💯😍,0
10844,uQoDmiMoXHg,Bhai bhindi ke itne shokeen kyo ho ☺️☺️☺️,1
10845,uQoDmiMoXHg,1:44 ke baad hath na dhule Elvish bhai 😂😂,4
10846,uQoDmiMoXHg,Bhai konsa brend he rum ya wisky 🤣🤣,0
10847,uQoDmiMoXHg,9:54 daaru💥💥💥,2
10848,uQoDmiMoXHg,Amer me ruko,0
10849,uQoDmiMoXHg,Hrek video me fortuner likhta hai,0
10850,uQoDmiMoXHg,Shekhawat rajput empire ka mahal ha ya 💯 ...jai rajputana 🚩,0
10851,uQoDmiMoXHg,Who notice daru ki  bottel,0
10852,uQoDmiMoXHg,Elvis bhai mast Aadmi ho aap  God bless you bhai 🇮🇳🙏,1
10853,uQoDmiMoXHg,9:56 pe piche 2 daru ki bottles dikh rhi he,0
10854,uQoDmiMoXHg,9.55 pe... Daaru archit ke piche 😂,0
10855,uQoDmiMoXHg,Session 1 Jada accha ha 2 se,0
10856,uQoDmiMoXHg,Iss hotel ka naam kya h??,0
10857,uQoDmiMoXHg,bhai Alwar Aaja,1
10858,uQoDmiMoXHg,9.55 🤣🤣 daru,1
10859,uQoDmiMoXHg,Elvish bro JD lover kon h 4ro me se 😂😂😂😂😂,0
10860,uQoDmiMoXHg,Bhai 10:00 pe dekho piche daru rakhi hai. Moj kardi Elvish bhai🤣,1
10861,uQoDmiMoXHg,Bhaukaal 2bhi aa gyi h 🤣,0
10863,uQoDmiMoXHg,9.45 it’s Jack Daniel’s 🥃,0
10864,uQoDmiMoXHg,9:55 peeche whisky 🥃 padhi hai😂,0
10865,uQoDmiMoXHg,Jb archit aapke bgl me soya tha,0
10866,uQoDmiMoXHg,"13:59 pr daru ki bottles, aur Elvish bhaiya toh daru pite nhi hai na?🥲",0
10867,uQoDmiMoXHg,Elvish bhai kaun si brand rkhi hui thi,0
10868,uQoDmiMoXHg,Jack Daniel rakhe hai peeche,0
10869,uQoDmiMoXHg,bhai Alwar m kb aavg,1
10870,uQoDmiMoXHg,Welcome to jaipur ❤️,1
10871,uQoDmiMoXHg,https://youtu.be/1Xoq0Y8cM4Mhttps://youtu.be/1Xoq0Y8cM4M,0
10872,uQoDmiMoXHg,9:58 - DARU CHAL RAHI HAI 🥳🥳🥳,1
10874,uQoDmiMoXHg,Jai shri ram🙏🙏 🚩🚩🚩🚩🚩🚩,1
10875,uQoDmiMoXHg,Bhai controversy ho jaegi itna open na ho 😂,0
10876,uQoDmiMoXHg,Elvis Bhai brotomotive Mein De Do gadi theek ho jayegi Inka YouTube par channel bhi hai,0
10877,uQoDmiMoXHg,Bhai dent pe ak47 sticker chapvalo,0
10878,uQoDmiMoXHg,Bhai old monk dikh rhi hai 🤣 wo to chupa lete,0
10879,uQoDmiMoXHg,Peche botal dekh gai😂😂😂😂,0
10880,uQoDmiMoXHg,Bhai leptop kyoo fododo bricks mar do,0
10881,uQoDmiMoXHg,Bhai ek baar lezender vs kia seltos  race 🙏🙏,0
10882,uQoDmiMoXHg,Kya baat hai daru party 🤔,0
10883,uQoDmiMoXHg,Bhai ram ram,0
10884,uQoDmiMoXHg,Daru ki bottle dikh gayi😂😂,0
10885,uQoDmiMoXHg,Bhai apki video leak ho rhi h hotstar bali,0
10887,uQoDmiMoXHg,elvish bhai yeh daaru kon pita hai coke k sath 13.57,0
10888,uQoDmiMoXHg,Kirti didi ka kya sin se bhai,0
10889,uQoDmiMoXHg,PAR JO BOL UNCLE JI KO THUM LOG NE BAHUT PAREHSAN KIYA...........UNCLE JI BE LIKE KAISE KAISE LOG AA JATE HAI 😂😂😂😂,0
10890,uQoDmiMoXHg,Bhai meet up wali video kab daloge,0
10891,uQoDmiMoXHg,Can anyone please tell me the name of this hotel.,0
10892,uQoDmiMoXHg,Jpr Bhai 🙏🙏,0
10893,uQoDmiMoXHg,Jay shree ram ka nara lagate ho or egg khate ho e sahi baat nahi hai,1
10894,uQoDmiMoXHg,09:56 pe piche daaru ki bottle dikh rhi Elvish bhai 🌝🌝😂,0
10895,uQoDmiMoXHg,Bhai daaru ki bottle konsi rkhi h 9:59 mins m dekh ri h,0
10896,uQoDmiMoXHg,The way ur frnds were treating those dogs was very bullshit...as an influencer u must influence others for loving animals...,0
10897,uQoDmiMoXHg,9:55 ko delete kardo,0
10898,uQoDmiMoXHg,Archit ke bad wale scenn me piche duru ki bottle le padi he Elvis bhai drink kar te ho,0
10899,uQoDmiMoXHg,Bhai Kaha H meetup,0
10902,uQoDmiMoXHg,Bhai Archit Ko thoda Kam Beizat kiya kro 😅😅😅🤣🤣,0
10903,uQoDmiMoXHg,10:10 pe archit k piche bottle 😂,1
10904,uQoDmiMoXHg,Bhaiya tune 10 dinen se yehi dal raha kabhi accident ho gyi 200 ki speed dal li 50 cr ka ghar bana diya ...agli video me gadi  gaand me daar dio kesi ke   ..,0
10905,uQoDmiMoXHg,Kisi horror village ya mahal ko bhi visit kriye Rajasthan me bohot hn 😅,0
10906,uQoDmiMoXHg,https://www.youtube.com/channel/UC49BmvntUAN_FQ14Uw6xPoA/featured,0
10907,uQoDmiMoXHg,Hamare gao me hui thi bhukall ki story real,1
10908,uQoDmiMoXHg,Daru ka botel dhik gya 😂😂😂,0
10909,uQoDmiMoXHg,Tum bhai fortuner m hi reh jaoge kya? Vlog toh alag alag rkha kro sb m fortuner,0
10910,uQoDmiMoXHg,Padmawat ki shoot chittodghad me huyi thi,0
10911,uQoDmiMoXHg,Bhai fort mai ajjubhai kahan hai ?,0
10912,uQoDmiMoXHg,Jal mahal ghum aao,0
10913,uQoDmiMoXHg,Dkh bhai tere liye respect bhot h but padmavat kya hove vo maa h hmari maa padmani or jha tum ghumre ho na sb jagah rajputo ki hi h thoda dhang se bola kr,0
10916,uQoDmiMoXHg,Rao saab full form m hai aaj toh 😂,0
10917,uQoDmiMoXHg,9:55 piche daaru ki bottle dikhari😂.,1
10918,uQoDmiMoXHg,Bhai Konsa Mehal h,0
10919,uQoDmiMoXHg,Elvish rock stars 🦁🦁🚩,1
10920,uQoDmiMoXHg,Love u brother ❣️❤️,0
10921,uQoDmiMoXHg,9:56   Kya Chal ra hai hotel me bhai???,0
10922,uQoDmiMoXHg,9:56 full darru chlri h room me 🤣🤣,0
10923,uQoDmiMoXHg,bottle dik gai🤣,0
10924,uQoDmiMoXHg,Jaipur mein kahan per Ho,0
10925,uQoDmiMoXHg,9:58 daaru spoted 😂❤️,4
10926,uQoDmiMoXHg,#Himalayanhusky,0
10927,uQoDmiMoXHg,Pdmawat movie ke sutting chittorgarh me hui the,0
10928,uQoDmiMoXHg,20:35 bhai ye hatalo case cuch ho gayega,0
10929,uQoDmiMoXHg,Are bhai kitni daru ki bottle h side me bed ke,0
10930,uQoDmiMoXHg,Ha bhai us time  jaipur me hi to thi nasbandi ke  super power madical,0
10931,uQoDmiMoXHg,Archit bohot sugla aadmi hai,1
10932,uQoDmiMoXHg,Jack Daniel’s with coke is best 💥,0
10933,uQoDmiMoXHg,Trip kahi ka bhi ho..vlog koi bhi ho..Gadi Ka accident hogya 😱...is common clickbait🤦‍♂️ mat karo bhai itna clickabait ...bina iske bhi dekhenge hum tumhare vlogs! (Just a suggestion as a Fan).....JAI SHREE RAM🚩,4
10934,uQoDmiMoXHg,@ elvish bahi 9:54 pe Rat ko daru party,1
10935,uQoDmiMoXHg,"One best thing about dude is that whenever he achieves something, he never gives the credit to himself. he always respect us,the audience the most and his team too.He is always polite in every of his video. We congratulate ourselves for this achievement. More to come and everything to come. We're always with you ❤️🧡💛.more to come....",7
10936,uQoDmiMoXHg,Bhai bhukal jispe based hai uss country mai me raheta hu,0
10937,uQoDmiMoXHg,Dont disrespect raja and rani in name of comedyElvish bhai aapse bada dharm he To be in limits that's itJahan izzat deni chahiye vahan do🙏,1
10938,uQoDmiMoXHg,Bhai Meghalaya ghum k jao mazza aajayega tumhe,0
10939,uQoDmiMoXHg,Bhai saheb system 😂😂,0
10940,uQoDmiMoXHg,Bhai jack denails or black dog full moj hori h hotel m,0
10941,uQoDmiMoXHg,Daru ki bottle dik gayi 🍾🍾🍾😂😂😂,0
10942,uQoDmiMoXHg,Kirti ke sath,0
10943,uQoDmiMoXHg,108 Rani 108ke 2 bache ..,0
10944,uQoDmiMoXHg,Full daru bazzi bhiya 🤣🤣🤌,0
10945,uQoDmiMoXHg,Elvish bro piche daru ka bottel dikhai de raha tha 😂😂😂,0
10946,uQoDmiMoXHg,9 Rani ko 9 raat me 9 mahine 18bchhe 9 ladke 9ladki 9 ladki ke patii or 9 ladki ke patni 9 ladke ke,0
10947,uQoDmiMoXHg,9:58 drink  🍷,0
10948,uQoDmiMoXHg,Love from Muzaffarnagar bro ♥️,0
10949,uQoDmiMoXHg,Kirti mam kha h??????,0
10950,uQoDmiMoXHg,Bhai inhone aaaju bhai ko bi essi kh,0
10951,uQoDmiMoXHg,9.58 you can alcohol bottles behind 🤣🤣🤣,0
10952,uQoDmiMoXHg,RlElvish bhai side table p daru rakhi thi,0
10953,uQoDmiMoXHg,Elvish Bhai bottel dikh rhi h daru ki video me😄😄😄😄😝😝😝😝😝,0
10954,uQoDmiMoXHg,I love you Guys  🙏,2
10955,uQoDmiMoXHg,Roast kab aayega,0
10956,uQoDmiMoXHg,9:55 pe bottle   Bhai  moj lere ho Puri Jaipur m,0
10957,uQoDmiMoXHg,Khub mja ata hai apka vlog dekhne mai,0
10958,uQoDmiMoXHg,Bhai ye to bhut pehle ki aaa gyi hai 20tarik ko hi,0
10959,uQoDmiMoXHg,"I think this video is shooted 3 days before , as he is talking  about meetup qhich is cancelled",0
10961,uQoDmiMoXHg,Bhai picche daru ke botle spot ho rha hai bhai 10:06,1
10962,uQoDmiMoXHg,Bhaiya daru wali bottle side kr do warna log dekh lenge,0
10963,uQoDmiMoXHg,"Vaukaal s2 utna aaxa nahi haiii, jitba s1 hai",0
10964,uQoDmiMoXHg,swad aa gaya bhai Elvish tumhra feature bright ha moj kar di,1
10966,uQoDmiMoXHg,Bhai 9.59 to 10.5 par daru ki bottle dekh rahi h side kr do,0
10967,uQoDmiMoXHg,9:55 hum ne kuch nhi dekha 😂😂,0
10969,uQoDmiMoXHg,Mai jaipur me hi hu,0
10970,uQoDmiMoXHg,Us seen mai archit or tu sath laatee the archit ke pichee thi do botal,0
10971,uQoDmiMoXHg,Jaipur ho kya bhaii abhii?,0
10973,uQoDmiMoXHg,Rao sahab ke  chhora ne jaipur me  grda ura diya,1
10974,uQoDmiMoXHg,Bhai daru ki bottles rkhi h 9:57 prr 😂😂🤣🤣,0
10976,uQoDmiMoXHg,Bhai pichee darru ki botal rakhiu hai pitaa hai kya tu,0
10978,uQoDmiMoXHg,Jaipur me aapko kasa lag rha h 🥰,0
10979,uQoDmiMoXHg,10:00 ...bottle kis kisko dikhi 🤣🤣,0
10980,uQoDmiMoXHg,9:55 see there is bottle of alcohol,0
10982,uQoDmiMoXHg,Mazzza aaya bhai 😂😂😂😂,0
10983,uQoDmiMoXHg,Gokulpura aao kabhi milne,0
10984,uQoDmiMoXHg,10:9 op seen🤣 Bhai edit krna bhul gye,0
10985,uQoDmiMoXHg,Tu  vlog kam bakchhodi jyada krta h,0
10986,uQoDmiMoXHg,Stop taking Archit in your vlogs. He is really stupid by his words and acts. So useless and have zero sense also disturbs whole vibe in video,0
10987,uQoDmiMoXHg,Aare elviah bhai kaafi nuksaan ho gaya isko theek krvane mai to nai gaadi aa jaigee😂😂,0
10988,uQoDmiMoXHg,Bhai padmavat ki shooting chittor garh fort m hui thi,1
10989,uQoDmiMoXHg,Archit is best part of your vlogs,1
10990,uQoDmiMoXHg,9:54 de daru de daru 😂😂,0
10991,uQoDmiMoXHg,From Muzaffarnagar up-12,0
10992,uQoDmiMoXHg,Elvish bhai kon hi brand pi hai 😂😂 2 bottle rakhe pade hua h,0
10993,uQoDmiMoXHg,Elvish bhai kon hi brand pi hai 😂😂 2 bottle rakhe pade hua h,0
10994,uQoDmiMoXHg,Elvish apka face mere bhai jesa h,0
10995,uQoDmiMoXHg,10:5 pe dekho table pe,0
10996,uQoDmiMoXHg,Bhai itna phle vlog mat dala kro 1 din ka hi gap rkh lo,1
10997,uQoDmiMoXHg,9:56 Pe Bottle 🍾 Bhai Ek Number 😂😂,0
10998,uQoDmiMoXHg,Tum Daru Pite Ho,0
10999,uQoDmiMoXHg,muzaffarnagar ❤️,0
11001,uQoDmiMoXHg,Devesh dixit bhai ki video dekhna yeh video dekhne ke baad vloggers pe kaafi accurate lagegi 😂,0
11002,uQoDmiMoXHg,❤️❤️#shivatripathivlogs,0
11003,uQoDmiMoXHg,dikh gyi daaru xDD,0
11004,uQoDmiMoXHg,bhaukal S2 ka mast promotion kar diya vai ne😂,0
11005,uQoDmiMoXHg,Elvish bhai background sound naam ❤️❤️,1
11006,uQoDmiMoXHg,Jai sheeri Ram 🙏,0
11008,uQoDmiMoXHg,Are Elvish bhai 9:45 piche Jack Daniels to hata dete 😂👍🏻,0
11009,uQoDmiMoXHg,Kutto se yaad ayi apna mark ni dikha kbse🙄 kriti didi ne kha rkh dia use,0
11011,8z_YVi-NycI,Please don't traumatic the poor child it's not good,0
11012,8z_YVi-NycI,Seval Kar Di Teri Kesari leaf Mil Gaya,0
11013,8z_YVi-NycI,Naic ❤ photo,0
11015,8z_YVi-NycI,Bhaiya maja a Gaya bacche ke sath aapko majak karte hue😂😂😂😂,0
11016,8z_YVi-NycI,Bhai aap ka Chhota bhanja bohot cute hai bohot bohot 😘,0
11017,8z_YVi-NycI,elvish k mama ki beti bhut khush naseeb hai jo pas bethi hai m me hoti mamma ki beti😂😂,0
11018,8z_YVi-NycI,Ye. Shub. Hae❤❤❤❤,0
11019,8z_YVi-NycI,Nice and cute family ❤❤,0
11020,8z_YVi-NycI,Krishna bheel banswara,0
11022,8z_YVi-NycI,I love you Elvish bhai❤😘,0
11023,8z_YVi-NycI,❤ Elvish  wow  eman,0
11026,8z_YVi-NycI,Elvish bhaiya first question kya aapke ghar walon Ko pata hai ki aap aapki girlfriend hai second question ki aap shaadi kar aap shaadi kab karne wale ho aur bhabhi ka naam kya hai say yes ya no and tell the truth that your girlfriend is there on this is a only joker what and come and please because I am fan of your 😊❤❤❤,0
11028,8z_YVi-NycI,I am Mishal your big fan,0
11029,8z_YVi-NycI,bhai bacho ko balconcony aur ac se dur rakho,1
11030,8z_YVi-NycI,love a tons elvish bhai.....congrats elvish bhai sab ki jaan❤️💛❤️,1
11031,8z_YVi-NycI,Elvish bhai are you big fab❤❤❤,0
11032,8z_YVi-NycI,Kirti didi missing,0
11033,8z_YVi-NycI,Elvis bhai kahan Gai aapki army Delhi Uttam Nagar mein Tarun Bhai ki hatya kar di mullu Ne support karo,0
11034,8z_YVi-NycI,Bhai apke papa kha h,0
11036,8z_YVi-NycI,Elvish bhai bass itna bata do ki apne jo gale mai chain pehni hai woh hai kiski kyuki kabhi woh aap pehnte ho too kabhi samarth pehnta hai,0
11037,8z_YVi-NycI,Bhaiya apke vlog mein uncle nahi dikhte kaha hai aunty dikhti hai acha lagta but uncle ko bhi laiye please,0
11038,8z_YVi-NycI,Bhai mujhe muvi ke liy bat krni h,0
11039,8z_YVi-NycI,Elvish bhai kya Aapse kontekt,0
11040,8z_YVi-NycI,1:56 varanya nahi tum ghar hila rahe ho abhi to 😂😂,0
11041,8z_YVi-NycI,Doc ko target milta hai itne ka business aap ko dena hai sales wale bando se bhi bura haal hai unka.,0
11042,8z_YVi-NycI,Bhai bread ko toast kr lo,0
11043,8z_YVi-NycI,Bhaii yeh cutiya kya sochta apne bare me,0
11044,8z_YVi-NycI,Love you bhai ❤,0
11045,8z_YVi-NycI,Akser   chote   bacahe    mama  per  susu  karte  hae   ❤❤❤❤❤❤,0
11047,8z_YVi-NycI,Papa ji kaha hai bhai?,0
11049,8z_YVi-NycI,https://youtube.com/shorts/MmyY2QTQDnQ?si=fVDi3cndjZIc42JR,0
11050,8z_YVi-NycI,Only English speaking,0
11051,8z_YVi-NycI,https://youtube.com/shorts/fURU9Axdu-Q?si=u-Bo452cGqYMiQ_m,0
11054,8z_YVi-NycI,So sweet 💗💗💗💗💗💗💗 family vary nice 💯💯💯💯💯💯 hai,1
11055,8z_YVi-NycI,Rao Sahab is totally anvay paglu,0
11056,8z_YVi-NycI,Kans jesa mama 😂😂,1
11057,8z_YVi-NycI,Bahut badhiya lagta hai Elvis ko aise dekh kar❤❤❤❤,0
11058,8z_YVi-NycI,*👶- Le moot diya tere systum te*,0
11059,8z_YVi-NycI,Bhaiya please ek help kr do please 🙏🙏🙏🙏🙏🙏🙏🙏🙏🙏🙏🙏🙏,0
11060,8z_YVi-NycI,"Bhaiya gaav ke kisi ko, india ke kisi ko helper rakh leta bangladeshi ko kyu rakha hai",0
11061,8z_YVi-NycI,Fish 🐟 0:30 farak rhi hai shark ne pakad liya 😂,1
11062,8z_YVi-NycI,So cute chuku,0
11063,8z_YVi-NycI,Namaskar bhai please help gardjiena bhai ghar banane ke liye bhai please help me 🙏😭,0
11064,8z_YVi-NycI,Elvish do not do beta jee Kids brain so sensitive. will impact on his or her growth . Our and your gen time was diffident. Bless you,0
11068,8z_YVi-NycI,Anyone 2026,0
11069,8z_YVi-NycI,Home tour ke liye attendance 🏠,1
11070,8z_YVi-NycI,Bhai apna past ma kya kya dalatha. Plz rasep😊i,0
11072,8z_YVi-NycI,Elvish Bhai ❤❤,0
11073,8z_YVi-NycI,Mama❌ kans mama✅,0
11074,8z_YVi-NycI,Rules are for others; RAO SAHAB create the vibe...🌟Jay Shree Ram 🙏🏻one of fav vlog ... but aapka vlog new years se kyu nhi aate hai?! bina apke vlog k hmara system out of control ho jata hai... mere jaise  log repeat kr rahe hai vlogs...😮,1
11076,8z_YVi-NycI,Elvish youtube india se milo❤❤,2
11077,8z_YVi-NycI,ROM Rom bhai,1
11078,8z_YVi-NycI,Eh greeb hoeya ameer hun ja key,0
11079,8z_YVi-NycI,Elvish ku ignore ye elvish se sorry bulve sakhti hai ye power sirf varanaya me hi ju Elvish ku ignore bhi kare sakhte hai aur sorry bhi bulva sakhte hai ❤❤,1
11080,8z_YVi-NycI,Elvish varanaya ku kitne pyar se beta bole rehi ❤❤,0
11081,8z_YVi-NycI,Nice vlog ❤ful of entertainment 😂😂😂,0
11082,8z_YVi-NycI,Elvish anvay chakku full of entertainment ❤ elvish ku puri family ke sath dekhe bhot acha lagte ❤,0
11083,8z_YVi-NycI,Bhai dinesh bhai karta kya hai unka kya business hai,0
11084,8z_YVi-NycI,Hyyy elvish bhaiiii. 😊,0
11085,8z_YVi-NycI,So cute family elvish I love elvish your family ❤❤❤❤❤,0
11086,8z_YVi-NycI,Happy bhirtday,0
11087,8z_YVi-NycI,Aap Rudrapur ka ho,0
11088,8z_YVi-NycI,Beautiful family my god❤,0
11090,8z_YVi-NycI,7:09 le bhai system ke uper mut diyq 😂😂😂😂😂,1
11091,8z_YVi-NycI,Joker back wah bhi new style me matlab jokar ko boss bana ke bhejo bhai kasam se apki vedio kabiliyat mai dily you tube pe ata facebook pe mummy kasam mujhe youtube pe aur koi kaam nahi apki vedio ka wait study aap se kar leta revision khud se you tube ki jarurt nahi h but apke vedio ke liye kholta apse request h humble request to you plz vedio jaldi jaldi lao yaar aap apki 1 se leke abhi tak ka sari vedio dekha hu,0
11093,8z_YVi-NycI,Super duper Very nice Good 😎😎😎😎😎😎😎😎,0
11095,8z_YVi-NycI,40000 billions like share or subscribe Rahul Singh yadav😎😎😎😎😎😎 jharkhand old fan 2017,1
11096,8z_YVi-NycI,Bhaiya  ye feko fako wala kaam mt karo bhai dimag me asar hota hai baccho k,1
11097,8z_YVi-NycI,Apke papa kaha hain aj kal video me nahi ate hai,0
11098,8z_YVi-NycI,https://youtu.be/BowxSrNd3po?si=ImHsXxI5PBo6ov8C,0
11099,8z_YVi-NycI,Jannat ko aapke ghr invite kro❤,1
11100,8z_YVi-NycI,Bhai rajasthan aayo tb karauli ke madan mohan ji jarur aana ❤❤😊,1
11101,8z_YVi-NycI,Mtlb shaadi ki taiyari start ho gyi,0
11102,8z_YVi-NycI,Bro bread is unhealthy white or brown both …. So no point of having  avocado  with bread daily ..,0
11103,8z_YVi-NycI,Jai shree Ram ❤🙏,0
11104,8z_YVi-NycI,Where is your father,1
11105,8z_YVi-NycI,Where is your father,0
11106,8z_YVi-NycI,https://youtu.be/0XjR30U1D6g?si=qvsVnzRdo2eHJxfy,0
11107,8z_YVi-NycI,Elvish yadav sher hoge kahi or ke liye bahan or bhanje  bhanji to mil kr pitegi 🤣🤣 bach ke raho 😂,0
11108,8z_YVi-NycI,Can u please give me chance on ur video,0
11110,8z_YVi-NycI,Full family kaise ho gya Pitaji kaha hai?,1
11112,8z_YVi-NycI,Jai shree Ram bro,0
11113,8z_YVi-NycI,Aapke papa kaha rehte hain,1
11118,8z_YVi-NycI,7:22 chalo koi to system per muta😂,0
11119,8z_YVi-NycI,Elvish ke papa kha hai,0
11120,8z_YVi-NycI,Love you bhaii❤❤❤❤,0
11122,8z_YVi-NycI,Elvis mama❌😂 kans mama✅😂😂,0
11123,8z_YVi-NycI,Support kre 🎉😢,0
11124,8z_YVi-NycI,Bhai aap bahut kamjor ho rahe ho,0
11125,8z_YVi-NycI,Alvish bhai belt Lagaya kro jeans niche sarak ra h 😂😂😂,1
11126,8z_YVi-NycI,Tere mama ki londiya gandu hai isse puchna kd tripathi ka kitna percent aata hai ise,0
11127,8z_YVi-NycI,That child gonna have immense level of trauma and it's really not funny,1
11128,8z_YVi-NycI,https://youtube.com/shorts/a6oNlKpAD94?si=WNwh1Ps6blhRFUG6,0
11129,8z_YVi-NycI,Bihar ke log bhi elvish yadav  dekh hai ❤❤❤❤❤❤❤❤❤❤❤❤❤❤❤❤❤❤❤,0
11130,8z_YVi-NycI,Iam scared dont play this throw away games 😂,0
11131,8z_YVi-NycI,Teri behan to mere dekhne layak nahi ye kyu dikha apne fans ko 😅😅,0
11132,8z_YVi-NycI,Where is uncle ji,0
11133,8z_YVi-NycI,Why  chikoo is not respected as first  when anvey come ❤❤😢😢😢😢😢😢,2
11134,8z_YVi-NycI,Bhai app ka bolero song me face kyu blurr hai ❤❤❤❤❤❤❤😢😢😢😢😢😢😢😢😢😢😢😢😢😢,0
11137,8z_YVi-NycI,Bhai nunigee aur roti miss kar rhe hai yaar,0
11138,8z_YVi-NycI,Jaisa mamu waisa bhanja,0
11139,8z_YVi-NycI,"Kyu nhi apni behen ko bhi Bharat m hi shift krwa dete ho angrejo ki kb gulami krwaoge apne jija se, bache bhi unke jese ho jayenge",0
11140,8z_YVi-NycI,Main bhi elavish Bhai Ki tarah vlogs banata hun dekhkar bataiye kuchh Kami hai kya elvish bhai ki sari YouTube family😢😢,0
11141,8z_YVi-NycI,Mamu ka khoff ghar m b h😂,0
11142,8z_YVi-NycI,Bhaiya reply karo,0
11145,8z_YVi-NycI,Mummy is liye manna kar rahi ha kyuki bache uper Mut te to saddi jaldi hoti hai,0
11147,8z_YVi-NycI,Elvish bhai skin pe kya lagte ho,1
11149,8z_YVi-NycI,Mama with bhanji 😈 mama with bhanja 🥰,1
11150,8z_YVi-NycI,Love u jaan ❤❤❤❤❤❤❤❤❤❤❤❤❤❤❤❤❤❤❤❤❤❤❤❤❤❤❤❤❤❤❤❤❤❤❤❤❤❤❤,0
11151,8z_YVi-NycI,Shakuni mama💀 12:50,2
11153,8z_YVi-NycI,Jo bhi exam me fail hone ki dhamki de raha h un sabko bta du thara fufa sarkari Naukri par laga hua h 😂😂😂,0
11155,8z_YVi-NycI,Elvish ka father ajkal vlog mei kyu nahi aatei?,0
11156,8z_YVi-NycI,Aaj pata chala amir hone ke bad mdh ka masala khate hai bhaiyo 😂😂😂😂😂😂,0
11157,8z_YVi-NycI,Elvish yadav big fan,0
11158,8z_YVi-NycI,Shadi kar lo bhai Manisha rani bane degi😊😂,2
11159,8z_YVi-NycI,Elvish with Anvay is good ❤ but Elvish with Chukku hit different 😂 God bless you ❤❤❤,0
11160,8z_YVi-NycI,Bina kataria ke full family?,0
11161,8z_YVi-NycI,Avacado h ki tomatto saus khi bi kiske sath bi kbi bi,0
11162,8z_YVi-NycI,Kela khaoge 😂😂😂😂😂,0
11163,8z_YVi-NycI,Elvish Bhai 6 million subscribers mein sy 3 million subscribers Pakistan ky hain Pakistan ky log b ap ky fan hain pr ap unki insult q krty hain jawab do 😢,1
11165,8z_YVi-NycI,https://www.youtube.com/@786aliyakhan,0
11166,8z_YVi-NycI,Full family is here kon dalta h,0
11167,8z_YVi-NycI,@goldyvloggerr,0
11168,8z_YVi-NycI,SSC CGL ka form dala tha bhaiya ne last time kya hua 😂😂😂😂😂,0
11169,8z_YVi-NycI,Baaki sare celebrity ho k vlog karna start kar diye or yaha vlogger ne ab vlog band kar diye,1
11170,8z_YVi-NycI,1 hafta ho gaya,1
11171,8z_YVi-NycI,Roj block Dala karo,0
11172,8z_YVi-NycI,So cute mamu❤❤❤ elvish Yadav,0
11173,8z_YVi-NycI,2:51 EVERY MIDDLE CLASS MUNDA DREAM HOUSE 🥺🫵🏻🫵🏻🫵🏻🫵🏻🫵🏻👏🏻👏🏻👏🏻👏🏻👏🏻👏🏻,0
11174,8z_YVi-NycI,0:34 ABEE ROTDU ETNA LUCKY H 😆😂😂😂😂😂 RAO KA SYSTEM BDH MAY BERAA PATEGA NAA K KISI GODH MAAH TEE BHAAG REAA THAA 😆😂😂😂😂😂 FR KAHEGA BADA HO MERA MAMA KA SYSTEM H....😄😄😄😄😄😄 OOOOOO,0
11175,8z_YVi-NycI,So cute rao sahab ❤❤,1
11176,8z_YVi-NycI,❤❤❤❤❤ bhai ji Shayad aapke Sabhi video dekhta hun Ek Do chhut Jaate Honge love you truck Bhar Ke,1
11177,8z_YVi-NycI,Giveaway ke liye public kya bolti,0
11178,8z_YVi-NycI,11:02 pretty 😍,1
11179,8z_YVi-NycI,10:35 she can't understood hindi 😅,2
11184,8z_YVi-NycI,6:38 reality 😢,1
11185,8z_YVi-NycI,1:50 bda khtrnak h ElVISH 😂,0
11188,8z_YVi-NycI,https://youtube.com/shorts/kdwFscQRuYk?si=4kyhOPfjIumOSzjR,0
11189,8z_YVi-NycI,Bhai it’s been a week apka vlog ni aya😢,6
11190,8z_YVi-NycI,Bhaiya please 🙏 vlog upload kijiye itne din ho gaye aap ne vlog upload nhi Kiya,2
11191,8z_YVi-NycI,Bhai this is not done aj to hm vlog deserve krte the😢kl se to ghr p hi ho ap,8
11192,8z_YVi-NycI,I love you plz reply kar doplz,0
11193,8z_YVi-NycI,Jisne Mujhe subscribe nahin kiya vah bhosdi wala vah Kuchh kam ka Nahin Hai 😂👍,0
11195,8z_YVi-NycI,New vlog kab ayega laughter chefs ke party wala?,7
11196,8z_YVi-NycI,Elvish bhai daily vlog dala karo ❤❤,1
11197,8z_YVi-NycI,Elvish bhai car lena to bmw m4 lena,1
11198,8z_YVi-NycI,Elvish bhai muh mai pani a gye yrr golgaap aise maat dekhaooo 16:14,3
11200,8z_YVi-NycI,Cmnt like krdo ek baar,2
11201,8z_YVi-NycI,Daily vlogs bhai,1
11202,8z_YVi-NycI,Elvish bhaiiiioieeeeehttps://youtube.com/shorts/Do-bntms6f8?feature=share,0
11203,8z_YVi-NycI,Stop giving trauma to this baby it’s bad for her mental health.😢,2
11204,8z_YVi-NycI,elvish Bhai love from nepal❤❤❤,1
11205,8z_YVi-NycI,Hlo elvish sir❤❤,0
11206,8z_YVi-NycI,Vlog kab aayega,0
11207,8z_YVi-NycI,Elvish army like 😅😂😂,0
11208,8z_YVi-NycI,Yaar aap vlog kb daloge plz dalo n,0
11209,8z_YVi-NycI,BAHAR KE FRUIT KI CHATNI HAI JAISE AMRUDF KI HOTI HAI AUR KYA,0
11210,8z_YVi-NycI,Papa kha Hai,0
11211,8z_YVi-NycI,Elvis bhai please meri madad kar do main bahut musibat mein hun please bhai,0
11212,8z_YVi-NycI,Radhe Radhe ❤,0
11213,8z_YVi-NycI,Radhe Radhe ❤,0
11214,8z_YVi-NycI,Radhe Radhe ❤,0
11215,8z_YVi-NycI,Radhe Radhe ❤,0
11216,8z_YVi-NycI,Radhe Radhe ❤,0
11217,8z_YVi-NycI,Radhe Radhe ❤,0
11219,8z_YVi-NycI,Good 🎉 👍 https://youtube.com/shorts/F7VfpT_0How?si=-CXvo9vA_huMWmVw,1
11220,8z_YVi-NycI,"Where is ur father , elvis bhai ?",1
11221,8z_YVi-NycI,Malti ko support  karke aapko kya mila ? Kya kia Malti ne iss show me Kuch nhi kya. Zero contribution. Iss ladki ke lye kitna mila jo support kar dia. Famous  hone achi baat hain but kisi galat logo ke support karna buri baat hain. Bahat galad kya,0
11222,8z_YVi-NycI,Family vlog hits different ❤,0
11223,8z_YVi-NycI,Raosahab ki Love story ke video ke liye like  karo guy's 🔥,2
11224,8z_YVi-NycI,I am big fan ❤ bhai please make me friend,2
11226,8z_YVi-NycI,Bindas kavi,0
11227,8z_YVi-NycI,I requested to all please save my family & save my home 🏡😭😭😭,0
11229,8z_YVi-NycI,I request to all please save my family 😭😭😭😭,0
11230,8z_YVi-NycI,Elvish you are so nice ❤😎,0
11231,8z_YVi-NycI,Kitni acting krra h bilkul bhi achha nhi lg rha h,0
11232,8z_YVi-NycI,Nice ji ❤❤❤❤,0
11233,8z_YVi-NycI,Elvish Bhai vlog me aaj jyda english hi gyi 😂,0
11236,8z_YVi-NycI,Bhai  Nishu bhai ke Bhai Rohit Deshwal se milo please❤❤❤,0
11237,8z_YVi-NycI,Hello bhai 👋❤❤❤❤❤,2
11239,8z_YVi-NycI,Bindas kavi 😊,0
11241,8z_YVi-NycI,Next vlog jaldi upload karo.....,3
11242,8z_YVi-NycI,"Sach mein bahut hi inspiring aur behtareen vlog! Aapki dedication aur hard work ko dekh kar bahut motivation milti hai. Main bhi vlogging karta hoon, aur agar aapka time mile toh ek baar collaboration ke baare mein baat karna chahunga. Aapki guidance aur support mere liye bahut maayne rakhegi. Keep inspiring! ♥️🤝🤗#rohitsehgalvlogs",2
11243,8z_YVi-NycI,Systumm clothing kB chalu hoga phir se raosahab,1
11244,8z_YVi-NycI,Full Family ✅Whole Family ❌,0
11245,8z_YVi-NycI,Bhai balcony ki boundary choti lagti ye sab bacho ke samne to,0
11246,8z_YVi-NycI,Elivish bhai aapka bahut bada fan hun ek comment,2
11247,8z_YVi-NycI,Elvish bhai se har bacha der jata h 😂😂😂,1
11248,8z_YVi-NycI,Cute baby 🥰🥺😍😻💕💖,2
11250,8z_YVi-NycI,Elvish bhai ❤,1
11251,8z_YVi-NycI,Elvis bhai aapke jaisa hone ka Mera Sapna hai bhai❤❤❤❤❤🎉🎉🎉🎉🎉,2
11254,8z_YVi-NycI,Bindass Kavi,0
11255,8z_YVi-NycI,https://youtu.be/qT_jnrLg5nA?si=34-fTnTvs2LI8d4z,0
11257,8z_YVi-NycI,Girl friend ne bataya hai,1
11259,8z_YVi-NycI,Surya Kumar yadav vlog ❤❤❤❤❤❤❤❤❤❤❤❤,1
11261,8z_YVi-NycI,Jai shree Ram🙏🙏,2
11262,8z_YVi-NycI,Jai shree Ram 🙏🙏,3
11263,8z_YVi-NycI,Vote for Papa ji come in vlogs ❤❤❤🙏🙏,0
11264,8z_YVi-NycI,Laughter chefs ka vlog kha hai 😢?,3
11265,8z_YVi-NycI,Bhai apke papa nhi dkh rhe videos me batao kuch,1
11266,8z_YVi-NycI,"Meri mother in law ne ek baar bola tha, bhanje ka m......t gangajal k brabar hota h, kyunki usne pani ki tanki me kr diya tha",1
11267,8z_YVi-NycI,Very beautiful home🏠🏡,3
11268,8z_YVi-NycI,"😅😅Very nice,Duniya ke sare mama apne bhanje bhanjiyon ko aise hi kyu preshan krte h",2
11270,8z_YVi-NycI,Elvish bhai Yar germen shepherd bohot bolra hai kuch karo uska 😂,1
11271,8z_YVi-NycI,Chutiya sa hai ye to bkl,0
11272,8z_YVi-NycI,Elvish bhai Misti with family 😂,3
11273,8z_YVi-NycI,16:15 dusro ka pata nhi kataria ka toh harr bar ka hee h ye😂,2
11274,8z_YVi-NycI,Aapko itna Aacha Lagta hai to New Zealand aa jao pura fresh khilayege kyunki yaha pakta hai…..😊,1
11276,8z_YVi-NycI,Aunty kitni khush hai.... Elvish bhai please ladkiyo ke sath aise behave mat kiya karo... aap humesha apne Don wale mode me  hi rehte ho😂😂😂😂,3
11278,8z_YVi-NycI,Family are always precious,1
11279,8z_YVi-NycI,Cute vlog ❣️❣️❣️,2
11280,8z_YVi-NycI,#manisha se milo❤,0
11281,8z_YVi-NycI,"What a wholesome vlog♥️🫶🏻Chukku ki kidnapping😝""Bhanje ne systum pe moot diya""😭🤣Meri hasi😭😭Raani & sana♥️🫶🏻Also avocado toast 😋Haan,,anvay ko yhi rakhlo bada pyara h woh😘🥰His vlog with family♥️🥺🧿God bless you champ✨",1
11282,8z_YVi-NycI,Varanya is a sweetheart as she is caring & protective for every loved ones in family. She cares for her Mamu too as she doesn’t hesitates to give away finger puppets although she fears to be thrown away by him 😍🥰🫰🏻.Fearless Bhanji of fearless Mamu❤❤,3
11283,8z_YVi-NycI,"Elvish’s vlog today was effortlessly hilarious..easily the best in a long time.✨It brought back so many memories in the most unexpected way.😂😈 For a long vlog, it held a warmth that made evry second feel worth it.Keep creating vlogs lyk this Elvish bhai.🙌🏻💯",1
11284,8z_YVi-NycI,Superb entertaining Full Family vlog ❤️🧿,1
11286,8z_YVi-NycI,Apke our jannat ke bich me kuch h ky ap or jannat social media pe bhot fele ja rahe ho copul ke liye😅❤😊,1
11287,8z_YVi-NycI,Elvish ❌.kilvish ✅,1
11288,8z_YVi-NycI,Love you bhai ❤❤❤,1
11289,8z_YVi-NycI,Bhai please limit me raho 13:50 apne maze kar rahe ho balak ke sath aur koi bhi hadsa ho sakta hai by chance agar slip kar jao toe? Please don't do that kind of things with kids,11
11290,8z_YVi-NycI,Elu bhi ap asehi kush rho Allah apke or apke family ki rack cha kragay good bless you ur family elu bhai iloveu 🥰🥰🥰🥰😊😊😊😊,8
11291,8z_YVi-NycI,Where is His dad ???,0
11293,8z_YVi-NycI,elvish is o chaotic with chiku. Love this bond,5
11294,8z_YVi-NycI,1:06 is so slayed,1
11295,8z_YVi-NycI,Bhai systum restorent khol looo ❤,3
11296,8z_YVi-NycI,Bache ko bde ho jane ke bd ptaa chlega ki Mama toh bht bda harmi admi h 😅❤,2
11301,8z_YVi-NycI,Elvish bhaiya app ka papa ka pe ha,1
11302,8z_YVi-NycI,https://youtube.com/shorts/NOuUtXPi6ZI?feature=share,0
11303,8z_YVi-NycI,Bhaiya app face ma kya lagta ho,2
11305,8z_YVi-NycI,Baccho k sath eysa kon karta hay elvish...chukku avi bohot choti hain uske sath jitna hoo sake acche se bat Karo time do use..eysa karoge to wo traumatized hoo jayegi..har chiz majak nehi hoti yaar,0
11306,8z_YVi-NycI,System pe.......diya 😁🥰,1
11307,8z_YVi-NycI,Systemmmmm 😁❤,1
11309,8z_YVi-NycI,Two good people's fukra and elivsh🎉,1
11310,8z_YVi-NycI,Bhai ya kya laughter chefs scripted show Hai kyuki mane Jo appne magic Wali video dali this 11 days phle Wali video main jannat ke hand main script dekhi thi,0
11311,8z_YVi-NycI,Full support Elvish bhai ❤,1
11312,8z_YVi-NycI,Bhai ❤ aapke papa?,1
11313,8z_YVi-NycI,Ra 🎉😂❤😂😂😂😅G,1
11314,8z_YVi-NycI,Cute bay's ❤❤❤,1
11317,8z_YVi-NycI,10:16 she is skyy from paw petrol (kidz cartoon)❤,10
11319,8z_YVi-NycI,5:53 toast thoaa kaarte usse,1
11320,8z_YVi-NycI,Beautiful families 🙏🙏 elvish bhai ❤❤❤❤❤❤🎉🎉🎉 from Darjeeling ❤❤❤❤❤❤,0
11321,8z_YVi-NycI,"Hi Elvish, where is your dad ? We don’t see him in your vlogs anymore",0
11322,8z_YVi-NycI,There is no charm.in his bhanji,0
11323,8z_YVi-NycI,Aaj mera(avintika bhatt)or saurabh joshi ka face reveal ho gaya. This is my official youtube channel ok guys ❤,1
11324,8z_YVi-NycI,Unkal ji missing hai,1
11325,8z_YVi-NycI,Love you elvish bhai 🫶🏻✨,2
11326,8z_YVi-NycI,Reem kesi lagti he aapko elvish bhaiya ❤❤❤bataiy cimments me please😊,2
11327,8z_YVi-NycI,bhai ab to baat Kar lo Mai bhi yadav hu age 16 saal ha city prayagraj,1
11328,8z_YVi-NycI,25 million delivered in 10 minutes,1
11329,8z_YVi-NycI,Ram Ram bhai chreyane ❤,1
11330,8z_YVi-NycI,"Ur dr di is wrong am doctor and nowadays for best medicine best price. You can’t treat disease with normal pcm amoxicillin.  And same goes for brands.  High price for everything. So in private hospital for best treatment why people made such allegations I don’t understand.  MRI machine cost crores what you guys expects from us : , even govt don’t provide even bandage and cotton in most of govt hospital so blame govt not doctors.  And your mama ki ldki dear you just passed mbbs.   This journey is way longer and best wishes.",2
11331,8z_YVi-NycI,Elvis bhai ke age koi bol sakta hai kya. -eeeee elvish bhai 😂😂bhai woh white t-shirt bala ladki ❤🥰😍,4
11332,8z_YVi-NycI,"Bhai pollution pe bhi kuch bol le , apni video me ganda air purifier toh dikha dia pr terse kuch aisa nhi bola gya apni sarkar ki nakami k khilaf? Kbhi toh apni gadhi audience jo sirf board me fail k nam pe like mangte, unko shi influence krde",0
11333,8z_YVi-NycI,Thanks For Subscribing 🎉,0
11336,8z_YVi-NycI,Mama bhanji ❤❤,2
11337,8z_YVi-NycI,Best family 🧿♥️,2
11338,8z_YVi-NycI,Jai shree Ram elvish bhai 🚩,2
11339,8z_YVi-NycI,Only one YouTubers Jo khul ke Hindu dharam ko support karta hai 🚩🙏🇮🇳,25
11340,8z_YVi-NycI,Elvish bhai ❤,5
11342,8z_YVi-NycI,https://youtube.com/shorts/GcEdYrHMxw0?si=IElvzJhS0kER3VF8,0
11343,8z_YVi-NycI,Vote for drag races!!!!!🤧,11
11344,8z_YVi-NycI,Elvish ke papa kaha hai?,1
11345,8z_YVi-NycI,Elvish bhaiya per cute,1
11350,8z_YVi-NycI,So cute baby's 🥰🥰,7
11351,8z_YVi-NycI,Elvish bhai aap  bahut acche driving😊😊 karte ho,3
11352,8z_YVi-NycI,Kabi mere mesej ka riplay ni karte,0
11353,8z_YVi-NycI,Bindaas kavi on top❤,0
11354,8z_YVi-NycI,Aap Jaisalmer Rajasthan kab aaoge intezar hai aapka,1
11358,8z_YVi-NycI,Love you bhai❤❤,1
11361,8z_YVi-NycI,Lakshya or archit k sahat video banaya kro maja ata hai😅,3
11362,8z_YVi-NycI,Jai shree Ram 🚩🚩🚩🚩,1
11363,8z_YVi-NycI,Systmmmmmmm,1
11364,8z_YVi-NycI,Ja chutiyo teri video dekhni band.. logo kya hota hai.. eske bajah bhaiyo bhi to bol sakte ho aap..,1
11369,8z_YVi-NycI,Elvish bahi shooting karo,0
11370,8z_YVi-NycI,Yeah chutiya insaan hai... Ghtiya  hai,0
11371,8z_YVi-NycI,I love you elvish bahi❤❤❤❤,3
11372,8z_YVi-NycI,Systumm pr moot diya,0
11374,8z_YVi-NycI,bhai bs itna bta do katariya   joginder ko dekh has q rha jb baat hmare devi devtao ki chl rhi thi 😢,0
11375,8z_YVi-NycI,Rao Sahab ☠️🔥❤️,0
11376,8z_YVi-NycI,Bhai rohit deshwal sa milo❤,0
11378,8z_YVi-NycI,Bechari varanya 😂,0
11379,8z_YVi-NycI,Elvish bhai mridul se kub mil rahe ho ?,0
11380,8z_YVi-NycI,Elvish bhai ❤❤❤,0
11382,8z_YVi-NycI,Sala faltu shehbaz KO support nehi kia.uski behen shehnaz tujhe support Kia jab sab ne tujhe jutti SE pit dia snake wala .sala ehsan faromosh.kitna poysa Lia mridul SE.chutia Jesa muk tera.shehbaz 🏆 winner . mridul ko kutta Bana dia,0
11383,8z_YVi-NycI,Sala faltu shehbaz KO support nehi kia.uski behen shehnaz tujhe support Kia jab sab ne tujhe jutti SE pit dia snake wala .sala ehsan faromosh.kitna poysa Lia mridul SE.chutia Jesa muk tera.shehbaz 🏆 winner . mridul ko kutta Bana dia,0
11384,8z_YVi-NycI,Sala faltu shehbaz KO support nehi kia.uski behen shehnaz tujhe support Kia jab sab ne tujhe jutti SE pit dia snake wala .sala ehsan faromosh.kitna poysa Lia mridul SE.chutia Jesa muk tera.shehbaz 🏆 winner . mridul ko kutta Bana dia,0
11385,8z_YVi-NycI,Sala faltu shehbaz KO support nehi kia.uski behen shehnaz tujhe support Kia jab sab ne tujhe jutti SE pit dia snake wala .sala ehsan faromosh.kitna poysa Lia mridul SE.chutia Jesa muk tera.shehbaz 🏆 winner . mridul ko kutta Bana dia,0
11386,8z_YVi-NycI,Sala faltu shehbaz KO support nehi kia.uski behen shehnaz tujhe support Kia jab sab ne tujhe jutti SE pit dia snake wala .sala ehsan faromosh.kitna poysa Lia mridul SE.chutia Jesa muk tera.shehbaz 🏆 winner . mridul ko kutta Bana dia,0
11387,8z_YVi-NycI,Sala faltu shehbaz KO support nehi kia.uski behen shehnaz tujhe support Kia jab sab ne tujhe jutti SE pit dia snake wala .sala ehsan faromosh.kitna poysa Lia mridul SE.chutia Jesa muk tera.shehbaz 🏆 winner,0
11388,8z_YVi-NycI,Sala faltu shehbaz KO support nehi kia.uski behen shehnaz tujhe support Kia jab sab ne tujhe jutti SE pit dia snake wala .sala ehsan faromosh.kitna poysa Lia mridul SE.chutia Jesa muk tera.shehbaz 🏆 winner,0
11389,8z_YVi-NycI,Sala faltu shehbaz KO support nehi kia.uski behen shehnaz tujhe support Kia jab sab ne tujhe jutti SE pit dia snake wala .sala ehsan faromosh.kitna poysa Lia mridul SE.chutia Jesa muk tera.shehbaz 🏆 winner,0
11390,8z_YVi-NycI,Sala faltu shehbaz KO support nehi kia.uski behen shehnaz tujhe support Kia jab sab ne tujhe jutti SE pit dia snake wala .sala ehsan faromosh.kitna poysa Lia mridul SE.chutia Jesa muk tera.shehbaz 🏆 winner,0
11391,8z_YVi-NycI,https://www.youtube.com/@Dhakadmovieworld,0
11392,8z_YVi-NycI,Avacado high contant healthy facts rich of fibre and vitamins,1
11394,8z_YVi-NycI,"Bhai family ko balcony mein lekar mat jaya karo, safe nhai hai!!Baaki happy birthday bhanje ko🎉🫶🏻🧿",1
11395,8z_YVi-NycI,Elvish Yadmulla hai Raily mai na gya gurgaon ka hokar hindu support raily mai.,0
11396,8z_YVi-NycI,7:22 system pe moot diya 🤣🤣,5
11397,8z_YVi-NycI,Elvish bhai wedding loading....,1
11400,8z_YVi-NycI,Elvish Yadav ❤❤❤❤,1
11401,8z_YVi-NycI,Elvish Yadav ❤❤❤,1
11402,8z_YVi-NycI,Elvish Yadav ❤❤❤,0
11403,8z_YVi-NycI,Pakal liya 😂,0
11404,8z_YVi-NycI,My favorite YouTuber and TikToker I love you elvish ❤,0
11405,8z_YVi-NycI,My favorite YouTuber and TikToker I love you elvish❤,0
11406,8z_YVi-NycI,Papa kha hi photo me,1
11410,8z_YVi-NycI,Sab is pa agree karta hai ka elvich roz vlog chora to like Kato or chat ma sab asa he lakho elvich roz vlog banai hum intazar karta hai apka☺️😊,1
11413,8z_YVi-NycI,Jisne like nahi kiya vo board me paka paass hoga💯💯,3
11417,8z_YVi-NycI,Fortuner toh dikhate hi nhi ho aap dikhao please  0001 ❤❤,0
11418,8z_YVi-NycI,vice nice blog,0
11419,8z_YVi-NycI,Yaduva si hai. Kans wali harkatein😂,0
11420,8z_YVi-NycI,4k tour video,0
11421,8z_YVi-NycI,Jai shree ram dosto❤,0
11422,8z_YVi-NycI,Elvish is love ❤❤,0
11423,8z_YVi-NycI,Jo board fail ki dhamki de vo khud fail hojayega 😂,0
11424,8z_YVi-NycI,Cute and happy family ❤,1
11425,8z_YVi-NycI,Bhai kataria bhai bhi he na ❤,0
11426,8z_YVi-NycI,Bhai ye batao comedy videos kb dakhne ko milegi dusre vale channel pe bohat din ho gaye team ke saath video aai hue ab miss karne lage hai ham sabhi group videos ko,0
11429,8z_YVi-NycI,Fukra bhai se milo❤❤❤❤❤,0
11430,8z_YVi-NycI,Guys who notice that the elvish bhai and ali goni had stars on their chest in laughter chefs shooting vlog of elvish bhai . So thats clear ki vo dono partners he in laughter chefs season 3,1
11431,8z_YVi-NycI,What is this mama hai vo masti kar raha tha,1
11432,8z_YVi-NycI,Kansh mama 😂😂😂😂😂😂 0:59,1
11433,8z_YVi-NycI,Vanya preshaan hoke apne ghr bhajayegi bhai😂😂😂🎉,0
11436,8z_YVi-NycI,Avacado is low in sugar high in fiber and good for the heart hota hai...,0
11437,8z_YVi-NycI,Mama ❌ kansmama ✅,0
11441,8z_YVi-NycI,Jisne like nahi kiya ooshko bhi bhagwaan lambi oomar de❤,2
11442,8z_YVi-NycI,8:25 pr Elvish Bhai aapko hair line 🥹💀,6
11443,8z_YVi-NycI,Elvish bhai ❤❤❤❤❤,0
11444,8z_YVi-NycI,Elvish bhai❤,1
11445,8z_YVi-NycI,Shadi ki tyariya Bhai December m h shayad????,0
11446,8z_YVi-NycI,Where is our dady ❤,0
11447,8z_YVi-NycI,Maine bhi nahi khaya kabhi sar,0
11448,8z_YVi-NycI,4.52😂😂 piche dekhna bache ko,0
11451,8z_YVi-NycI,System pe mut diya 😅,1
11452,8z_YVi-NycI,Bhai Maja a Gaya vlog mai 4 time watching 😂😂,2
11455,8z_YVi-NycI,Mama bhanji pure bond loking vary cutie pie love you elu bhai 😊😊😊😊❤❤❤❤,1
11456,8z_YVi-NycI,Aap instagram ke msg nhi padte ho Kya,0
11457,8z_YVi-NycI,Elvish yadav bhai is ultimate 💕💕,6
11458,8z_YVi-NycI,Bhai aawokado ka juse bnake peete hai,0
11460,8z_YVi-NycI,Half engineering 😅,1
11461,8z_YVi-NycI,Aarush can never b like this gentleman I'm seeing his volgs from yrs 😊,5
11463,8z_YVi-NycI,I guess he is getting married or engaged soon...?,0
11464,8z_YVi-NycI,That’s beautiful ❤,1
11465,8z_YVi-NycI,Finally With Manish Bhai ❤❤,3
11466,8z_YVi-NycI,Mera dil tut rha hai yrr elvish yadav ki shadi ho rhi hai 😢,3
11467,8z_YVi-NycI,Elvish ki wife mil gayi,1
11468,8z_YVi-NycI,Family trip bhai ju,2
11469,8z_YVi-NycI,Elvish veer ji didi se bolo bacchho ko gaming ke liye bhi lay ker Jaya kre india me to har mall me hai,1
11470,8z_YVi-NycI,Elvish bhai aap ke papa kahan hain vo aapke sath aapke ghar me nhi rehte kya bohot time se dekhe nhi hai bhai,0
11471,8z_YVi-NycI,Wasim bhai ki ladai kyu hui hai bhai,0
11473,8z_YVi-NycI,That's Amazing 😂❤,1
11474,8z_YVi-NycI,Full family mei bahu bhi hei kya ?who is sana ?,0
11475,8z_YVi-NycI,Bhai Bhabhi ko dikhao na 😊,1
11476,8z_YVi-NycI,System clothing kaise kharede link please,1
11477,8z_YVi-NycI,Jai shree shyam ji 🙏🙏,1
11479,8z_YVi-NycI,Kiwi ke jagah avocado kaise aa gya elvish 😂😂3:41,1
11480,8z_YVi-NycI,"Hi Elvis I also love Avocado Toast it's Delicious and most healthy breakfast.I make  Avocado small pieces, tomato, onion, green chili cut into small pieces and drizzle few drops of lemon juice it's so delicious try this way",14
11481,8z_YVi-NycI,Bacho me Dar ka mahol 😂😂,0
11482,8z_YVi-NycI,Jai shree ram elvish bhai 🙏🏼🚩🇮🇳,1
11483,8z_YVi-NycI,Where is elvish dad?,1
11484,8z_YVi-NycI,Jay shree Ram,0
11487,8z_YVi-NycI,Thanks for 1 subscribers ❤️,0
11488,8z_YVi-NycI,Aap bolo clrs valo ko Rubina ko lao lf3 mai,0
11490,8z_YVi-NycI,Varanya bhanji❌ content for elvish bhaii 😅😅😅😂❤️❤️❤️❤️❤️❤️,0
11495,8z_YVi-NycI,Aj kal hmko uncle ni dikhte hai where is he,1
11496,8z_YVi-NycI,Bhai Sarita Yadav madam apki cousin 😅,0
11497,8z_YVi-NycI,Jai shree ram ❤❤❤,0
11498,8z_YVi-NycI,Elvish bhai tum patle ho gaya ho yr😢,0
11499,8z_YVi-NycI,Do gym daily 🙏🏻,1
11500,8z_YVi-NycI,Podcast kab tk aayega,0
11501,8z_YVi-NycI,Kerege elvish or mein shaddi bhi kerlege not abhi,1
11503,8z_YVi-NycI,Bhai dadi Jii ke sath vlog bannow,0
11504,8z_YVi-NycI,Old elvish back ☠️,1
11506,8z_YVi-NycI,Jym skin care hair care karo plz cutie ❤❤,1
11507,8z_YVi-NycI,Elvish bhai 4k mey vlog banaya Karo please 🙏❤️❤️,0
11508,8z_YVi-NycI,Elvish bhai takla ho rahe ho😂,0
11511,8z_YVi-NycI,"Lovely family but not complete without your father  Include your dad too in this family vlog, but never mind, the vlog was very good ,❤❤",7
11512,8z_YVi-NycI,I think elvish ki shadi hone wali hai,0
11513,8z_YVi-NycI,Bhaiya jada bhaar ka food mat khayee only homemade best,1
11514,8z_YVi-NycI,Anvay is so cute 😊😊😊😊,7
11515,8z_YVi-NycI,Very beautiful family vlog,2
11516,8z_YVi-NycI,God bless you komal,2
11517,8z_YVi-NycI,Jai Sri ram,0
11518,8z_YVi-NycI,bindash kavi 😂 bolti public 😅,0
11522,8z_YVi-NycI,Jisne subscribe nai Kiya to board exam pakka fail ho jayega 😂😂😂😂😂,0
11524,8z_YVi-NycI,Happy Birthday,0
11525,8z_YVi-NycI,Stay blessed saty happy. Do gym daily 🙏🏻,3
11526,8z_YVi-NycI,Ma kha lao ay k ❤,0
11527,8z_YVi-NycI,"Elvish Bhai, please don't do such throwing away jokes with Varanya. She's just 2years of age. This can cause life long trauma to her & even cause height Phobea forever.Please take immense care of her,& never do any such balcony jokes with any kid.",1
11528,8z_YVi-NycI,Bhai bhi balko k pure majje lewe hai ,1
11529,8z_YVi-NycI,bhai apke papa kaha rehete h,0
11533,8z_YVi-NycI,Cute elvish mamma with cute bhanji ❤❤❤  cutest family 😊😊😊,8
11534,8z_YVi-NycI,Elvish bhai ❤❤,0
11537,8z_YVi-NycI,Very nice 👍,0
11538,8z_YVi-NycI,Moot word ke place pe Sushi v to bol sakte the❤❤❤,1
11541,8z_YVi-NycI,Elvish bhi systumm pr mutt diya chotu ne,0
11542,8z_YVi-NycI,Elvish uske papa ke saath nhi rehta kya kabhi bhi sirf uski mmy Ji Gharpe Rehti hai papa nhi,0
11545,8z_YVi-NycI,Elvi hume bhi avocado toast ke recipe bta do 😊 me bhi try krna chahti hu😊 and bchhe ko itna nhi darate elvi😢😂 btw love you❤ loads of love my elvi❤❤,2
11546,8z_YVi-NycI,Varanya is very cute but elvish's bonding with anvay is so good....usne godi se anvay ko utaar ne me bhi mana kr diya 😂,20
11547,8z_YVi-NycI,RAM RAM BHAI SARA NAA🙏🙏🙏🙏🙏🙏🙏🙏🙏🙏🙏🙏🙏🙏🙏🙏🙏🙏🙏🙏🙏🙏🙏🙏🙏🙏🙏🙏🙏🙏🙏🙏🙏🙏🙏🙏🙏🙏🙏🙏🙏🙏🙏🙏🙏🙏🙏🙏🙏🙏🙏🙏🙏🙏🙏🙏🙏🙏🙏🙏🙏🙏🙏🙏🙏🙏🙏🙏🙏🙏🙏🙏🙏🙏🙏🙏,0
11548,8z_YVi-NycI,Jai shree Ram 🙏❤️🚩,0
11549,8z_YVi-NycI,loved the whole vlog ❤,1
11550,8z_YVi-NycI,Kansh mama h sare,0
11551,8z_YVi-NycI,Aaj main pahli bar vlog dekhne i.sach mein bahut achcha Laga Dil Se,16
11555,8z_YVi-NycI,Elvish army teem RAM RAM❤,1
11556,8z_YVi-NycI,Meet Rohit Deshwal 😊,0
11557,8z_YVi-NycI,"elvish ki galti nhi hai....haryana mae mamu bhot pareshaan kerte hein, kansh type😂",18
11558,8z_YVi-NycI,Elvish brother tum bjp join kro❤,1
11559,8z_YVi-NycI,Kansh mama ho bhai😢😢,0
11560,8z_YVi-NycI,Elves bhi please meri help kr di,0
11561,8z_YVi-NycI,Aaj aaya h phela wala vlog bhai,0
11562,8z_YVi-NycI,I like  your haryanvi  language   so sweet,1
11564,8z_YVi-NycI,Elvish bhai apne podcast me nia Sharma ko bhi bulana,0
11566,8z_YVi-NycI,Papa misss 😢,0
11569,8z_YVi-NycI,Elvish bhai ❤️❤️,0
11570,8z_YVi-NycI,Elvish yadav 🚩❤️,0
11571,8z_YVi-NycI,Elvish bhai tumhari dadi kha Rehti hai mummy itni acchi lagti hai lekin dadi nhi 😢,0
11572,8z_YVi-NycI,Jai shree Ram 🚩,0
11573,8z_YVi-NycI,Tum sb mama kansh ho isliye dar rhi wo😂😂😂,7
11575,8z_YVi-NycI,Full support Elvish Bhai ❤,0
11577,8z_YVi-NycI,Elvish Bhai on Top 🔝,0
11580,8z_YVi-NycI,elvish Shaadi soon,0
11581,8z_YVi-NycI,https://youtube.com/shorts/j7pjFRmgRlg?si=aZr3QX178t9Trq9b,0
11582,8z_YVi-NycI,Trp king of social media 👑,1
11583,8z_YVi-NycI,Maja aa gaya aapko pehle jaisa dhekh ke but bhanji ko thoda kam rulaya karo hurt bhi hota hai vaise love you bhaiya  ❤,9
11585,8z_YVi-NycI,Ram Ram elvish bhai 🙏,1
11586,8z_YVi-NycI,Ochhi bat hai ki ap bocho k sath time spend kor roheho . family k sath . family wala sukh or kohi nhi milega .🤗 Happy family...🙂 family time...🥰,0
11591,8z_YVi-NycI,Sahi keh rahe hoh bhai dr 90% haiwan hain,0
11592,8z_YVi-NycI,Always be happy Elvish ❤❤❤,2
11593,8z_YVi-NycI,Elvish bhai❤❤,0
11594,8z_YVi-NycI,Var ya ko Sirf English kyu sikha rahe hai? This is the problem in India now .  They think English sleaking by kid is cool but enflish ke sath Hindi haryanvi Jo bhi mother tongue ho issi samay sikhana chahiye.  They can learn two even three language easily at this age,0
11595,8z_YVi-NycI,Elvish sir aap kyu rula rhe ho chikuu ko ❤❤,0
11597,8z_YVi-NycI,0:49 😂nooo 2:04 haaye raosahab aap kitne bure ho😂bchii ko toys lake do ache mamu bno 7:24 😂 13:00 aunty ji aapne to dhokha de diya😂 14:18 happy birthday kuttu 14:46 haa 0001 ka bhi birthday h 15:15 chlo kisi se to drre raosahab 17:05 mummy😊 17:38 podcast kb aayega kafi acha bolte ho aap raosahab,4
11599,8z_YVi-NycI,Elvish with Anvay Chikku so happy,8
11600,8z_YVi-NycI,Mere mama bhi mujhe aaise preshan karte the 😂😂😂😂😂,1
11602,8z_YVi-NycI,Bus esi liye bhagti h Bo elvish s 😂😂😂 pareshan ker rakha h bechari ko 😅😂😂,4
11603,8z_YVi-NycI,Elvish ji 😂😂😂,0
11604,8z_YVi-NycI,Elvish bhai 😂😂,0
11605,8z_YVi-NycI,Elvish bhai misti with family ke sath 😅,0
11606,8z_YVi-NycI,Elvish bhai 😂😂,0
11607,8z_YVi-NycI,Elvish eating be like tanya mittal,0
11608,8z_YVi-NycI,Elvish bhai misti with family 😂,0
11609,8z_YVi-NycI,Elvish bhai ❤❤❤❤,0
11610,8z_YVi-NycI,After so many days finally long beautiful vlog. Elvish yo have simple and beautiful family. No show-off. That's why people are connecting. No nazar. God bless you. ❤     Varanya is very sharp and protective girl. Please next time usko accha accha gift leke javo. Tab vo khush hojayegi.,93
11611,8z_YVi-NycI,Elvish ji 😂,0
11613,8z_YVi-NycI,Mrudul bhai,0
11614,8z_YVi-NycI,Mrudul bhai,1
11615,8z_YVi-NycI,Daily Vlog shru ho gaye kya,0
11617,8z_YVi-NycI,Rao sahab on top ❤,2
11618,8z_YVi-NycI,Bhaiya balcony me kids safety grill lagwalo,5
11619,8z_YVi-NycI,Fail hojaoge agar subscribe nahi Kiya toh,0
11620,8z_YVi-NycI,Jai shree Ram Elvish Bhai 🙏🙏,1
11621,8z_YVi-NycI,Elvish with every other kid is good bit Elvish with chukku is next level>>>>😂😂❤❤ loveee them together just so much❤,4
11622,8z_YVi-NycI,😂❤ heart for the enthusiam I had for u elvish bhyii ki jay jay kar hogi ab,5
11623,8z_YVi-NycI,Seems good ur family is happy ❤,3
11624,8z_YVi-NycI,Bhai aap ajju bhai ke pass nhi jate,0
11625,8z_YVi-NycI,Bhai Anup bhai ne new tractor le liya ha,2
11626,8z_YVi-NycI,System pe muttt diya 😅😅😅,1
11627,8z_YVi-NycI,Hamesha mummy ke side ke hi kyu sbko achhe lagte hai papa ke side ke kyu nhi lagte elvish bhai ke ghr me bhi mama ke ladke ladki aye hai bua ke nhi😅😅,0
11628,8z_YVi-NycI,Nice vlog ❤,1
11629,8z_YVi-NycI,Elvish bhai vlogs op ❤,1
11630,8z_YVi-NycI,Jay shree Krishna elvish bhai,0
11631,8z_YVi-NycI,Jai shree Ram 🙏 Jai bajrang bali 🙏 Jai hanuman ji 🙏,1
11632,8z_YVi-NycI,Sameer elvish 😅,1
11633,8z_YVi-NycI,Proud to be a Indian ❤,0
11636,8z_YVi-NycI,6:47 ye har mama k sath hota h 😊😊,0
11637,8z_YVi-NycI,THANKS FOR 1000 SUBSCRIBERS 🎉❤,0
11638,8z_YVi-NycI,4:57 systemm,0
11641,8z_YVi-NycI,Bdmashhh mama,0
11642,8z_YVi-NycI,Get marriage soon...❤❤,0
11643,8z_YVi-NycI,U r soooo smartttt❤ i loveeee youhhhhhhh,1
11644,8z_YVi-NycI,Mujhe lgta hai bhai ki shadi hone Wali hai,1
11645,8z_YVi-NycI,Happy anniversary di and jiju ko In advance,0
11646,8z_YVi-NycI,Papa kahape he bhai bahot din hue kuch problem to nahi ?,0
11647,8z_YVi-NycI,Kansh mama ka naam suna hai elvish bhai ...😂😂,4
11648,8z_YVi-NycI,Na koi vlog me na koi festival me papa dekhte hai😮,0
11649,8z_YVi-NycI,Happy birthday dear,0
11650,8z_YVi-NycI,Papa kaha gaye aapke,0
11651,8z_YVi-NycI,Elvish bhai aap ke papa kaha gaye 😮,0
11653,8z_YVi-NycI,Radhe radhe bhai ❤❤,0
11654,8z_YVi-NycI,Rao sahab he rao sahab har jagah❤,0
11657,8z_YVi-NycI,Ye jo ap bachi k sath kr rhy ho sahi nhi is sy bachi ko childhood trauma ho skta ha,0
11658,8z_YVi-NycI,Elvish yadav bhai is ultimate love 💕❤!! Love you bhai 👑✨🔥,6
11660,8z_YVi-NycI,Full Family m se Papa ko nikaal diya 😂😂😂,0
11662,8z_YVi-NycI,Chukku ko itna darate ho fir bolte ho pata ni daree hai mujhse ye patana kyu 😓😓😞😞,2
11663,8z_YVi-NycI,Bhai uncle ji ko vlog me dikhaya kro i am fan of uncle g on Instagram ❤,1
11664,8z_YVi-NycI,Family ❤️❤️‍🩹🫰🧿🧿💝,1
11666,8z_YVi-NycI,Stay happy ❤,1
11667,8z_YVi-NycI,Mast family vlog ❤,1
11668,8z_YVi-NycI,Jo subscribe Karega uski family  hamasa khush rahagi  Bhagwan kasam❤❤,1
11670,8z_YVi-NycI,Elvish bhai,1
11671,8z_YVi-NycI,When his bhanja will get to know about aura of his mama🦁,253
11672,8z_YVi-NycI,System pe moot diya 😂😂,3
11673,8z_YVi-NycI,bhai bachho ko balcony me mazak mat kiya karo gand fatti hai video dekh k,1
11674,8z_YVi-NycI,Mamu ko dekhkr chote se he darti hai varanya.clean shave karo tum beta.woh dar jaati hai😂anvay bahot sweet hai mamu ke saath.varanya ke liye gift lekar aaya karo tabhi woh manegi😊😊kyu varanya ko dara rahe ho😂..gande mamu😂lovely family❤❤❤❤enjoy😊😊🎉🎉,29
11675,8z_YVi-NycI,"JAY SHREE RAM,RADHE RADHE BHAI KYUN CHUKU KO PARESHAN KAR RAHE HO ,BHAI WO GENTLEMAN KO UTHAO WO TO DARATA NAHI AAP KI GODI MAY COMFORTABLE HAI MAJA AATA HAI ,AUR BHAI CHOTA BACHHA KAPDE PER SUSU KAR DETA HAI HAMARE YAHA SHUBH SHAGUN MANA JATA HAI AUR WO BHI BHANJA NE ,HAMARE YAHA BHANJE KO APNI LADKI DETE HAI ,SHADI KRAWATE HAI KYUN KI BAAD MAY BHANJA SAR PER 😅😅😅😅SUSU KARE ,BHAI AAJ TO MAJA AA GAYA ,BHAI JAB TAK YE DONO INDIA MAY HAI JITANA TIME HO SAKE UTNA SPEND KARO BAHUT CUTE LAGATE HO ANVAY KE SATH😊😊😊😊😊LOVE YOU ELVISH BHAI ❤❤❤❤❤❤❤❤❤❤❤❤❤❤❤❤❤❤❤❤❤❤❤❤❤❤❤❤❤❤❤❤❤❤",1
11678,8z_YVi-NycI,Chukku ye sab badi hoke dekhegi kitna hasegi mai ki mai kyu darti thi elvish mamu se 😂😂😂bahot mst h aaj ka vlog  aise vlog dekhne me achhe lagte h jisme family ho sath me,92
11680,8z_YVi-NycI,Nice bhai ❤❤❤❤❤❤❤,0
11681,8z_YVi-NycI,Jai Shree Ram Elvish yadav 🚩,7
11682,8z_YVi-NycI,systemmmm ❤❤❤❤,0
11683,8z_YVi-NycI,Elvish family 🫶💓,1
11686,8z_YVi-NycI,Elvish bhai ❤❤,1
11688,8z_YVi-NycI,Volg roj kro,0
11690,8z_YVi-NycI,Nice vlog as it captures wonderful family moments. Adorable Chukku is protective 4 loved ones🫰🏻.Enjoyed cute banters of #ElvishYadav &chukku. Also ❣️Anvay & Elvish cute moments😍@ElvishYadav Hope injury heals asap🤞🏻Healthy diet & lifestyle r  solution to all. Podcast soon!,0
11691,8z_YVi-NycI,Elvish bhai k ghar m to helper bhi h 😮😮😮😮😮😮😮😮,6
11692,8z_YVi-NycI,Comfort hudi vali kudi cute h 🖤👀,0
11693,8z_YVi-NycI,Best moments ❤❤❤king 🤴 rao sahab ❤❤,0
11694,8z_YVi-NycI,Bhai systumm clothing kab arha hai,0
11697,8z_YVi-NycI,System king elvish yadav,0
11702,8z_YVi-NycI,hyy aapako itana kusha dekha kar me to bahot khush hoti hu 😍😍🥰🥰,10
11703,8z_YVi-NycI,Elvish bhai chukku se 6 mahine chote h....❤😂😂,214
11704,8z_YVi-NycI,1:35Vote for Elvish Bhai family face Reveal ♥️👌✅,2
11705,8z_YVi-NycI,Jai shree Ram Elvish bhai 🙏🙏,1
11706,8z_YVi-NycI,System no top elvish bhai ❤❤,1
11707,8z_YVi-NycI,Ye phla balak hai jisne mama ke pass jane se mana kiya hai😂,0
11708,8z_YVi-NycI,Elvish Bhai I love you❤️❤️,0
11709,8z_YVi-NycI,Elvish ❤❤❤❤❤,0
11710,8z_YVi-NycI,😂😂😂😂😂😂😂😂😂😂😂 elvish bhaiiiiiiiiiiiiíiiiiiiiiii on top ❤❤❤❤❤❤❤❤❤❤❤❤❤❤❤❤❤❤❤❤❤❤❤❤❤ chikku baby n chota baby and elvish bhaiiiiiiiiiiiiíiiiiiiiiii k age Koi bol sakta hai kya ❤❤❤❤❤❤❤,0
11711,8z_YVi-NycI,❤❤❤❤wow your family so cute 🥰🥰,7
11714,8z_YVi-NycI,6:00 this recipe going to be viral like your garlic Maggi recipe went 😅,20
11715,8z_YVi-NycI,ElvishBahi 🎉❤,1
11716,8z_YVi-NycI,Elvish Bhai 🫶 🤎,1
11717,8z_YVi-NycI,Elvish Bhai is a pure gentle men 💗 💎,10
11718,8z_YVi-NycI,Yeh grey sweatshirt m ldki elvish ki hone waali wife h kya??,0
11719,8z_YVi-NycI,I am also making like that 😊,0
11720,8z_YVi-NycI,Papa kahan hai ?,0
11721,8z_YVi-NycI,Apni pyari family k liye like kre❤,0
11724,8z_YVi-NycI,Family is not important think😊 family is everything 😍❤ such a lovely❤ family😊 happy family ❤,19
11727,8z_YVi-NycI,"Doctor to aaj ka bomb bna rhe h,khas kar jo doctor khas dharm se hai,unse dwae lena bnd kardo,koe pta nhi unka ki kisi ko HIV ka injection lga de,jaise MP me khas doctor ne 1 aurat ki nasbandi kar di bcz vo dr redical ho rakha tha",3
11728,8z_YVi-NycI,2:48  believe me guyzz elvish chuku se b chotta h 😂,141
11730,8z_YVi-NycI,East or West Elvish is the best 🫶,1
11731,8z_YVi-NycI,7:25 Systumn Pe Mutt Diya 😆🤣🤣🤣,0
11732,8z_YVi-NycI,0:35  heyyy itna preshan kiya h bichari koo Or fir bolte h chuku mere pass nhi atii 😂😂,139
11734,8z_YVi-NycI,Kis kis ko yaad he -- KAYEIN - KAYEIN 😂,0
11735,8z_YVi-NycI,Doctors to bumb banane lage bhai be careful 😂,2
11737,8z_YVi-NycI,Elvish please don't tell nor do like that with the child,0
11738,8z_YVi-NycI,Rajat ke saat Collab video banavo bhai..,0
11741,8z_YVi-NycI,Elvish Bhai aapke papa kaha hai unhe bhi dikhao yrr vlog mai 🫶🏻,0
11742,8z_YVi-NycI,I love the way you are talking 💗😙,0
11747,8z_YVi-NycI,Best of luck 🤞🏻 bhai ji,0
11748,8z_YVi-NycI,Radhe Radhe,0
11749,8z_YVi-NycI,So sweet bhai God bless you 🙏,1
11750,8z_YVi-NycI,Chuku be like mama❎ Shakuni mama ✅😅...... elvish bhai ❤,3
11753,8z_YVi-NycI,"Lovely Vlog 🫠! Wonderful family moments. Really enjoyed watching Elvish playing with smallies truly cute moments. Elvish & Chukku 😂😂😂Only advice pertaining to health will say, Eat healthy, follow healthy routine including excercises & sleep time. Be careful Elvish, yup the injury looks bad. Hope it heals faster.  Looking forward towards  podcast with Manish bhai. Have a great time with family. Bhagwanji bless you all. Jai Shree Ram 🚩🚩🚩",20
11755,8z_YVi-NycI,Hi elvish bhai me aap ke vlog roj hi dekhati hu or mujhe aap ke vlog bohot hi jyada ache lagte hai or me chahti hu ki aap aise hi majhe karte raho khus raho or tarki  karte raho❤i love bhaiii❤❤❤❤,1
11756,8z_YVi-NycI,I think elvish bhai ki shadi hone vali hai,1
11757,8z_YVi-NycI,Bhai gm karo,0
11758,8z_YVi-NycI,Elvish ku sirf varanya hi ignore kare sakhte hai 😆 ye power sirf varanya ke pass hi hai 😂 ladkiya elvish ke sath photo cilck karne aur unku dekhe ke liye tarasti hai aur varanya elvish ku ignore karti hai ❤,9
11759,8z_YVi-NycI,❤❤❤❤❤❤❤loved today s vlog masti khoorRao,1
11762,8z_YVi-NycI,Elvish with anvay bonding is good but elvish with varanya bonding hits different ❤ varanya be like mere mamu tu kasa hai 😂 elvish please varanya ku aesi mate karu 😊aap uske sath  time spend karu vu aap ke sath khelegi 🥰  mahadev always bless you 💜 please vlog 20 &25 minutes ke delu 🥺 aap ku aur chakku and anvay ke bond ku kisi 🧿 na lagye ❤❤❤,0
11763,8z_YVi-NycI,Bhai system brand close ho ga kya,1
11764,8z_YVi-NycI,Where is your father,0
11765,8z_YVi-NycI,Elvishyadav bhai please pehle wale bann jao na raw personality elvishyadav come back please ❤,0
11766,8z_YVi-NycI,Elvishyadav bhai ♥️🥰,3
11767,8z_YVi-NycI,Happiest birthday wishes jiska bhi tha😂❤❤❤❤,6
11769,8z_YVi-NycI,Waaah Rao mastt chuuku❤❤❤❤😂,5
11770,8z_YVi-NycI,So sweet elvish Bhai ❤❤❤elvish bhai chukku bhot maja ayaa🤣🤣🤣chukku very cute❤❤❤anvay cute❤❤❤old  elvish is back 🤣🤣🤣love you elvish bhai ❤❤❤,34
11771,8z_YVi-NycI,Ek number vlog❤❤❤❤,1
11772,8z_YVi-NycI,So cute baby 🤩 apni biwi ko bhi aise Hi dalenge elvish ji ❤,0
11773,8z_YVi-NycI,Jai Shri Krishna Elvish Bhai ❤🙏,2
11774,8z_YVi-NycI,Masssst vloggg hai bhaiiiiii❤😂...,1
11775,8z_YVi-NycI,mere 8 year ka Bhai bol rha h anvay cute hai❤❤❤❤,6
11776,8z_YVi-NycI,Elvish and jiju twining ❤😊,29
11777,8z_YVi-NycI,Jai Mata Di Elvish Bhai aashirwad bna rhe hmesa❤🙏...,1
11778,8z_YVi-NycI,@AdityayaduvanshiYt,1
11779,8z_YVi-NycI,Manish ❤ bhai 😝,0
11780,8z_YVi-NycI,Systum pe moot diya 😂😅,3
11781,8z_YVi-NycI,Saaalo baad bada hi positive vlog aaya hhh😂😂😂😂 goooodddd,14
11784,8z_YVi-NycI,Elvish bhai always top ❤,0
11785,8z_YVi-NycI,14:21 ❤😂 happy birthday chukku ❤🕺,21
11786,8z_YVi-NycI,Elvis Bhai aap Delhi a sakte ho kya milane a sakte ho,0
11787,8z_YVi-NycI,Bache ke sath yesa maat Karo yaar bache Koy ban jate bhaw nahi deti 😅,1
11788,8z_YVi-NycI,13:17  kansh 😭,3
11790,8z_YVi-NycI,Elvish bhaiiiiiiiiiiiiiiiiiii❤,1
11792,8z_YVi-NycI,11:57 😂❤ isse rakhlo apne pass bhai ❤😅,48
11793,8z_YVi-NycI,Bhai wo bacha ko troma hai isse😅😅😅😅,1
11795,8z_YVi-NycI,10:27 ❤😂 😝 bhai yrr kahe varanya ko pareshan karte rehte ho mama nhi kansh ho bhai app 😅😂,21
11796,8z_YVi-NycI,https://youtube.com/@maker4658?si=2On4PeXUgqoHb015,0
11797,8z_YVi-NycI,Jisne like or subscribe kiya to use elvish bhai milenge 😅😅😅,4
11798,8z_YVi-NycI,Kataria and elvish pure bond ❤😊,2
11799,8z_YVi-NycI,😊❤Accha hua jo Manish bhai ko apnigalti ka ahsaas hue or inhone Elvish bhaika bharosa na tota,11
11800,8z_YVi-NycI,Awesome vlog,1
11804,8z_YVi-NycI,Bhai Systumm Clothing Launch Karo Jaldi,0
11805,8z_YVi-NycI,Elvish bhai,1
11806,8z_YVi-NycI,Elvish Yadav,2
11808,8z_YVi-NycI,Vapis reply jarur dena your big big fan love from Rajasthan Jodhpur,0
11809,8z_YVi-NycI,Systummmm ❤❤,0
11810,8z_YVi-NycI,Elvish armyyy ❤❤,0
11811,8z_YVi-NycI,Baki to apko pata hai ki aap best am best ho,0
11812,8z_YVi-NycI,Aur jaise aap phele gaming video challenge video aur banate the vese bhi kuch interesting chiz banao,0
11813,8z_YVi-NycI,Possible nahi yahi Satya hai Medical industry is a Big Scam .,0
11814,8z_YVi-NycI,Elvish kitane pyaar se sorry bol Raha hai ❤😊,49
11815,8z_YVi-NycI,Mera ek suggestion hai apke liye ki ap vlog roj mat dalo karo 2 din me 1 baar dala karo,0
11817,8z_YVi-NycI,Gyus please save my family 😭🙏🙏,0
11819,8z_YVi-NycI,Gyus please save my family 😭🙏😭,1
11820,8z_YVi-NycI,Juari .bosrike ..,0
11821,8z_YVi-NycI,Hello elvish bhaiya,0
11823,8z_YVi-NycI,Happy vlog ❤😊😊😊,0
11826,8z_YVi-NycI,Ram Ram ji 🙏🏻❤️,0
11827,8z_YVi-NycI,System clothing kab se chalu hoga bhai,0
11828,8z_YVi-NycI,Elvish and komal bond is best 💓❤️‍🔥,62
11829,8z_YVi-NycI,Chlo kuch w aane vala hai❤❤❤,0
11830,8z_YVi-NycI,Jai shree ram 🙏Satnam waheguru ji 🙏Bullet proof car lelo rao saheb. .Luv u from Mumbai. .❤,0
11831,8z_YVi-NycI,Aaj mja aayaa😂😂😂😂😂Family 🧿❤,14
11832,8z_YVi-NycI,Bhai tujhme tbi case hote hai bache ko utha raha hai... Mazak mazak mai kbi hath se fisal gya n.. Lene k dene PD jayege,1
11833,8z_YVi-NycI,Anvay ne kya kardiya systum pe 😂 Ye sirf wahi kar sakta he baki koi me himmat nahi he ye karne ki 😂,0
11834,8z_YVi-NycI,Mamu itna satate Ho chukku ko fir wo bhagti hi firegi na tumse 😂kitna pareshan karte ho bachhi ko 😂,0
11835,8z_YVi-NycI,9:08 disko light kyu ho rha,2
11836,8z_YVi-NycI,Tino bachho se ghar kitna hara bhara lagta he 😁Sabse bada wala bachha sabse chota lagta he 😂,109
11838,8z_YVi-NycI,Elvish bhai ❤❤❤,0
11841,8z_YVi-NycI,"I AM FAN OF YOUR MOM, ELVISH. SHE IS VERY KIND AND INNOCENT",0
11842,8z_YVi-NycI,My mamu also like😢5 elvish ...he always disturbing but he is soo sweet and loving just like you...when cikhu grow up she will miss those time❤❤❤,0
11843,8z_YVi-NycI,Elvish bhai mridul eviction reaction do,0
11844,8z_YVi-NycI,ElvishYadav ♥️,0
11845,8z_YVi-NycI,Vaaaaaiiisaaabbb kyaaa vlog thaa yehhh....ohhhhhhooo vaaaiiii petttt faat gya haas haaske🤣🤣🤣🤣🤣🤣🤣🤣🤣🤣🤣🤩🤩🤩🤩🤩🤩🤩🤩🤣🤣🤣🤣🤣😝😝😝😝😝,1
11848,8z_YVi-NycI,6:45 😂 elvish said mere pe mut diya😂😂so funny yaar😅,27
11849,8z_YVi-NycI,Ye haryana k Sare mama ase he h kya hmre bchho ko rulate he rhte h,0
11850,8z_YVi-NycI,Elvish ❤❤❤❤❤❤❤❤❤❤,0
11852,8z_YVi-NycI,elvish i prefer to doctor,0
11853,8z_YVi-NycI,Elvish yadav Roa sahab system love corrupt kataria ☺️💪,4
11854,8z_YVi-NycI,Ram Ram Bhaiya ❤,0
11856,8z_YVi-NycI,Elvish bhai ❤,0
11858,8z_YVi-NycI,Varnya ka badla lena lakshya aur archit 😂😂,13
11860,8z_YVi-NycI,12:11 awww varanya apni nani ko bcha rhi h mama se 😂❤,70
11861,8z_YVi-NycI,10:25  the way Rao Sahab say beta....🤌🏻🥹💓,81
11862,8z_YVi-NycI,Ye bacca Elvish ka kiya lagta hai,0
11863,8z_YVi-NycI,Ajj ka vlog dekh krr bhot acha lga❤❤,27
11864,8z_YVi-NycI,Elvish bhai ❤,0
11865,8z_YVi-NycI,Elvish aur uske bhanje ki jodi best hai dono ek se lagte hai cute 🥹🫶🧿,0
11866,8z_YVi-NycI,Elvish Collab with kirti❤😂😂,1
11867,8z_YVi-NycI,Kolkata me kon kon aa rha h 😍❤,0
11868,8z_YVi-NycI,Vailog KR$NA BHI GURGAON SE HI HAI NA IF I'M NOT WRONG,1
11869,8z_YVi-NycI,Elvish army present button ✅,34
11870,8z_YVi-NycI,Ye chutiya logko kaise pasand karte hain log,0
11872,8z_YVi-NycI,varnya be like kaliyug kahna bane par majboor mat karo mama ji💀,5
11873,8z_YVi-NycI,Ohh cutieeee❤❤❤,0
11875,8z_YVi-NycI,13:10 Maa - beta milke Varanya ko draa rhe😂😂❤Agli baar bechari aane se bhi dregi😂😂Aunty and Elvish ka alag systumm hai.Hmare 2 cute badmosh😂😂❤,59
11876,8z_YVi-NycI,0:30 I love you Elvis bhai 😘,27
11877,8z_YVi-NycI,Jai shree Ram,0
11878,8z_YVi-NycI,7:52 ye  asli reality hai  har hospital m   govt  ya Private   dono  mai😡,1
11879,8z_YVi-NycI,Elvish System family,0
11880,8z_YVi-NycI,18 min vlogs with family is a treat to watch ❤❤❤❤,0
11881,8z_YVi-NycI,12:37 Ashish- isi ko phenk do😂😂Bechari Varanya 😂😂Ashish bhi Elvish se km thodi hai,3
11882,8z_YVi-NycI,No najar 🧿 to family,40
11883,8z_YVi-NycI,Ye vlog best tha 😂😂❤❤,0
11884,8z_YVi-NycI,Manish bhai ke sath podcast aane bala h ❤,0
11885,8z_YVi-NycI,Elvish bhai👌👌,1
11887,8z_YVi-NycI,11:57 ise yahin rkh lo ❤🥹.Elvish is least expressive when it comes to his own emotions but we get to see his real self with Anvay He loves him so much ❤🧿🧿🧿,76
11889,8z_YVi-NycI,Love you elvish bai ❤❤,0
11890,8z_YVi-NycI,11:59  bada pyara to h baby ❤❤,27
11891,8z_YVi-NycI,love all of it.,0
11892,8z_YVi-NycI,Anbay Elvish both are too cute 🥰🥰,2
11893,8z_YVi-NycI,Yash hi smile karte rahna hamesha ❤️🧿🧿✨💫,6
11895,8z_YVi-NycI,Vlogs me elvish ke papa kaha hai kabi nahi digte,0
11897,8z_YVi-NycI,Elvish with Anvay is good ❤ but Elvish with Chukku hits different 😂,551
11898,8z_YVi-NycI,Family vlogs was best And Elvish to hai hi best ❤❤,3
11899,8z_YVi-NycI,Chukku ko preshan krna apki hobby bn gyi h kya Eli 😂❤,30
11900,8z_YVi-NycI,Anbay was too cute 🥰🥰,1
11902,8z_YVi-NycI,Chukku ko itna daroga to kyase ayaga aap ke pass Elvish 😂😂😂,40
11903,8z_YVi-NycI,Mera bhaiiii❤,0
11904,8z_YVi-NycI,Ram ram Elvish Bhai ❤,2
11905,8z_YVi-NycI,Elvish bhai ❤,0
11906,8z_YVi-NycI,Your vlogs was best ❤❤,0
11907,8z_YVi-NycI,Aap varanya ko etne drarhe ho phir badme komal di aapke baso  ko darahegi 😂 aap ghar par rahte ho to khud base banjare ho hana 😊 aap kush bhi bana lete ho ham sab rahe hai  khane ke liye aap banake rko 😂 bhut pyara vlog love you family so cute ❤👌🥰,0
11908,8z_YVi-NycI,Isliye chukku aap se darta hai or aap ke pass nahi ati 🤣🤣,1
11910,8z_YVi-NycI,Bohot acha vlog tha ak dam badhiya ❤❤,0
11911,8z_YVi-NycI,😍 wholesome vlog,3
11913,8z_YVi-NycI,Elvish bhaii❤,0
11914,8z_YVi-NycI,Elvish bhaiii❤❤,0
11915,8z_YVi-NycI,Are bhai wo mridul ka kuch tha n yaar,1
11917,8z_YVi-NycI,Mama ❎ kans mama ✅,1
11919,8z_YVi-NycI,Tomara mummy ki dress ka collection bohot achha hai. Khaha se leti hai,0
11920,8z_YVi-NycI,Jai shree Ram bhai HaR HaR Mahadev Ghr ghr Mahadev,0
11921,8z_YVi-NycI,Chukku mamu masti ❤❤🧿🧿,4
11922,8z_YVi-NycI,13:09 Best part 😂 Mummy is on top Masti ❤,40
11923,8z_YVi-NycI,Elvish bhaiya Ram Ram ❤❤❤❤,6
11924,8z_YVi-NycI,Ogod dard ho raha hoga bhout,0
11925,8z_YVi-NycI,ELVISH BHAIII ❤️ LOVE YOU ❤️,1
11926,8z_YVi-NycI,NYC vlog 😅❤,0
11928,8z_YVi-NycI,Family vlog 🎉❤,0
11929,8z_YVi-NycI,where is your papa. uncleji ghr pr nhi rehte kya ab??😮,0
11930,8z_YVi-NycI,Teasing kataria is the best part of your vlog but it was little bit in this vlog but loved it ❤,0
11931,8z_YVi-NycI,Every mamu is same,0
11934,8z_YVi-NycI,Elvish pyaar Bht krta hai chukku se ❤,6
11935,8z_YVi-NycI,Elvish in his baddie era for chukku 😭😂😂  Chukku ka dar khtm ni hota aur Anvay darta nii 😂 too much fun,70
11938,8z_YVi-NycI,This is nice vlog 🫶,0
11940,8z_YVi-NycI,Chukku be like - Ye Toh Kansh Mama Hai 😂,5
11941,8z_YVi-NycI,Ksm se Love you Elvish Bhai 🥺❤,0
11945,8z_YVi-NycI,I love you bhaiya,0
11947,8z_YVi-NycI,1:24 Varnya be like : ye elvish mama nahi kansa mama he😂😂😂,142
11948,8z_YVi-NycI,❤❤ bhai kabhi ghar per mammy papa komal di ko bhi kuch banker khela deya karo ❤❤,0
11949,8z_YVi-NycI,18:00 min.ka vlog dekh kr hi khushi mil gai,24
11950,8z_YVi-NycI,Loved this family vlog ❤,2
11952,8z_YVi-NycI,Bhai Aaj ka vlog mein majja aa gaya ❤🔥🔥,0
11953,8z_YVi-NycI,Elvish bhai ❤️🙏🏻,0
11954,8z_YVi-NycI,Cutie family ❤🧿,0
11955,8z_YVi-NycI,Elvish yadav ❤,1
11956,8z_YVi-NycI,Lots of love elvish ❤,0
11957,8z_YVi-NycI,Elvish bhai 😎,0
11958,8z_YVi-NycI,Cutie elvish ❤,0
11960,8z_YVi-NycI,Bhai uncle ji na dikhi,0
11961,8z_YVi-NycI,Kanns mama😂😂😂😂😂,2
11963,8z_YVi-NycI,Bhaichara on Top 👑,0
11964,8z_YVi-NycI,Very nice elvish yadav Love you ❤❤❤❤❤,0
11965,8z_YVi-NycI,Jai shree ram bhai 🚩🚩🚩,0
11966,8z_YVi-NycI,Kuch bhi puch lu nuty ho rha hai,1
11967,8z_YVi-NycI,4:19  i thought ki yeh dono locket ki sath kya krte h rhte h khbi Samarth ke pass toh khbi elvish But kl pta chla ... Samarth ne ek nya bnwake diya h 😍🤌 🧿,44
11968,8z_YVi-NycI,Tumhara baap elvish System after 2 peg dekh ke aaaao pehle,0
11969,8z_YVi-NycI,Komal di ❤ Elvish ❤ chukku ❤🧿 anvay❤,26
11970,8z_YVi-NycI,bhai ji uncle ji nhi dikhte vlog me,0
11971,8z_YVi-NycI,Elvish Yadav ✨,0
11972,8z_YVi-NycI,System pe mut diya whaat🤣🤣🤣🤣🤣🤣🤣🤣🤣,1
11973,8z_YVi-NycI,When will be podcast out???,0
11974,8z_YVi-NycI,Elvish ji kbhi sonipat bhi aao na plz 😢,1
11975,8z_YVi-NycI,7:25 bhai bhanja hi to h ❤,2
11977,8z_YVi-NycI,1:26😂bhai varanya yeh sab bade hoke dekhegi toh app pe case v kar sakti hai😂😂,112
11978,8z_YVi-NycI,"Starting k prank for varanya too funny scenes the😅,mama n bhanji ki cute msti diikha today's in vlog👌🙌..anvay k bhi funny (luck wala) scene tha on your (elvish ji) hoodie😍😂,sweet family ..very nice vlog after days 💛",46
11980,8z_YVi-NycI,Anvay carbon copy hai elvish bhai ki bilkul 😊😊😂Dono cutie in one frame 😊❤,93
11982,8z_YVi-NycI,7:23 System pe moot diya 😂😂Elvish bhai❤😂Anway ❤baby kya kara 😂jo bhi h achha h 😂no najar 🧿❤,7
11983,8z_YVi-NycI,7:23 System pe moot diya 😂😂Elvish bhai❤😂Anway ❤baby kya kara 😂jo bhi h achha h 😂no najar 🧿❤,113
11984,8z_YVi-NycI,Baby  so cute,0
11985,8z_YVi-NycI,1:43 agar ye 24 ghante se jyada ghar par rahega to varanya bhag jaayegi 😂😂,48
11986,8z_YVi-NycI,1:28  chuku be like Kasa mama h yeh 🤣🤣,118
11987,8z_YVi-NycI,we all are wa8ing 4 systumm hoodies bhaiya plz girls hoodies bhi launch kro,0
11989,8z_YVi-NycI,Bahut handsome lg rhe ho elvish system hoody me,1
11991,8z_YVi-NycI,systumm hoodies ke liye comment bhr do elvish army,0
11992,8z_YVi-NycI,jabanupbhai bula rhe the to aap nahi gaye unke podcast me or manish bhai k podcast me gaye ye difference samaj nahi aaya vese,0
11993,8z_YVi-NycI,0:10  elvish teasing varyana is permanent 😍🤣🤌🧿,77
11995,8z_YVi-NycI,Bhai bhai thoda acha feel hua Aaj to #happyelvisharmy ❤,3
11996,8z_YVi-NycI,Specially ghar ka vlogs jada aacha lagta hai elvish bhai 😅😊,37
11997,8z_YVi-NycI,6:13 recepie???,7
11999,8z_YVi-NycI,Elvish Bhai ❤❤❤❤,0
12000,8z_YVi-NycI,https://youtube.com/shorts/ATe2YZcVLeE?si=ekMYoszp-YIvHNhs,1
12001,8z_YVi-NycI,15:57 varanya ko rulaya tha na karma mil gaya😢😢🤭🤭,97
12002,8z_YVi-NycI,Receipie ❤❤,1
12004,8z_YVi-NycI,Elvish bhaiii masti 😅❤❤❤,2
12005,8z_YVi-NycI,Home tour please,0
12006,8z_YVi-NycI,Full family vibes❤😂craving more vlogs like this anvay chukku aunty vansh bhaiya komal di prashant jiju dinesh bhai Manish bhai means full package❤,37
12007,8z_YVi-NycI,Elvish bhai 😂😂❤ 0:30,0
12008,8z_YVi-NycI,Raosahab ❤❤ 0:19,0
12009,8z_YVi-NycI,Ram Ram bhaiya ❤❤,0
12010,8z_YVi-NycI,Love from Maharashtra bhai ❤❤❤❤ 0:09,0
12013,8YP81X1Jur4,Great video yr,0
12014,8YP81X1Jur4,Ye lukha v bhtt bada supporter hai pakistan aur unki govt ka.,0
12015,8YP81X1Jur4,"Pinky flop he ye poora 

Ye zindagi ke, samaaj ke, stri ke, desh ke , akhaand bharat ke intkaam mein poorrraaa fail flop pinky flop he ye poorraa fail",0
12016,8YP81X1Jur4,Is baune ka dimag iske chutado me h,0
12017,8YP81X1Jur4,.Rakesh Bedi is 71 yrs old and he did brilliant job in the movie..u r simply defaming him...I really don't understand y are you always talking about Dhurandhar....when you didn't like the movie...accept the truth..it was a great movie and it's based on all the true incidents...,0
12018,8YP81X1Jur4,Ranbir Kapoor is an average actor not a superstar,0
12019,8YP81X1Jur4,"krk ko roast Krna kitna easy hai, aisi video mai itni sari galtiya ki hai isne  🤣 unclear facts bhi bole  hai",0
12020,8YP81X1Jur4,KRK bhai iska Real name Nabeel Gabool hai...Jameel Jamali movie mein hai..,0
12021,8YP81X1Jur4,Deshdrohi ka record koi ni tod skta kya kaam kiya tha apne dhurrendhar uske samne kuchh b ni h,0
12022,8YP81X1Jur4,I thought KRK meant kisi as kissey kissey (iykyk) 💋💋,0
12023,8YP81X1Jur4,Deshdrohi 2 Dhurandhar 2 ka saare record todsakta hai 😅,0
12024,8YP81X1Jur4,"Saale, srk aur ranbir ka chatukar....",0
12026,8YP81X1Jur4,Bechare ki ab tak jali pari hai Dhurandhar se,0
12027,8YP81X1Jur4,Chato chato Ranbeer ki chato,0
12028,8YP81X1Jur4,Phol khol 175 plz upload,0
12029,8YP81X1Jur4,Phol khol next episode plz krk 6 day se zada ho gay hae,0
12030,8YP81X1Jur4,To ne to Ranveer Singh ko bhi double dholnki kha tha but abhi to who teri dholki bja raha he😂😂😂😂,0
12031,8YP81X1Jur4,Han lukhe to ne sahi kaha tha k varun dhawan kabhi star nhi bn skta q k who to super star he abhi k time😂😂😂,0
12032,8YP81X1Jur4,Uper waly ne mujy kia Kone me bhej diya Jahan krk lukhe jese log bhi rehty hen 😂😂😂,0
12034,8YP81X1Jur4,Dhurandhar 2 <<<Dhurandhar 1,0
12035,8YP81X1Jur4,Sir me jab bhi aapko dekta hu mujhe deshdrohi ka raja yaad aa jaata hai jiske pita ji khet me ganne se maar rahe hai 😢😭,0
12036,8YP81X1Jur4,"Iski bhi jali hai 🔥🔥,bss jata nhi rha",0
12037,8YP81X1Jur4,Propaganda durandar,0
12038,8YP81X1Jur4,Rakesh bedi is a great actor.  I don't find anyone wrong in shaking hand and touching chin of girl of daughters age.?????,0
12039,8YP81X1Jur4,Muhammad bhi aisa hi tha😂,0
12040,8YP81X1Jur4,Menay kal aik old hindi movie dekhi (lakhon ki baat) jo 80s ki thi us may bhi pakistan ka naam istmal kiya gaya our aj bhi  india ki movies ko pakistan kay naam ki zarorat hoti hy hit hony kay liye yaar ap india walay sirf reel k he hero ho baki reality may pakistan super hero hay😂😂😂 baki ap log gobar khao our muttar pio our pakistan ka naam lay kar movie bunao our kush ho jao baki tu tum logo say kuch hoga nahi... Aik kaam karo tum sab indian actors ko apni army k saath pakistan par attack kr k dikho pata lag jayega k tumhara father land israel nhi jesa kay modi nay kha tha balky tumhara real father land pakistan hay real may 😂😂😂,0
12041,8YP81X1Jur4,I think krk has soft corner for pak,0
12042,8YP81X1Jur4,Amir ko bhi propaganda movie banana chahiye. Kom se kom flop ka dhabba toh meet jata.,0
12043,8YP81X1Jur4,Aditya dhar to Vivek agnihotri ka bhi baap hai jhooti aur paraganda film bana ne mai,0
12044,8YP81X1Jur4,Wakima gabbi,0
12045,8YP81X1Jur4,Iske sath sahi kiya bollywood ne😂😂,0
12046,8YP81X1Jur4,Tu bhi khush nahi hai re double dholki 😂😂😂😂😂😂,0
12047,8YP81X1Jur4,Rajinikant ne bola mast he to mast he,0
12048,8YP81X1Jur4,Srk ne jawan aur pathaan ke 80% tcket khud karide the...malum hai na?,0
12049,8YP81X1Jur4,Zameel jamaliBacha hai tu mera😂,0
12050,8YP81X1Jur4,Joker represents Pakistanis...,0
12051,8YP81X1Jur4,Abe macchar chap Tu zinda hai 😂😂😂😂😂😂😂,0
12052,8YP81X1Jur4,"bhai few weeks back about dhurandar ::: na bekar trailer hai , film flop ho jayegi",0
12053,8YP81X1Jur4,agr krk neh dhurandhar ko propoganda movie bola hota toh iski fielding set hojati,1
12054,8YP81X1Jur4,11:54 bass BJP ka prachar shuru 😂😂😂😂😂😂,0
12056,8YP81X1Jur4,Lot of actors are Jealous of the movie ..Amir is busy in his son's movie .😂😂😂😂so he's TOOO BUSY..ITS OK IF THOSE ACTORS ARE NOT ACTING IN DHAR MOVIE ..GOOD FOR THEM 😂😂😂,0
12057,8YP81X1Jur4,krk bolywood wale dhurender pe nahi bole rahe hai us per bhi news banaye ....please krk ko der kyo hai  news banane mei krk ko ab hero thodi babnna hai so pls news banaye,0
12058,8YP81X1Jur4,Jhooth bol raha hai amir,0
12059,8YP81X1Jur4,I love Rajesh bedi. Very nice man a comedian n a funny man very good actor,0
12060,8YP81X1Jur4,Rakesh Bedi is very senior actor ...shud have some respect...baccha nhi hai tum uska...😅,0
12061,8YP81X1Jur4,"Netherland uses cycle for everything because it’s reduce traffic, pollution and good for health. They are really into physical activities, sports etc and it’s really admirable.",0
12062,8YP81X1Jur4,"Pakistan ke ooper itny filme banai, agar himmat hai tau Jo China India mai ghusa hai ooske ooper movi banao tau mane",0
12063,8YP81X1Jur4,Bachhi hai wo uski,0
12064,8YP81X1Jur4,"Ham chup rehenge , kab",0
12065,8YP81X1Jur4,Iska pakistan ke liye pyaar jaag gaya 22:16 😂,0
12066,8YP81X1Jur4,Bhai...propoganda tum failaate ho......bharat mata ki.....jai,0
12067,8YP81X1Jur4,9:24 Jal raha hai... Bahut jal raha hai😂,0
12068,8YP81X1Jur4,2:55 hug diya ....bus hug diya isne... Khatam,0
12069,8YP81X1Jur4,0:20 Nahi puchunga.........😂,0
12070,8YP81X1Jur4,Yaar tum bhi bik gye ho Baut dukh hua Ek hor andh bhakt paida ho gyaShame,0
12071,8YP81X1Jur4,Abey thik se dekho aur ek bar movie.. Note jala ne pehle bi aya he Notes. Its real.. Why u have soft corner for pakistan !,0
12072,8YP81X1Jur4,We want krk in  duhranhder 3 as a jamel jamali,0
12073,8YP81X1Jur4,Chatukaar agnihotri Kangaal files kab baneyega,0
12075,8YP81X1Jur4,Ek baar ek award function m Krk ko baalti award mila tha 😂😂😅😅,0
12076,8YP81X1Jur4,"English nahi aati kya, aamir ne kya bola aur tu kya bol raha",1
12077,8YP81X1Jur4,"People in Netherlands are wise, they respect nature.",0
12078,8YP81X1Jur4,Jaggi basudev ki kahani ek bar phir se suna o na kamal bhai maja aa jayega,0
12079,8YP81X1Jur4,ranvir kapoor looks owl kon fan hai bhai uska tu hai?,0
12080,8YP81X1Jur4,Propaganda movie dhurandhar,0
12081,8YP81X1Jur4,Ranveer Singh>>>>>>>>ranbir kapoor,0
12083,8YP81X1Jur4,Yeh lukhe ko bhi ek award dede te koi…,0
12084,8YP81X1Jur4,Aap jug jug jiyo sirji 🙏🙏🙏🙏🙏,1
12085,8YP81X1Jur4,Love u KRK sahab 💗💗💗💗🥰🥰🥰,0
12087,8YP81X1Jur4,to kya cahate hai pakistan ke neta to apna sara saman bhi chatter viman se mangate hai ... vo news bhi batao .... dhurander ka jala  hamesha jala,0
12088,8YP81X1Jur4,note bandi ka sahi decission tha usi ke baad to pakistan fakir hote ja raha hai ... dhurander se krk bhi ravish/dhruv/srk/amitabh/ salman/rithik/aamir ke trah bahut hi dukhi hai bina nach gane ke ke film achi ban sakti hai,0
12089,8YP81X1Jur4,Kaum jaante ho kaum,0
12090,8YP81X1Jur4,The brand krk❤❤,1
12091,8YP81X1Jur4,13:19 lakh rupaye ki baat kahti,1
12092,8YP81X1Jur4,how to score penalty with Head,0
12093,8YP81X1Jur4,I like only Krk good man 🎉🎉🎉🎉🎉🎉🎉🎉🎉🎉❤❤❤❤❤,1
12094,8YP81X1Jur4,Lukha is back😂😂,0
12095,8YP81X1Jur4,16:47 Kamal R khan tori matari ke chodo,0
12096,8YP81X1Jur4,"Is month me sirf 5 polkhol episodes aaye, why so slow?",0
12097,8YP81X1Jur4,"Kya baat hai , krk dimag ho to aap jaisa kamaal ke ho aap.",1
12098,8YP81X1Jur4,Abey lukke note bandhi hua isliye un noton ka value nahi raha .,0
12099,8YP81X1Jur4,tuje abhi tak Samaj nahe I ye film industry hai Yahan sharm aur ikhlaqyat ka kia kaam yehan to chalta hi ye sab hai,0
12101,8YP81X1Jur4,"kuchh bhi kaho Dhuradhar1 and 2 se jabki Gaon jali toh zaroor hai, khas kr k KRK ki😆😆😆😆😆😆",0
12102,8YP81X1Jur4,india ki awam filmi awam hay .pakistan ka ghanta kuch beghaar nai sakta india.bus film bana kr khush krtay rhoo,1
12103,8YP81X1Jur4,Abhi Kuch tha nhi film 😊,0
12104,8YP81X1Jur4,bhai india ki awam ko pakistan ko galiyan deni hain kyu k asli mei toh pakistan ka kuch beghaar nai saktay is lye sb hit formula use krein gay,1
12105,8YP81X1Jur4,Dalle sahab safe country dubai kab jaoge😂😂😂,0
12106,8YP81X1Jur4,According to him only khan movies is good,0
12107,8YP81X1Jur4,2027 me record totega nhi banega jab mahesh Babu ki varanasi movie ayegi,0
12109,8YP81X1Jur4,2:50 ye aaya range(aukat) me,0
12110,8YP81X1Jur4,Netherlands mein kattar terrotist soch wale Muslims nhi  he isliye terror ka khatra kam he😂😂,0
12111,8YP81X1Jur4,That evil laugh 😅,1
12112,8YP81X1Jur4,Krk give the benefit of doubt. Maybe there was something on Ananyas chin that he was cleaning,0
12114,8YP81X1Jur4,Tumare desho main toh election hi nahi hote Bhaiya,0
12115,8YP81X1Jur4,Lodu uska interview ist part ke baad ka hai,0
12116,8YP81X1Jur4,Pinkvila website developer mai hoo,0
12117,8YP81X1Jur4,"'Dhurandhar 2' Gareeb, Unpadh , chutiyo ke liye bani huyi ek propaganda film hai🤏",1
12118,8YP81X1Jur4,Those calling dhurandhar a propaganda film are traitors,0
12119,8YP81X1Jur4,krk Lukkhe … Iam a highly educated 9TH FAIL and i speak very good English…,0
12120,8YP81X1Jur4,Pro pakistani will only not praise Dhurandhar.,0
12121,8YP81X1Jur4,Remember Aditya dhaar don't need your superstars (bollywood)... bollywood needs Aditya dhaar. Public hum hai aaur hum decide kar liya hai flim dekhenge to aditya dhaar ki auur kisika nahine.,0
12122,8YP81X1Jur4,Thumra bada superstar koin hai??? Thodha bata dijiye....sab ke sab flop actors hein....andar he adaar tum jaal rahe ho... public know that very well.,0
12123,8YP81X1Jur4,1:28 kuch bhi 😂😂😂😂,2
12124,8YP81X1Jur4,"KRK:Cannot fathom why you keep misleading the viewer of your videos on film reviews (particularly this Dhurandhar 1 and 2). I shall itemize my points of rebuttal/critique as below. 1.  “notebandi” (demonetisation) indeed put a stop on hawala that funded terrorism in India. In the film (Dhurandhar 2) it was shown that a phone call came to this associate/sidekick of Major Iqbal and then he communicated that Rs. 60,000 crore of notes in high denomination cannot be sent to India through Nepal. Mind you that after this information was made clear, then it was immediately shown Modi making the announcement of banning high value notes on Rs. 500 & 1000. After that it was shown Hamza Ali Mazari (aka Jaskirat Singh Rangi) exploding that godown full of notes about to be sent to India through Nepal. You got all the sequence of facts mixed up in your stupidly hilarious attempt to defame monetisation, because your Muslim brothers across the border were most inconvenienced.2. SLB, Raju Hirani and other directors who may have hired you as their paid propagandist have not been able to make a film like Dhurandhar so far. These directors surely make very good films - particularly SLB - but not like Aditya Dhar. So, your prediction that no one shall ever work with Aditya Dhar implies that the actors would jeopardize their own career. 3.  No director or mega actors like Shah Rukh Khan, Amir Khan, and Salman Khan have shown any enthusiasm for the film’s success because they are both afraid and jealous of Ranveer Singh Bhavnani and Akshay Khanna. They know too well that they can act only in films which are shallow and boring; like “Pathan”, “Tiger” and “PK” (blasphemous type). They don’t have the skill to brave it through Dhurandhar. It is this insecurity that kept them away. This list also includes Ranveer Singh’s wife Deepika Padukone who acted as the ISI agent in Pathan with SRK. 4.  The two part movies are certainly not “propaganda”. Yes Deepika Padukone and Hrithik Roshan are voicing their trashy opinions. But everybody with some brain knows that given the sensitive nature of the subject of the spy thriller, much information cannot be released. If anything classified was shown by accident then the NIA, Army and other Indian intelligence agencies would have taken much objections putting the film’s operators and actors to task - probably have thrown them in jail. This is the custom even in USA, and I am sure that ignorants like you are unaware of such consequences. Since the character of Ajit Doval (NSA advisor of cabinet rank) has not objected, it can be safely assumed that the film is not a propaganda containing fiction to malign Muslims or Pakistani. The film’s objective was to show how and why Indian sleuths prepared for revenge.I am sure that ignorant clowns like you have never thought through all this. But like your original self you are too happy blabbering what Deepika Padukone and Hrithik Roshan thinks of Dhurandhar. Most of your reviews are dumb; but some of us are alarmed that by spreading ignorance you are duping the uninitiated audience to most callous and destructive bias which is not to be overlooked.Sincerely,KKK",0
12126,8YP81X1Jur4,"@krk ji akshay ki english bahut achi hei , aur pm wali video 5 saal purani hei cycle ki",0
12127,8YP81X1Jur4,Sh*t 💩💩💩💩reporter of Bollywood!,0
12128,8YP81X1Jur4,Aa gaye jail se ???,0
12129,8YP81X1Jur4,There is no Leader in Liyari call Jamil Jamali as shown in Movie “Dharandhar” it’s absolutely Fake and Wrong?,0
12130,8YP81X1Jur4,pakistan had sent lot of counterfeit currency before the very big chunk came..in india the duplicates were going for a while and pakistan had same plate sold by congress so don't think one chunk was destroyed which was specifically planned for UP election 2017 .When pakistan had india plate..they could have just made another batch..so yes modiji did great job by demonitisation,0
12131,8YP81X1Jur4,Ranveer Singh is better than boring Nepo Ranbir Kapoor.,0
12132,8YP81X1Jur4,"Krk meethe, kashmir file jaisi movie tere jaise gaddaro ke liye banni thi",0
12133,8YP81X1Jur4,"Arre bhai logo ghanti daba do bhai, nahi to yeh naraaz ho jayega baat ko samjha karo 😅😅😢",0
12134,8YP81X1Jur4,nice outfit goes well with your wig,0
12135,8YP81X1Jur4,"KRK sir aap padhte ya research nahi karte kya , note bandi ke baad kitni fake currency pakdi gayi hai thoda bolne se pehle soch liya karo gov. data hai pura year wise fake currency ka.",0
12136,8YP81X1Jur4,How does it matter what a pakistani politician thinks. Kuchh bhi. Aur rahi cycle ki baat toh politicians chhod… Tu bhi ab cycle hi chalaya kar. Lukkhe teri original aukaat cycle ki hi hai… vo bhi second hand.,0
12137,8YP81X1Jur4,Jali jali😂😂😂,0
12138,8YP81X1Jur4,"In D company walo se kisi ko farak nahi padta hai , log boycott kar chuke hai in lukkho ko fake collections dikhate hai , hyper banane ke liye bus , khud hat jayenge thode time me yeh.dhurandar fictional or propaganda hogayi toh Haidar/shikara jaise movies kya hai extreme propaganda 😂.dhurandar is a fictional movie with timeline based and inspired from reality.",0
12139,8YP81X1Jur4,Bakwaas video.,0
12140,8YP81X1Jur4,Bhai wo jameel jamali nahi hai Nabeel gabool hai 😂,0
12141,8YP81X1Jur4,Imran is handsome... tumko dekhte hai toh Imran ko kyu nhi,0
12142,8YP81X1Jur4,15:00 jhoot q bolrahy ho Bollywood Hungama k YouTube channel pr tera interview abi bhi hai tu kehrah hai k Virun Dhawan is Next Super Star 😂😅,0
12143,8YP81X1Jur4,14:15 Abey lukhhe Tu yeh bhi kehrah ta k Pathaan aur jawaan ka record agle 50 saal mein nai totega 😂😅,0
12144,8YP81X1Jur4,I was in pehelgam in Jan local log bole modi ne kiya,0
12145,8YP81X1Jur4,Bharat ki janta kudh cycle par chalti hai aur arabpati neta k liye kutton ki tarah ladti hai aapas mein....isliye gareeb k garreb rehti hai...🤣,0
12146,8YP81X1Jur4,100-200 rs ka award 😂😂😂,1
12148,8YP81X1Jur4,Progenda 😂😂😂,0
12149,8YP81X1Jur4,Propoganda hai c grade bhi kama sakti hai kyuki pura bjp ki laal karne me lage hai,0
12150,8YP81X1Jur4,This joker is now showing Pakistan videos to prove that Dhurandar is a propaganda movie. How low this joker can go.,0
12151,8YP81X1Jur4,Abey saaf saaf bol na teri Dhurandhar ke success se jali hui hai..,0
12152,8YP81X1Jur4,1:34 JEALOUS KRK,0
12153,8YP81X1Jur4,Bhai agr budhau pr video ni aaya to unsubscribe Ek baar budhau k rail bnwa do😅,0
12155,8YP81X1Jur4,Tatighar se video bana raha hai,0
12156,8YP81X1Jur4,Ander hi ander sub ki fati pari hai box office dekh ker.dhurandhar nay Bollywood ki neev hilaa daali hai.lagta hai sub ki achey din khatam honey waaley hai,0
12157,8YP81X1Jur4,Abe gadhe tu toh kehta tha ki Ranveer Singh ka career khatam ho chuka hai ?,0
12158,8YP81X1Jur4,"Realistic movie ko propaganda film hi kahoge khan sahhab, bhusan Kumar bi mithai khanewala hai. Wo apne baap ke ulta hi jaa raha hai😂",0
12159,8YP81X1Jur4,"Jinko bade bade star bolreheho khan bhai, wo ghante ke star hai ab. Ye sab propaganda Bollywood tha, ab des ki janta reality ke movie hi dekhenge, fake Bollywood lost already",0
12160,8YP81X1Jur4,Yeh aadmi bhi propoganda hai,0
12161,8YP81X1Jur4,Ye to neela 🛢️ lg rha h😂,0
12162,8YP81X1Jur4,Yah galat hai ladki log ke sath photo nikaalne bola tha new Rajpal Yadav ko Badnaam kar rahe ho,0
12163,8YP81X1Jur4,Jai Shree Ram 🙏🙏🙏🪔,1
12164,8YP81X1Jur4,Chamaat toh krk ko lagane chahiye 😂,0
12166,8YP81X1Jur4,KRK sar pure Bollywood ki man bahane karke  ant mein bolate Hain Satyamev Jayate😂,1
12167,8YP81X1Jur4,"Hello sir Namastey, Abhi recently apse infinity mall main milna hua tha, maine apne songs ke liye apko approach kiya tha, apke sath main jo sir the unka number apne diya tha, thank you so much sir aap bahut down to earth hai 🙏🌺",0
12168,8YP81X1Jur4,"To taye huwa dhurandar 1 ,2  k baad raveer shing bada star hogya ranbir Kapoor nhi",1
12169,8YP81X1Jur4,Jameel Nahin real main name hai Nabeel gabol,0
12170,8YP81X1Jur4,Abe lukhe chhune se kya hota hai chuneke liye kon thappad maregaa😂😂,0
12171,8YP81X1Jur4,2:49 ek baar ye kahta hai ki bollywood mein koi kisi ki film success nahi hone dena chahta yahi reason hai samjha tu ek baar kuch ek baar kuch apne bias ke liye lukkha kahi ka 😂😂,0
12172,8YP81X1Jur4,18:19 sabse zyada tickets tera Hakla khareedta hai bhai 😂,0
12173,8YP81X1Jur4,Shahrukh Khan lauraa khan hai,0
12174,8YP81X1Jur4,14:19 bhai bass kar,0
12175,8YP81X1Jur4,"Dhurandhar is rockingSamosa critics like Rathee, KRK and Sucharita busy buying Burnol 😂😂😂",0
12176,8YP81X1Jur4,Do kauri ke gutter chhaap ki Akki se bhi kitni jalti hai,1
12177,8YP81X1Jur4,Aaj krk phir bathroom mein beth kar video bana raha hai 😂😂 99,2
12178,8YP81X1Jur4,Abbey Teri itni jal kyun rahi hai dhurandhar se?,1
12179,8YP81X1Jur4,Bollywood waalon ki jali padi hai isliye kuch nhi bol rahe movie ke bare mein,1
12180,8YP81X1Jur4,Agar operation sindoor par movie ban rahi hai toh usme propaganda kya hai aur agar pakistan ko gaali padengi toh usme tujhe kya problem hai bhai,0
12182,8YP81X1Jur4,Nala supara mey ho ya London lukky kahee kay 😂😂,0
12183,8YP81X1Jur4,Have a respect for Rakesh Bedi ji. He is a legend. Also somtime your interpretations are wrong. Hugging is not the same as sniffing.He just touched their cheeks and chin out of affection,0
12184,8YP81X1Jur4,Gaali upshabh upshabh gaali gaali gaali... kyu h kya h aap sab samjhdar ho,0
12185,8YP81X1Jur4,15:05 jhute 😂,0
12186,8YP81X1Jur4,Why u tak serious it's small thing he didn't press the brest,0
12187,8YP81X1Jur4,Bolne de jehadi ko dard ho raha hai,0
12188,8YP81X1Jur4,Pakistan Kai uss politision ka nam Jameel jamali nahi Nabeel gabol hai,0
12189,8YP81X1Jur4,Main nhi maanta ranbir kapoor sabse bada superstar 😂😂😂😂😂 carractor wise dekhe tohh ranvir singh hai ❤❤❤❤❤,0
12190,8YP81X1Jur4,"All so called stalwarts of Bollywood are jealous and annoyed with Aditya Dhar and his Dhurandhar movies. They made films with Daud Ibrahim's money, and their film's actresses slept with Daud and his criminal gang members.",0
12191,8YP81X1Jur4,Lekin kiara ki matke mast lag rahe the😂,0
12192,8YP81X1Jur4,When KRK lugging 😂😂😂😂,0
12193,8YP81X1Jur4,"9:00 Neither SRK, nor Ranbir are top actors...They are so insecured about Ranveer's rise now...thats why all this drama.....",1
12194,8YP81X1Jur4,"This was nabil gabol not jamil jamali... Nabil gabol says jamils character is inspired by him. Fake news, reviews, analysis, movies.. kuch asal or sachi baat bhi karo yaar. Jahil KRK",0
12195,8YP81X1Jur4,KRK...ko Gaand jal rahara,0
12196,8YP81X1Jur4,Dhurandharc2 ka kya review 😂😂😂,0
12197,8YP81X1Jur4,Missing your videos 😂,2
12198,8YP81X1Jur4,"Main 20 Saal se Bollywood ki filme dekh raha hoon, mujhe bhi trophy chahiye 😂😅",0
12199,8YP81X1Jur4,Duffer you are propoganda,0
12201,8YP81X1Jur4,Aur tuuu lukha Bhooth bangla ki tareef ni kr raha,0
12202,8YP81X1Jur4,Good reporter 👏,1
12203,8YP81X1Jur4,Shut up.. His real name is Nabeel Gabol.. Not Jameel Jamali...,0
12204,8YP81X1Jur4,Krk big shame1on1you1..kashmir file bangal file propaganda h..Agaye musalamni Oqat p😡,0
12205,8YP81X1Jur4,Boot bangla flop jayegiI pray to god,0
12206,8YP81X1Jur4,ANPADH AADMI,0
12207,8YP81X1Jur4,Ranveer singh he biggest hero,0
12208,8YP81X1Jur4,Ranveer singh is biggest star both this star will struggle to touch dhurandhar 2 box office collection as solo lead for next 10 years,0
12210,8YP81X1Jur4,24:10 Chappal pehen ke cycle pe baith ke chala gaya 😅,0
12211,8YP81X1Jur4,Ravi Kishan is a joker,0
12212,8YP81X1Jur4,Abe Lukkhe! Netherlands ka news bahut purana hai. Mark Rutte abhi NATO Chief hai.,0
12213,8YP81X1Jur4,Bollywood is run by daud funding and bollywood make pro pakistan movie now this man aditya dhar making pro india movie thats why south supporting dhurandhar 2 and daud chamcha Anil kapoor salman khan hate this movie,1
12215,8YP81X1Jur4,Pehle Movies Banti Thi Inspire Karne Ke Liye Acchi Acchi Stories Hua Karti Thi But Ab Nafrat Phelane Ke Liye Propaganda Movies Banti Hain.😡😡,0
12216,8YP81X1Jur4,Nabeel name hai uska Jameel nahi,0
12218,8YP81X1Jur4,Akki se jali kyon h teri,0
12219,8YP81X1Jur4,Bhai iski kun jal rahi hai😅,0
12221,8YP81X1Jur4,Dhurandhar  is best movie so far.  Why are you so jealous about it. Modi ji dobhal ji are jewel of india,0
12222,8YP81X1Jur4,You are very entertaining and your laughing style is amazing to tease haters,1
12223,8YP81X1Jur4,Krk tujhe ghante ki knowledge hai4-5 topic tu Bina reasearch ke bata raha hPehle khud updated rha kr,0
12224,8YP81X1Jur4,KRK maan ni rha par Dhurandar se jali to iski bhi hai tabhi Ranbir aur SRK ko Sabse bada Superstar bol rha hai but Ranveer Singh is the new king 👑,0
12225,8YP81X1Jur4,Abe Aisa blezer to kal maine apne house help ko gift Kiya 1500 ka aya,0
12227,8YP81X1Jur4,KRK bhai aapko kuchh samajh aati hai ki aise Jo Hun Main to bakte rahte,0
12228,8YP81X1Jur4,Pyar ke bhai jab imran Khan ki pahli movie I Thi tab aapko Koi jaanta bhi nahin tha aur imran Khan superstar Hi tha use samay,0
12229,8YP81X1Jur4,"Arre bhai logo ghanti daba do bhai, nahi to yeh naraaz ho jayaga, daba do nahi to yeh naraaz ho jayega baat ko samjha karo 😅😅😢",0
12230,8YP81X1Jur4,Sabko award mila but KRK ko juta 👞 mila 😂😂😂🤣🤣🤣 salle 2 rupees ghatiya insaan 😂😂😂😂,1
12231,8YP81X1Jur4,Orgnl jameel ki 1st part ke baad sunna kya bola tha,0
12232,8YP81X1Jur4,Bsdk 10 hjaar kror india a gya tha 60 or aa tha agar note bandi nhi karte to wo bhi a jata,0
12233,8YP81X1Jur4,Modi produced dhurandhar,0
12234,8YP81X1Jur4,Ask kuch jayadi hi stressful lag raha tha.  Kya hua log ghanti nahi dabba re 😅😅😢,0
12235,8YP81X1Jur4,Modi low iq Dhurandhar supporters activated,0
12236,8YP81X1Jur4,kkr ABHI BHI TU ENGLISH MEI BAAT KAR SAKTA HAI,0
12237,8YP81X1Jur4,Par tumne to kha tha ye nhi chlegi dhurandhar,0
12239,8YP81X1Jur4,"Bollywood wale propaganda samjhe ki naa samjhe ham sabko pata he tujhe ye lagta he tu Maan ki naa man ,ugrabadi octopus triple dholki",0
12240,8YP81X1Jur4,A great entertaining episode after many days,1
12241,8YP81X1Jur4,4:40 krk ko bhi 30 saal hogye lukkha giri krte hue uski bhi trophy banti hai.,0
12242,8YP81X1Jur4,1:41 iss lukkhe ne khud 8-10 ladkiyo se chamat khaya hua hai,0
12244,8YP81X1Jur4,Chachundr 2 movie ka Sach se door tak bhi koi taalluk nhi hai sirf do taangon ke Jaanwaron ko Khush krne ke liye farji drama hai,1
12245,8YP81X1Jur4,Abey rakesh did it as if they are his children.,0
12246,8YP81X1Jur4,22:39 krk Bhai he not Jameel jamali he is Nabeel gabol Baloch real name,0
12248,8YP81X1Jur4,Jamil jamaali real name nabil gabool he janab,0
12249,8YP81X1Jur4,14:59 lukhe tera bollywood hungama ke YouTube channel pe interview hai jaha tu bol raha hai Varun Dhawan is the next big superstar in Bollywood 😂,11
12250,8YP81X1Jur4,"Propoganda hai toh tu bhi bol na lukkhe darta kyu hai😂Rahi baat bollywood ke bade stars aur directors ki, ye saare 1990s-2000s mien establish hue hain aur aadhe D Company ki meherbani se ubhre hue hain isliye chup baithe hain.",0
12252,8YP81X1Jur4,Vai 4fit 2 inch Varun dhawan,0
12253,8YP81X1Jur4,Baap ki umr ka hai vo bacche jaisa chhu raha hai vo,0
12254,8YP81X1Jur4,Ranbir Kapoor sir indian biggest superstar 💯🔥,0
12255,8YP81X1Jur4,Pink willa walon ko sayad nahi pata aapke bhi 174 episode ho gaye hain. Me yad dilata hun next time ke,0
12256,8YP81X1Jur4,Krk ki biwi mitai acchi khilati hai padosiyo ko😂😂😂,0
12257,8YP81X1Jur4,Kam akal movie tho dekh leta chal jo sach hai even I don’t know but as per movie note bandi ki vaza se jo note pak mai tha raddi ho gaya tabhi note bandi hui,0
12259,8YP81X1Jur4,Propaganda hi v to pakistan k khilaaf..to is desh k pakistan premi ko burra to lgega..aur jydda bollywood wala pakistan premi hin,0
12261,8YP81X1Jur4,Tu bhi ek propaganda hai naspeete,0
12262,8YP81X1Jur4,No critic can make or unmake a film. Dhurandhar franchise has become India's highest earning films. Bollywood stars and directors are jealous of Aditya Dhar.,0
12263,8YP81X1Jur4,Ye Akki sabse bada feku hai 😂😂😂,0
12264,8YP81X1Jur4,Mathersud kashmir file kaise propoganda movie hogaya tumhare liye pehelgam bhi propoganda hoga,0
12265,8YP81X1Jur4,Sar aapki video dekhkar maza bht aata hai,0
12266,8YP81X1Jur4,Missing “project kaise bana hoga” deeply,0
12267,8YP81X1Jur4,24:50 Abe lukhe Netherland ka culture h ye Abe Saale kuch pta h tujhe ya nhi 😂😂😂😂,0
12268,8YP81X1Jur4,Producer & Director By Modi (BJP),0
12269,8YP81X1Jur4,Krk sir movie agr achi ho toh usko blockbuster bnne se koi nhi rok sakta hi aur sir aapka video se ek baat aur samajh aa chuki hi ki agr pathaan jaise movie jisko advertisement corporate booking se hit hogi toh dunki aur king pe farq prega jo salman khan ke sath bhi yahi hua,0
12270,8YP81X1Jur4,Kitnaaa jhaltaa hai yeh Srk kaa chamchaa😂😂,1
12271,8YP81X1Jur4,Border bjp ke pass tba phir 11k crore aur 60000 crore aa kaise rahe the,0
12272,8YP81X1Jur4,"Are ma,,,,, d operation sindoor PRPOGANDA film h tu PRPOGANDA se hi paida hua hai",0
12273,8YP81X1Jur4,Dube jii ankit,0
12274,8YP81X1Jur4,"Apne 10 Saal puraane vdos dekho, aap VARUN DHAWAN ki taareef karte thakte nahin they.",0
12276,8YP81X1Jur4,Lukkhe 😂 Zinda hai Tu 🤣☠️,0
12277,8YP81X1Jur4,JAMEEL NI HY NABEEL GABOOL HY,1
12278,8YP81X1Jur4,Yeh lukkha pakka meetha lag raha hai,0
12279,8YP81X1Jur4,Ranbir kapoor top actor 😂😂😂 Joke of the century,0
12280,8YP81X1Jur4,Iss pakistan chamche ko peeto koi,0
12281,8YP81X1Jur4,This guy is always anti hindu anti indian   mentally,0
12282,8YP81X1Jur4,"John Abraham ki film aai thi , jiska naam Tehran tha, 4 saal purana picture hai, Beta KRK video banane se pehle home work karke aaya karo, kya Critic banega re tu",0
12283,8YP81X1Jur4,"When Bahubali released,  none of the so called big stars prsised the movie. The same for Dhurandhar. They are all jealous😂",1
12284,8YP81X1Jur4,Ranveer Singh not Ranbir Kapoor,0
12285,8YP81X1Jur4,"KRK ka ek video yaad mujhe, usme KRK bol raha tha reports ko  ki wo sirf English bolta hai, muje hindi nahi aati😂",0
12286,8YP81X1Jur4,Netherlands say kash hmara desh bhi kuch sikhta corruption mai mauj karhe h sab aur janta ko propaganda movie mai interest h bas,0
12287,8YP81X1Jur4,Jab v bored hojata Hu toh krk ko dekh kar has Leta Hu 🤣🤣🤣🤣🤓🤓🤓 bahut lamba kheloge girdhari lage raho 🤓🤓🤓,0
12288,8YP81X1Jur4,Only dhurandhar ☠️ 1000 cr par sirf 7-8 dino mai,1
12289,8YP81X1Jur4,9:25 Ranveer Singh crying in corner 😅,0
12290,8YP81X1Jur4,"Jab tak Hindustan mein cinema hai, tab tak log CHU**YA bante rahenge",0
12291,8YP81X1Jur4,4.30 Lukkhe ko trophy kyu nhi mili Deshdrohi ke liye 😂,0
12292,8YP81X1Jur4,Jameel jamali Nahi Uska Naam Nabeel Gabol,0
12293,8YP81X1Jur4,"24:50 rajaneeti krna chor de KRK Bollywood ki G me ghusta h Whi tk reh, har Indian k PM k pas billions ki sampatti ni hoti, haan agr uss bar dancer ki family k bare me keh rha h toh shi h",0
12294,8YP81X1Jur4,21:40 gadhe ka jana KRK note India Pauchte rehte the lekin jb ranveer Singh ko pta chla to usne rokne ki Kosis ki movie me,0
12295,8YP81X1Jur4,Krj.sir.main.aap.ka.revuew.besabri.se.intezar.karta.hoon,0
12296,8YP81X1Jur4,16:50 Arjun rampal ne badla aise liya hindustan me beathe Pakistani supporters ki sulga di jaise dhruv raathi or Congressi,0
12297,8YP81X1Jur4,epstein files  ke upper movie kyu nahi banate,0
12298,8YP81X1Jur4,Engagement ti raveena ke sath hue the,0
12299,8YP81X1Jur4,Fake news Alert: Pinkvilla is owned by Nandini Shenoy. Uncle ne bola tha Jawan ka record agle 10 saal mein koi nahi tod sakta hahahahah ab same dialogue dhurandhar 2 pe chipka diya. Rs.2 critic.,0
12300,8YP81X1Jur4,Lukkhe buddhey kitna jhoot bolega,0
12301,8YP81X1Jur4,"What the problem of making film against Pakistan isi and terrorist,Pakistan is enemy country there stated policy bleed india with thousand cuts.propaganda woh filmain hain jo aman ki asha dikhate hain.",0
12302,8YP81X1Jur4,Real propaganda is isi and raw working together for peace.raw people marring isi people.where reality is isi has given only terror and tear to india.,0
12303,8YP81X1Jur4,9:58 abey lukhe aaj tu mujhe yeh bata hee de ki Army ka kiya hua ek operation propaganda kaise hua Modi hate mai itne andhe ho gaye ho ki Army ke sacrifices aur operations ko bhi propaganda bolte ho,0
12304,8YP81X1Jur4,19:01  bhai Prabhas is The Most over rated Actor in country !,1
12305,8YP81X1Jur4,Cycle wala shandar tha,0
12306,8YP81X1Jur4,23:15 abe lol ye Nabeel gabul Jameel jamali nahi,0
12307,8YP81X1Jur4,"1:32  this is extremely Normal , do not Try to sensational everything!",1
12308,8YP81X1Jur4,Bhai tere baton se tere vichar pata chalta hain aur tere vichar batatein hain k tu kitna bada gawar aur jahil insaan hain,0
12309,8YP81X1Jur4,Akshay kumar is very handsome so is Ranbir Kapoor ❤,0
12310,8YP81X1Jur4,sharukh ki film king ke baare me bol nahi chalegi,0
12311,8YP81X1Jur4,Agar mai producer hota to khali Pakistan pr hi movie banwata aur har movie me modi ji ko hi hero leta aur har movie me Modi ji Pakistan ko destroy kr k hi wapas aata aur mai kuch saalo me desh no01 paise wala hojata magar afsos 😢,0
12312,8YP81X1Jur4,Mithayi aur chamcham ke dialogue bolna kyu band kar diya Sir aapne? 😢,3
12313,8YP81X1Jur4,Tangna uthawat thak gai buddhi ho gayi,0
12314,8YP81X1Jur4,Neelu taklu aa gaya patch laga ke buddha,0
12315,8YP81X1Jur4,Krk. Is. Back,0
12316,8YP81X1Jur4,Hakkle ka beta aur krk ki beti me jabardast loodo chal raha hai isiye krk srk ki tatti chaate bagair reheta nahin hai,0
12317,8YP81X1Jur4,"Thank you krk sir Recently I gave an exam in which there was a question related to director Anees bazmee's reunion with a famous actor. My answer was correct, it was Akshay Kumar. It was possible because I watch your bollywood related videos so I genuinely thank you",1
12320,8YP81X1Jur4,"Rakesh Bedi se jyaad tarki toh woh dono ladkiyan hai, dekho response bhi to de rahi hai",0
12321,8YP81X1Jur4,"Jo note india mae tha wo bekar ho gaya, ye muslim wala logic har jagah mat lago",0
12322,8YP81X1Jur4,For Bollywood peopleKashmir FilesKerela FilesBengal FilesBaramullaDhurandhar both parts are propaganda bcoz whichever movies expose our enemy Pakistan n expose so called secularism bollywood people specially these Khans won't like them. For them ISI is a friendly org just like Pakistanis are n real enemies are nationalist Hindus.,0
12323,8YP81X1Jur4,"Sidhi baat hai , desh drohi logon ko dhurandhar acchi nahi lagegi",0
12324,8YP81X1Jur4,Samosa received from RK😂,0
12326,8YP81X1Jur4,Muslim logo koi bhi poll kholo toh sabhi log ek satg sath propaganda  propaganda karega,0
12327,8YP81X1Jur4,Shahrukh khan muslim k propaganda actor hai,0
12328,8YP81X1Jur4,Amazing episode brand krk💯💕,1
12329,8YP81X1Jur4,❤❤krk jihadi ki dhurandhar 2 se jali padi h ❤❤❤❤❤,1
12330,8YP81X1Jur4,❤❤❤krk pakka jihadi h ❤❤❤,1
12331,8YP81X1Jur4,"Tum sale thali kae bagan wo, kabhi edhar kabhi udhar",0
12332,8YP81X1Jur4,❤❤❤agaya sunny deols ka sala ❤❤❤❤❤❤,1
12333,8YP81X1Jur4,Bollywood nahi Khanwood,0
12334,8YP81X1Jur4,Y do u love pak so much? Pahalgam attack me kya huwa tha tujhe nhibpata kya? Phir propaganda propaganda q kr raha h bewakoof insaan? Propagnda word ka definition pata v h??,0
12335,8YP81X1Jur4,katwa rhe to acha hindu sachi dikhai to Krk bolta hai Propogenda 😵‍💫,0
12336,8YP81X1Jur4,kon kon chhta hai Krk apni mithai ki dukaan khol le,0
12337,8YP81X1Jur4,krk ki mithai srk or Ranveer kapoor ne khali 😂,0
12340,8YP81X1Jur4,He is nabeel gabol not jameel jamali,0
12341,8YP81X1Jur4,Aa gaya lukha duble dolki 😂,0
12342,8YP81X1Jur4,Vo log andar he andar dhurandhar ko propoganda film nahi maan rahe ..un sab lovedo ki dhurandhar ko sabhi log pasand kar rahe hai ye dekh kar fati padi hai.. kyu ke bollywood ke jine bhi bade stars hai ek to unki filme ch@tiye jaisi hoti hai..aur baki south walo ne unki maar ke rakh di hai..aur jo kuch bacha tha vo kaam dhurandhar ne pura kar diya..to saale sabhi so called bollywood stars ki jali padi hai..to vo ise propoganda he batayenge😂😂,0
12343,8YP81X1Jur4,No i dont agree Now Ranveer Sing is NO1 plz accept,0
12344,8YP81X1Jur4,Neeli Jacket me Avatar ke Tatte lag rahe ho.,0
12345,8YP81X1Jur4,KRK ❤ THE REAL KHAN❤ BADASSSSSSSS,0
12346,8YP81X1Jur4,Ranbir singh ke samne SRK ab kahi bhi nhi tikta sach bat ye hai ki SRK ab flop ho chuka hai use ab man lena chahiye ki vo budda ho chuka hai Jise ab filmo m ab bap🧔 dada👴 ka role karna chahiye aur ye bat ab krk tumhe bhi bol deni chahiye 😅😂😂,0
12347,8YP81X1Jur4,So True no one like Ranbir🩷,0
12348,8YP81X1Jur4,Ustad Jameel jamali aik fictional character or name he is politician ka nam Nabeel gabool he ...Ustad Thori research kar Liya karo ...,0
12349,8YP81X1Jur4,Ye jhantu pagal ho chuka hai...,0
12350,8YP81X1Jur4,"Ramayana will be a big flop ....many movie's and serials are already made on it ....I don't think people will watch same story again and again,    RAMAYANA lacks surprise factor ...",0
12351,8YP81X1Jur4,13:25 Wah kya muskurahat hai😂😂😂😂,0
12352,8YP81X1Jur4,KRK accept now Ranbir tere jala diya accept kara he wins,0
12353,8YP81X1Jur4,Kangna didi ke sath Modi ka ghapa ghap ke bare main discussion chahiye.Didi ne mithai baat ke MP bane 😁,0
12354,8YP81X1Jur4,Krk ap me b dimag nahi hai. Ye videos ap sirf entertainment purpose ke liye banate ho. First page pe disclaimer diya hai for entertainment purpose only,0
12355,8YP81X1Jur4,Dhurandhar 1 was good movie ....Dhurandhar 2 is propaganda movie....,0
12356,8YP81X1Jur4,Ranveer Singh  ko chota dhikane ke liye yeh news 9:36,0
12357,8YP81X1Jur4,English kese bologe hehehehe 😂,0
12358,8YP81X1Jur4,dhurandar ka mtlb hai bjp,0
12359,8YP81X1Jur4,KRK be chhachundar ek propaganda film hai baat khatam 😂😂,0
12360,8YP81X1Jur4,Shilpa shetty ke dress ke neeche krk ka wig lag raha hai 😂,0
12361,8YP81X1Jur4,Krk ne ranbir ki mithai khai hai 😂,0
12362,8YP81X1Jur4,Ranbir kapoor next line-up1. LOVE & WAR2. DHOOM 43. RAMAYAN 1&24. ANIMAL PARK,0
12363,8YP81X1Jur4,Ranbeer singh top actor,0
12364,8YP81X1Jur4,KRK video is more entertianing than bhaijaan 🍉🌸,0
12365,8YP81X1Jur4,Ranbir Kapoor is the king of bollywood today...,0
12366,8YP81X1Jur4,Kashmir files was reality. And bollywood waale to anpadh hain. Wo reality ko nhi mante,0
12367,8YP81X1Jur4,Ekbar tune b kaha tha Dhurandhar ko propaganda movie. Aur Yashraj movies me jo Indian spy ko rogue dikhate hain aur isi ko accha wo propaganda nahi hai? Tum jese log logo ko dhokha de rhe ho,0
12368,8YP81X1Jur4,Lukha hai par entertaining hai  KRK 🎉,0
12369,8YP81X1Jur4,Faltu bol rha h tu Rakesh Bedi ke baare mai,0
12370,8YP81X1Jur4,Dhurandhar 2 ne rail bana di h bollywood ke so called damads ki...,0
12371,8YP81X1Jur4,Kis kis ko lgta h desh drohi 2 dhurander 2 ka record Tor degi 😂😂,0
12372,8YP81X1Jur4,Balti award winner 🏆 mr krk ki 🌶️🌶️🌶️🌶️🌶️🌶️🌶️🌶️🌶️🌶️🌶️ jali hui hai😂🤣😂🤣,0
12373,8YP81X1Jur4,Imran right ❤,0
12374,8YP81X1Jur4,gaand faati k tere rehne se leke haar cheez jooth aur baat ghoomane ki hai. teri aukaat itni bhi nahi jo pyaar tuje Pakistan se hai aur zehar tere aander India ko leke hai wo to dikha bhi sake.. Mard tu tha nahi dubble dholkhi hai wohi rahega,0
12376,8YP81X1Jur4,Lekin Chamat to tuze padti reheti he 🤣🤣,0
12377,8YP81X1Jur4,23:13 he is nabeel not jameel,0
12378,8YP81X1Jur4,last time dhurandhar pe bakwaas karne k chakker mai ye lukkha raila gaya tha. aab chup chup k gaali deta hai bahane maar k.,0
12379,8YP81X1Jur4,Only ❤❤❤ for dhurandhar unbuyes review ❤❤,1
12380,8YP81X1Jur4,Diljit Dosnaj ❌ Diljit Singh✅,0
12381,8YP81X1Jur4,10:02 Shitt yaar Aditya Dhar ko banani thi ye movie wo jyada acche se chaat ta hai 😂😂😂,0
12383,8YP81X1Jur4,"Apne ghar bar, dukan, makan saab bech k aaya hoon lukhey ka washroom mein banaya hua video dekhne 😂",0
12384,8YP81X1Jur4,Aaj ke tarrekh me Ranveer singh sabse bada actor h..or saari public Ranveer singh ko pasand karte h...as an actor..Ranveer Singh is a fantastic actor..,0
12385,8YP81X1Jur4,aa gaya lukkha sandaas mai baith ne,1
12387,8YP81X1Jur4,Ye sab gaddar hai or rahege,1
12388,8YP81X1Jur4,Politician real name is Nabeel Gabool not Jameel Jamali. People of Lyari dislike him due to his hypocritical behaviour and he's considered as Thaali Ka Bengan.  he love to change political party in  every election.  I'm from Karachi.,0
12389,8YP81X1Jur4,Tume trophy kion na di gyi -sabse jiada bakvaas karne ki (bahut beinsafi hai ye),0
12391,8YP81X1Jur4,"KRK ne Bola tha ke :Raja saab ""Super hit Hogi, lekin Ab bol raha Hai ki Is Film ne 40Cr ka Loss kiya Hai🤣😛",0
12392,8YP81X1Jur4,Comments padkar lagta hai krk ke sare viewers andh bhakt hi hai,0
12393,8YP81X1Jur4,Ranveer singh superstar❤❤,1
12394,8YP81X1Jur4,Ranveer singh ✅ Ranveer kapoor ❌,0
12396,8YP81X1Jur4,Tiles kab changed karega lukkhe😂,0
12398,8YP81X1Jur4,Chacha gand jalri sabki is liye koi  dhurandar per baat nahi kar raha😅😅😅,0
12403,8YP81X1Jur4,Kek kikiya raha hai kutte ko patthar ekdum sateek laga hai,0
12405,8YP81X1Jur4,And he is pro congress,0
12406,8YP81X1Jur4,Dhurandhar 2 chal gyi aur 2 rs Jihadi lukha KRK ne puri koshish Kari thi picture ke baare main khrab bolkar,0
12407,8YP81X1Jur4,Andhbakhath 😂,0
12408,8YP81X1Jur4,This guy krk is anti bjp,0
12409,8YP81X1Jur4,Dhrundhar ko dek k bhut log k piche se duhaa nikl rha...jitna logo ka duhaa niklega utna public ko mzza aayega..😂,1
12410,8YP81X1Jur4,Ranbir kapoor next super star❤❤,0
12412,8YP81X1Jur4,Imran khan and actor what a joke 😅😅,1
12413,8YP81X1Jur4,Kamaal  bhai aap ku John ke saat panga Lereho. John aap ek chamaat marega tho aap ek week charka kehta reg jayega  lmao,0
12414,8YP81X1Jur4,Krk ka trend the end 😂,0
12415,8YP81X1Jur4,02:18 *mai aamir ke bat se sahemat ho q ke ye film main b nahi dekhi sirf tareef hi sun ro q ke main b nahi dekah*,5
12416,8YP81X1Jur4,Now after dhurandhar is think ranveer Singh is better and better actor toooo,0
12417,8YP81X1Jur4,Ranbir kapoor mere L ka baall hai,0
12418,8YP81X1Jur4,Magar kiyuuu,0
12419,8YP81X1Jur4,Tu to bolta tha dhurandhar nhi chalege ab to chal gyi aur tere jal gyi lukhe,0
12420,8YP81X1Jur4,Krk vivek oberai ka video airport wali,0
12421,8YP81X1Jur4,London se bhai bol rha h 😅😅😂😂😂 mumbai London,0
12423,8YP81X1Jur4,Top actor / super star / mega star / etc .... all credit goes to Ranvir Singh,0
12424,8YP81X1Jur4,Jo insaan khud sexual assault ka cases ma jail jhakar Aya hai  wo insaan dusra ko tharki bol raha hai😂😂😂,0
12425,8YP81X1Jur4,One movie hit then every other movie are same punch line. Boring ad shows lack of creativity,0
12426,8YP81X1Jur4,Aditya dhar ek baccha hai abhi woh kuch bhi dikhayega to daikh lainge hum kya bewakoof hai jo 4 ghante dard kar lain,0
12427,8YP81X1Jur4,Dhurandhar 2 ek bakwas movie hai business lai kai kya karen ek propaganda movie hai,0
12428,8YP81X1Jur4,Pink villa 🤣🤣,0
12429,8YP81X1Jur4,all ballwood superstars and super directors Jal gai,0
12430,8YP81X1Jur4,Tum laga do,0
12431,8YP81X1Jur4,Laughing is the best medicine thanks you krk sir you are great,3
12434,8YP81X1Jur4,"R avi Kisan tu tatti hai, pura bharat jaanta hai,, 🤣🤣🤣🤣",0
12436,8YP81X1Jur4,Not every praise needs a tweet—call or say it straight,0
12438,8YP81X1Jur4,"Ai want to cast arjoon kapoor and Imran Khan in movie ""tatti"" 😂",0
12439,8YP81X1Jur4,16:00 Imran Khan ko kutta bhi  nahi dekhna chahta,0
12444,8YP81X1Jur4,25:00 Modi ke Aand bhakt nahi manenge 😂😂,0
12445,8YP81X1Jur4,Kyonki unki film kee kamaai 100 saalo mai bhi nahi kama sakte hai,0
12446,8YP81X1Jur4,2:25 Tingu kis project mein busy hai?? Project next wife?,0
12447,8YP81X1Jur4,Teri tharak durunder film mai hee kyo dikhti hai 😂,0
12448,8YP81X1Jur4,Same blazer mere pass bhi hai 😊,0
12450,8YP81X1Jur4,Ye lukka aur iske sare jamati including dawoodwood is in deep depression and I am extremely happy seeing this,26
12451,8YP81X1Jur4,Ye apni hi baat ko har 2 min me kaat deta hai 😂😂😂,0
12452,8YP81X1Jur4,Jordar video sir gi 🤣 👍,1
12454,8YP81X1Jur4,"I am Buddha nahi, movie ka naam tha - Buddha in a Traffic Jam (2014).",0
12455,8YP81X1Jur4,Lagta to h ki film kisi ek Govt ko khush karne ki koshish ker rahi h 😂😂,0
12456,8YP81X1Jur4,Tm bhalay hi na bolo per film to dono propaganda hi hn 😂😂,0
12457,8YP81X1Jur4,"Aditya dhar bahut bada director ban chuke hain,,,",0
12459,8YP81X1Jur4,Ye urduwood wale h inko kyo dekhni h movie inki jalegi hi inke sath koi kaam nahi karna chahta h,0
12461,8YP81X1Jur4,KRK 100% propaganda hai,1
12463,8YP81X1Jur4,sahi baat lagi apki sir.................,0
12464,8YP81X1Jur4,Shame on rakesh bedi,0
12465,8YP81X1Jur4,Ye kaha ka bathroom hai😅,0
12466,8YP81X1Jur4,Chand Mera Dil film Maine pichle hafte dekh li hai test screening mein.,0
12467,8YP81X1Jur4,KrK chutiya hai sab kahtey hai but aaj tak maine nahi kaha na kahunga...😂😂😂,0
12468,8YP81X1Jur4,Jawaan pathaan jaisa haip aajatak kisi movie kaa nahi tahah aaisa pagalapana srk pawoor indai ki shaan srk parpoganada movie dharundar 2 Kashmir file kerla file gadar 2 hindu bhaie bhar bhar k Gaye dekhne,0
12469,8YP81X1Jur4,Thnx bro.qualty entertainment 🎉🎉,1
12470,8YP81X1Jur4,"Note Bandi safal wa bifal kya hua yeh toh nahi kahunga par  KRK sir aapne video me jo apna logic bataya ki Ranveer Singh (Hamza) note bandi se pahele hi note jaladiya, toh note bandi ka faisala Modi Ji ne galat liya, par aap Bhool gaye ki Modi Ji ko Pakistan me jali note ka pahale se hi pata thaa, aur India me naa aaye isiliye note bandi ghosna kiya gaya aisa film me dikhaya gaya hai, iss logic se note bandi safal hi hua bcz jali note aane nahi paya India meYeh baat aapne socha nahi achhe se, agle video me aapke logic ghalat thaa kahake sudhar karna",0
12471,8YP81X1Jur4,Parpoganada dharundar 2 Kashmir file kerla file hindu bhaie bhar bhar k Gaye,0
12472,8YP81X1Jur4,"*Desh dhorohi Action Movie thi,..KRK ko am comedy movie bhi krni chye😂😂*",3
12473,8YP81X1Jur4,1:48 Bhai krk Pagal Hogaya Hy jb Un Ko problem nahi To Isko Kiya pareshani hey Yahan Nahi Chuna filmun men Sb khuch kr do koi msla nahi,1
12475,8YP81X1Jur4,Aese hai to tujhe q nahi mili trophy,0
12477,8YP81X1Jur4,21:42 the delivery date say Pehle jala diya tha. The owner jumped from his factory. All that happened. There was a tweet at that time,3
12479,8YP81X1Jur4,Pahli bar bol raha hun vah uski bacche ki tarah itna ganda dimag mat lagaya kar,0
12480,8YP81X1Jur4,Tu to chho nahi sakta to jal mat teri auqat nahi,0
12481,8YP81X1Jur4,Tujhko review ati hai lukhe,0
12482,8YP81X1Jur4,Ye banda kis tarah ka ganza fukta he pata nai per is bar isne paid review kiya h,0
12484,8YP81X1Jur4,9:44 ranbeer was lucky to get good directors…,1
12485,8YP81X1Jur4,8:53 another wrong observation. In kapoor family nobody has passed 10 th grade barring Karen’s. They speak well of,0
12486,8YP81X1Jur4,"KRK ka prediction that ki Dharundhar super duper flop hogi… aaj bolna tha ki i was Wrong, i am having spine, i am not 2 rupees samosa critic",0
12488,8YP81X1Jur4,"3:02 another stupid observation.. all these people are stuck in awe,..",0
12489,8YP81X1Jur4,1:32 khuch bhi… useless observation…,0
12490,8YP81X1Jur4,"After Dhurandhar, every actor will be dying to work with Aditya Dhar, he doesn't need these so called Bollywoodian khan superstar. they are finished now.😂 Even south actors are working better than these people",0
12491,8YP81X1Jur4,"Aamir has watched both films but acting like he hasn't seen 😅 Ye aamir shahrukh ye sab Pakistani Dawood ke chele hain. Aditya Dhar doesn't need these Bollywoodian clowns, there's no Superstar thing in public mind now. 😂",0
12492,8YP81X1Jur4,PAKISTAN WAS CREATED AS 2 nation THEORY . IF THIS GUY WAS IN PAKISTAN HE CD NOT HAVE GIVEN HIS FREEDOM OF EXPRESSION,0
12493,8YP81X1Jur4,I salute to real jameel jamali and former Netherlands prime minister 😊😊😊 and thu Thu on chaatu Aditya dhar,0
12494,8YP81X1Jur4,"THIS GUY MR KRK WANTS TO MALIGN IMAGE OF DHRANDHAR, MAY BE HE HAS RECD SOME MONETARY BENEFITS . SINCE DHRANDHAR PART 1 SYSTEMATICALLY HE IS TRYING TO TARNISH DHURANDHAR IMAGE BY TALKING ABT RAKESH BEDI. LINGUAL OF THE MOVIE NOT PUNJABI OR HERO CANNOT TALK BALOOCHI . HE KNOWS VER WELL MOVIES ARE NOT 100% REAL STORY . LIKE GOLD ORNAMENTS CANNOT BE MADE OF 24 k it has to be mixed to 22 k TO MAKE ORNAMENT . HE IS 1.5 OVER SMART . MEANS DED HOSHYAR",2
12495,8YP81X1Jur4,Drama Kishan only talks when he eats gobber 😂😂😂,0
12497,8YP81X1Jur4,Chaava was also a flop 😂😂,0
12498,8YP81X1Jur4,"He claims to make Bollywood and film-related videos, but he keeps inserting politics into them—Hindu vs. Muslim. This man is extremely dangerous and seems to have a soft corner for Pakistan. Whenever someone criticizes Pakistan, it bothers him. We should boycott him. I don’t know why he even appears on my YouTube feed. If you love Pakistan so much, then go there, you fool.",0
12500,8YP81X1Jur4,"KRK bhai aik to ap ab kafi choti videos bna rhy hoo aisa zulam hamary upr mat krain. Kam az kam 35 minutes ki video to honi hi chahiey. Ajkl bahir itni tension ha aik apki video daikh k thora banda hans aur enjoy kr leta ha. Aur dosar apne Jameel Jamli kaha jab k asal mein Pakistani politician ka nam ""Nabeel Gabol"" ha .",0
12501,8YP81X1Jur4,Dhunandhar is a mix of reality and fiction. Kashmir files WAS NOT A PROPAGANDA MOVIE. you are delusional and a psychopath,0
12502,8YP81X1Jur4,Dhurandhar se is lukkhe ki bahut jali hai bas chupa rha hai 😂😂😂,0
12503,8YP81X1Jur4,"24:31 kiyu jhooth bol rahe ho Yeh election almost two years phale huye the tabb ki baat hai na ke aab 2026 ki,, I'm living in Netherlands 🇳🇱 City The Hague more than 25 years",0
12504,8YP81X1Jur4,Sir ap bilkul toilet cleaner lg rhe ho 😂😂,0
12505,8YP81X1Jur4,Mere hisaab se ranveer singh aaj ka bada superstar hai 👍🏼🔥not ranbeer kapoor 👎🏼,0
12507,8YP81X1Jur4,Krk i love you ❤❤❤❤ 🎉,0
12508,8YP81X1Jur4,"In Bollywood There Are Five Lions:- Srk,Aamir Khan Salman Khan Saif Ali Khan and Akshay Kumar.",0
12509,8YP81X1Jur4,Pakistan ko pela gaya he iska dard tumko bhi he..Tumhari baato se lag hi raha he..,0
12510,8YP81X1Jur4,Akshay mithai ki yaad dila raha tha Shilpa Shetty ko,0
12511,8YP81X1Jur4,Rakesh bedi ne galat kaha chhua. Sharm aani chahiye kisi bujarg ko vese hi tharki bol rahe ho,0
12512,8YP81X1Jur4,Krk brother i never miss your video from london,0
12513,8YP81X1Jur4,Nice outfit color,0
12514,8YP81X1Jur4,Shilpa shity and her husband are involved again in a 60 cr fraud case involving Bastian restaurant.,0
12515,8YP81X1Jur4,Dhurandhar se Jali naa teri bhi 😂,0
12516,8YP81X1Jur4,Aa gaya lukha Lokhandwala Andheri wala 😂,0
12518,8YP81X1Jur4,Bhai bollywood ki khabar diya karo faltu ki mat diya karo Ye mark rutte h aur ye 2024 me pm tha last uske baad nato chief h ab Aur ye koi imandar nahi trump ka bhot bada wala chamcha h,0
12519,8YP81X1Jur4,pehle 2× speed se dekho fir vapas normal speed karo 😂dekho kya hota he 😂😂,0
12520,8YP81X1Jur4,Ab krk ranveer singh ka lad chatega,0
12521,8YP81X1Jur4,Ranveer singh Bollywood ka baap hai ❤,0
12522,8YP81X1Jur4,The only critic in bollywood 😂😂,0
12523,8YP81X1Jur4,KRK spy agent of Bollywood 😅,0
12524,8YP81X1Jur4,Yeh lukkha dhurandhar ko hate karta hai bas direct bol nhi pa rha😂,1
12525,8YP81X1Jur4,Kamal khan tumhar to bahut jal gai hai dhurandar hit ho gai to hai na,0
12526,8YP81X1Jur4,Real men Pakistan ne India ku phel dia tha,0
12527,8YP81X1Jur4,India Sirf filmun men marsalta hi,0
12529,8YP81X1Jur4,I love Ranbir Kapoor ❤❤,0
12530,8YP81X1Jur4,ABEY LORU JAMEEL NAHI NABEEL GABOL HE WO,0
12531,8YP81X1Jur4,Srk king 👑 waiting,0
12533,8YP81X1Jur4,"I'm from lyari Pakistan, let me correct you the politician's name is Nabeel Gabol (not Jameel jamali). And he is absolutely right, in lyari we always speak Balochi and even Punjabi people try to speak Balochi language",0
12534,8YP81X1Jur4,"Ye logo ki isliye jali hai k jin logo ne filme dek dekh k inko bollywood ke Badshaah banaya wahi log aaj Durandhar ko AT PAR pohuncha diya. Inke fans , paisa, Ideology sab ka Balatkar ho chuka hai. 😅",0
12537,8YP81X1Jur4,He will not csl sharikh as 4 ft 2 1/2 >inches. A MUSLIM WILL BE A MUSLIM,0
12538,8YP81X1Jur4,Ananya panodi of the year ka award dete😂,0
12539,8YP81X1Jur4,Tu bhi Chala jata lukhe,0
12540,8YP81X1Jur4,Dhrrender ne no 1 lukhee critic's ke bolti bund karde😂😂,0
12541,8YP81X1Jur4,Kabi tu boll rha rha propaganda movie m koi hero km nhi kre ga Or kabi tu bolta hai sabi ko ab propaganda film bnani hai ..tu sach m double dolki hai,0
12542,8YP81X1Jur4,Lukkhe ka drasing since dekhu😂😂,0
12543,8YP81X1Jur4,Ghanta fark nai padta bollywoodiyo se,0
12545,8YP81X1Jur4,Agaaya balti award winner do bar Mumbai police se pella jane wala 2 rupees lukha,0
12546,8YP81X1Jur4,Wah kya smile hai aapka Krk ji ❤️❤️❤️❤️❤️❤️❤️,0
12547,8YP81X1Jur4,"Krk ke sab videos mein uska ganwarpan khub dikhta hai, pata nahi kis gole pe hamein bhej diya..",0
12548,8YP81X1Jur4,KRK seJalne ki boo aa rahi hai 😂,0
12549,8YP81X1Jur4,Aur lukkhe sasural me wapis kab ja raha hai tu?? Ya london chala gaya 😂😂,0
12550,8YP81X1Jur4,Bhai Dhurandhar 2000 cr + loading,0
12551,8YP81X1Jur4,"Shilpa has so very big ,I never knew 😂😂",1
12552,8YP81X1Jur4,DHURANDAR hai ye 😂,0
12553,8YP81X1Jur4,Krk sir ji sab kuch bahut accha laga par last wala sabse jyada accha tha love you Sir ji respackt,1
12554,8YP81X1Jur4,"Krk bhau London Kab jaoge ,aap abhi bhi India me ho as per Background Tiles",1
12555,8YP81X1Jur4,Krk ko bhi mil jata award agar wo bhi jate 😂😂😂 bollywood ki pool khole ke vaste,0
12556,8YP81X1Jur4,Cond🕉️m film ko hi such maan lete h 😂,0
12557,8YP81X1Jur4,PM of Netherland County are honest and trustworthy people.,0
12558,8YP81X1Jur4,1:38 Sach baat to ye hai is lukkhe dedh fuitye ko ye sb kuch krne ko nhi milta in heroines ke sath isliye pichwade se jalan ka dhunwa nikal rha hai iski 🤣🤣,1
12559,8YP81X1Jur4,22:20 choice of photo😂😂😂,0
12560,8YP81X1Jur4,"13:05 bollywood se jyada hi lagav hai aapko KRK. Bhed chaal to saale South wale bhi karte hai. Baahubali bani thi tab unhone Puli, Rudhramadevi, Bimbisara, Ponniyan Selvan etc etc bana di. Kgf bani to Pushpa, Salaar, Kalki, Vikram etc etc 2 parts mein movie banani shuru kar di. Unko mat bolna aap.",1
12561,8YP81X1Jur4,Koi propaganda film nahi hai..... It's very nice movie... They are all jealous😒 bitches,0
12563,8YP81X1Jur4,Lukhe tu ab entertain nahi kar pata,0
12564,8YP81X1Jur4,Inka real name nabeel gabol hai jo jameel ka character hai,0
12565,8YP81X1Jur4,Apne yaha to cycle chori karke log bhai,0
12566,8YP81X1Jur4,"Who cares zhis KRK only prises Klkkk SRK,ke is a Pakistani  ot is a movie.",0
12567,8YP81X1Jur4,K2we krk's heart beats for Pakistan but lives in india but tells he lives in England. He should be deported to Pakistan 😅,1
12568,8YP81X1Jur4,Dinesh ka vision sahi nhi h,0
12569,8YP81X1Jur4,Cycle mein tala lagakar rakho safe rehti hai 🔒,1
12570,8YP81X1Jur4,As a father figure chooa 😂😂😂😂,1
12572,8YP81X1Jur4,"In his last video, KRK gave 2 and half star and said Dhurandhar is average. Now he said no-one can project all terrorist attacks like Aditya Dhar.",0
12573,8YP81X1Jur4,Kisi gareeb ka aise mazak nahi banan chahaiye bai,0
12574,8YP81X1Jur4,Ek line thiJale jo usko or jalao😂😂,0
12575,8YP81X1Jur4,10:00 gandu propaganda kya hota h pahala samajh,0
12576,8YP81X1Jur4,Sirf india me hi nahi har jagah ke ministers luxurious gadi me hi ghumte hain samjha... tujhe sirf india hi dikhta hai kya 24:30,0
12577,8YP81X1Jur4,I wish Dhurandhar kind of movies are made every 3 months. Yeh Naya India hai. Propaganda movies have been made for the last 70 years.,2
12578,8YP81X1Jur4,Cm pm ki bat jane do chaprasi ke pas bhi itna pesa hota he soch nahi sakte!,0
12579,8YP81X1Jur4,"13:51 Lukkhe Tu bohot bada kamina hai, Tu sab jaanta hai 😂😂😂",1
12580,8YP81X1Jur4,KRK ka abbu SRK !😂😂😂,0
12581,8YP81X1Jur4,Dhrundeer is tattti propoganda movie,0
12582,8YP81X1Jur4,Chup beh Lukkhe .😂,0
12583,8YP81X1Jur4,Meetha oh meetha tere bina dil nahi lagda😂,0
12584,8YP81X1Jur4,Akshay shilpa ki mithai khay hai,0
12585,8YP81X1Jur4,Dawood ke paiso par palne wale Bollywood ke kutte kaise taarif kar sakte hai Dhurandhar ki 😂😂.,0
12586,8YP81X1Jur4,Lukkhe Dhurandhar se jal gyi teri.,0
12587,8YP81X1Jur4,"Agar Rajnikant , Allu Arjun , SS Rajamouli sir jaise mahanayak agar movie ki tarif kar di toh fake bhaando se kya umeed karni movie ke tarif ki.😂😂😂😂",0
12588,8YP81X1Jur4,Ranbir Kapoor is a versatile and remarkable actor no dought about it but that hakla is an idiot complete  2rupees actor.But now Hindi Cinema has a marvelous actor Ranveer Singh Bhavneni.,0
12589,8YP81X1Jur4,Aditya dhar ke pairo ke neeche aa jayenge 3:20talwe chatenge 😂😂aditya dhar ke kaunsi du iya se aaya hamara lukkha,0
12590,8YP81X1Jur4,Netherlands k PM ko salute karta hun,0
12591,8YP81X1Jur4,iski .. haal gai,0
12592,8YP81X1Jur4,Dhuramder dekh kar jio wale bole yeh kya karnama bana diya hai krk aisha bolta tha 😂😂😂,0
12593,8YP81X1Jur4,India doesn't need violent movies...india needs art films like 2000 to 2008....era...different melody music and story line,12
12594,8YP81X1Jur4,This is not brokenta film but all big director and actor are jealous of durandar movie because durandar1&2 is all time mega blockbuster.that is why they don't review durandar,0
12595,8YP81X1Jur4,Deshdrohi ne kitna kamaya 😂😂😂,0
12596,8YP81X1Jur4,"Krk sir , muje mere ghar ka gatar saaf karwana hai, aap kitne rupai lete ho saaf karne ke",0
12597,8YP81X1Jur4,"Srk aur desare hero (south)ki movie me   jawaan, kgf pathan,pushpa etc.. me kya sab sach dikhaya hai, yrf, dharma productions me!!!!!!!! explain?????????Kyu.. dhurandhar ke piche......!!!!",0
12598,8YP81X1Jur4,Tehran movie flop ho jayegi,0
12599,8YP81X1Jur4,I m fed up of this Pakistan obsession in bollywood,0
12601,8YP81X1Jur4,KRK sab ki jal rahi he Dhurandhar ki success and unke actors se. Rakesh bedi se bhi problem ho rahi he inko. Apko bad touch good touch pata he ya nhi KRK sab ?,0
12603,8YP81X1Jur4,Lukhhe teri aukaad nahi hai Dhurandar ke barre mai bolane ki....,0
12604,8YP81X1Jur4,Ranveer Singh > Ranbir Kapoor..Like thoko jo jo agree karta hai,0
12605,8YP81X1Jur4,Khan gang ka the end... Drunder hi drunder,0
12606,8YP81X1Jur4,7:16- 7:36 best partt😂❤,1
12607,8YP81X1Jur4,So nice to see the prime minister of Netherland going on the cycle very true story KRK thanks for the information nice video thanks keep up the good work 👍,1
12608,8YP81X1Jur4,Aa gya lukhha 400rs ka suit pehanke 😂,1
12609,8YP81X1Jur4,lagta hai bhajaan ne teri mithai kha li hai,0
12611,8YP81X1Jur4,Dhurandhar propgenda nhi Sabki jali padi hai aditya dhar se Jaise teri,0
12612,8YP81X1Jur4,Accha to Jamil jamali ne tamacha mare bjp ke ravi kisan aur kangana bhagodi,0
12613,8YP81X1Jur4,Ravi kisan ko gujrath mein duplicate notes ban rahe hai unke bare mein kya khena hai,1
12614,8YP81X1Jur4,Sir .Nabeel gabool he us politician ka naam jo abhi bhi liyari se MNA hai,0
12615,8YP81X1Jur4,Krk lukke sala Pakistani agent hai😂,0
12616,8YP81X1Jur4,"3:12 tere Kehne se Ghanta farak padta hai tere kehne se teri Biwi,Beti aur beta ko bhi ghanta farak padta hai😂Teri Biwi,Beti aur Bete ko bhi pata hai ki tu lukha aur Double dholki hai😂",0
12617,8YP81X1Jur4,"Krk bhai Akki ne raj paal ko side mein issliye khada krwaya kyuki he wanted all girls in the centre so that the picture will look good, he himself was standing on extreme end at 19:58",0
12619,8YP81X1Jur4,"Since when has anti pakistan become anti muslim.?? Why are the iNdian muslims, leftists, pseudo seculars getting rankled??",0
12620,8YP81X1Jur4,Hindu ko gali de jaygi kisi movie m or tb hindu kya krenge bycott krenge muslim ko gali dena mtlb picture chal gyi waah bhai chara nhi dikhana bs muslim ko galat dikhana movie ko hit Krna hai isliye ise propgenda keh rahe h kaash hindu ko bhi dikhaya jata ki galat dikhna kesa hai brainwash Krna kesa h jo yeh movies kri ri h jinko akal h woh sahi h jo kutte hai wahi dhurandar 2 ko best movie khte h,0
12621,8YP81X1Jur4,"SRK, RK AND KRK😊 are super satrs",4
12622,8YP81X1Jur4,"6:49 ""Bwaayfrend Garlfrend""",0
12624,8YP81X1Jur4,Akshay na uski mithai khani thi Rajpal se Akshay Kumar ku kya milta,0
12625,8YP81X1Jur4,Wo cycle pe chalenge to put jaenge,0
12626,8YP81X1Jur4,2:50 krk sahab me batata hun apko iska matlab.....iska matlab yeh hai ki bollywood aaj tak pakistan premi raha hai.....to aaj jaha pakistan ki sacchai samne aayi hai to unki aukaat hi kya hi ki kuch bole.....yeh thuk kar chatne wali baat ho jayegi n,0
12627,8YP81X1Jur4,Ajay aur kanol ko 30 saal sey zyada hogye,0
12628,8YP81X1Jur4,"Akkibhai ka movie dialogue tha : ""apne ko kya he, apne ko to sirf pani nikalna he!!"" 😅😂",1
12630,8YP81X1Jur4,"7:56 Jaswant Singh Khalra ek Sikh human rights activist the, jo Punjab me 1990s ke dauran police encounters aur illegal killings ko expose karne ke liye jaane jaate hain.Unhone pata lagaya ki Punjab Police ne hazaaro logon ko bina record ke maar kar “unknown bodies” ke naam par jalaya aur is baat ko saboot ke saath saamne rakha.1995 me unhe allegedly Punjab Police ne kidnap kar liya, aur baad me pata chala ki unki custodial killing ho gayi.Is case me kuch police officers ko court ne guilty maana aur saza bhi mili. Khalra ji ko aaj human rights ke hero ke roop me yaad kiya jata hai.",3
12631,8YP81X1Jur4,Jalan hai bollywood walo ko,0
12632,8YP81X1Jur4,Famous journalist nhi sab se bada godi dalal,0
12633,8YP81X1Jur4,Toh? yeh kiara  aur ananya bhi toh saamaan dikha kar baithi hain...,0
12634,8YP81X1Jur4,Ye cycle pe jane wali bahut purani video h jhantu ye tune 2 baar use kr li 2 video m lagta h tu apne london wale ghar m h,0
12635,8YP81X1Jur4,KRK I’m from the Netherlands and whatever you’re saying is false! Dutch people love cycling and the entire country is built around cycling. If fact riding a bicycle to work is a part of our culture. Please don’t spread misinformation that the politicians are not making money and hence they’re riding bicycles. Do your proper research and then spread misinformation 😊,0
12636,8YP81X1Jur4,Ek point note karoJab se lukhha bhai jail se aaya hai bollywood woalo ko pahele jaisa bura bolne se dar raha Hai😂😂😂😂Lekin krk bhai tumhare show ki jaan yahi baat hai ke tum bollywood walo ko bahot bura bura bolte ho agar tumne pahele jaisa show me nahi bola to public ka intrest tumhare channale se khatm hosakta hai islye agar tumko apna channel chalana hai to pahele jsa hi bollywood walo ki chaddi utarte raho😂😂😂public ko bhi maza aata haiAor haa apni besuri awaaz me wahi swagat wala gana bhi gate raho usko bhi sunne ko bahot se log taras rahe hai😂😂😂😂😂😂😂Bollywood pol khol me aapka swagat hai ji aapka swagat hai😂😂😂😂😂,0
12637,8YP81X1Jur4,Ranbir Kapoor naa jab se sanju ka jhutha khaya hai tab se super star hai,0
12638,8YP81X1Jur4,Kamaal bhai aditya dhar ne propogenda banaya to hai lekin esne saare true events dikhaye fir pulwama kyo nhi dikhaya esilye nhi dikhaya kyo ki ye BJP sarkaar me hua tha mtlb saaf hai,0
12639,8YP81X1Jur4,Maan nahi rahe Jaan rahe haiAndar se bhi Bahar se bhiKi bhandowood ke bhandDarte hai porkio se apne bade sahab se 3:00,0
12641,8YP81X1Jur4,Ranveer Singh Ranbir Kapoor donon superstar 2❤❤🎉🎉,1
12642,8YP81X1Jur4,7:28  akshay bool raha hoga tum ghodi bahut achi banti hu,0
12644,8YP81X1Jur4,Dhurandhar se gaand fat gayi hai bollywood ki,1
12645,8YP81X1Jur4,Bollywood ke jo bde actors he aur bde directors he unse hume bilkul bhi fark nhi padta 😂,2
12647,8YP81X1Jur4,"Sir aap b jaana tha ""Pink villa"" award me... Aap ko b ""Deshdrohi"" ke liye trophy 🏆 mil jaati...",0
12648,8YP81X1Jur4,jo filme janta apne paise se dekhe vo krk/bolywood ke najer mei propgenda film hai ... lekin . jawan/bajrangi/pathan  jaisi gathiya filmo ko bahut badhiya ... dhurander jabardast namak laga raha hai bolywood wale pe,0
12650,8YP81X1Jur4,Aa gaya dharti ka sabsey handsome lukkha,0
12651,8YP81X1Jur4,24:55 Abe lukhe Netherland or India mai bahut defference hai tu jail mai sahi rehta hai 😂😂,0
12652,8YP81X1Jur4,Sale jhantu tuje to ye bhi nhi pata tere ghar m kya chal raha h baat krta h bollywood ki tu nafrati chintu h,0
12653,8YP81X1Jur4,Abe lukhe Kitna jalan ho rhi hai isko dhurandar se😂😂😂,0
12656,8YP81X1Jur4,4:16 the katil laugh of KKR 😂😂😂😂,15
12657,8YP81X1Jur4,Aaaa gya Lukkhee wig phen k...chl abb naach😂😂😂,0
12659,8YP81X1Jur4,100-150 rupees ki trophy 😂😂,32
12660,8YP81X1Jur4,Super looking in blue krk legend❤,1
12661,8YP81X1Jur4,"Teri hassi bhi fake lagti hain. Tu apne aap ko kaach main dekh bolta hoga, abeee saallleeee  😂😂😂😂",1
12662,8YP81X1Jur4,Rakesh Bedi ko kuch bhi bolne se pehle uski Intention puch lo...dirty mind dirty hi sochega,0
12663,8YP81X1Jur4,Dekho dekho  Aa gaya lukkha apni ghanti dabwane  aa gya,0
12664,8YP81X1Jur4,❤ RIGHT KRK,1
12665,8YP81X1Jur4,Kuchh bhi bolo sar aapke hansne ki style Badi jordar lagti hai muje 😂😂😂,4
12666,8YP81X1Jur4,Nice video now later on Bollywood will make a film on karg iland or strait hormuz they will give this title later on,1
12667,8YP81X1Jur4,Dhurandhar ki mithai nahi mil sakti isliye jab tak movie chalegi tab tak rota rahega krk dalaal,0
12669,8YP81X1Jur4,"22:39 - Jameel Jamali nhi hy wo ""Nabeel Gabol "" hy .. Me  Lyari say hi hun .",9
12670,8YP81X1Jur4,Ye kahi se bhi video banaye sala ye bathroom ke tiles same hota hai 😂😂😂😂😂,0
12671,8YP81X1Jur4,Chootiye note bandi hua issliye bheja nahi agar nahi note bandi hotha araam se bhej tha congress use karta chootya pehle movie teek se dekh,0
12672,8YP81X1Jur4,Dhurandhar 1 &2 entertaining movies hai,0
12673,8YP81X1Jur4,Abe tapori aa gya bathroom me video bana kr,0
12674,8YP81X1Jur4,PinkVilla ne tumko trophy nahhi diya ..Tumhare aukat bhi nahhi hai..,0
12675,8YP81X1Jur4,Aa gaya lukka kekda😂😂😂,0
12677,8YP81X1Jur4,Tujhe samosa nahi mila dhurandhar walon se,0
12678,8YP81X1Jur4,Kitna bhi bolo lekin krk anti hindu hai ye baat to pakki hai,1
12679,8YP81X1Jur4,Any update for king ?,0
12680,8YP81X1Jur4,Dhurundhar sb mulle chupke dekh rhe hei khulke dekhke ishki tariff karna inki bas ki bat nhi hei 😅,0
12681,8YP81X1Jur4,KRK bhai ye jo rakesh bedi ko aap budha aadmi bol rhe ho na ye SRK Salman Aamir ki age ka hei sabhi budhe tharkki hote he Next aghy bado,0
12682,8YP81X1Jur4,ye toh lukha terrioistsan ko chane vala hai,0
12683,8YP81X1Jur4,"har ek film propoganda fim hoti hai, depend karta hai aapka kis propoganda ko support karte ho",0
12684,8YP81X1Jur4,This KRK is UNPAD GAWAR NEVER REPLY TO MY COMMENT THAT I SAID SO MANY TIMES THAT PLEASE DONOT SAY BHAI SAHIB ONLY…LADIES WATCH YOUR EPISODES….I DON’T UNDERSTAND. Hello everyone! Please let me know if I am right or wrong,0
12685,8YP81X1Jur4,KRK the real King 👑 of bollywood,3
12686,8YP81X1Jur4,Bollywood is dominated by muslim and they are all loyal to pakistan,0
12687,8YP81X1Jur4,Chal Dafa ho,0
12688,8YP81X1Jur4,Ananya and Kiara khud chinaale hai,2
12689,8YP81X1Jur4,"@KRK sab, asal naam Jameel nai hai, jinn ka app nay clip chalaya hai uss ka naam NABEEL GABOOL HAI... thori research kr leeya kro bolnay sy pehhlay....",0
12691,8YP81X1Jur4,Kamal bhai Lahari mein jo MNA hai uska naam Jameel Jamali Nahin uska naam Nabeel gabol Baloch hai aur wah abhi bhi MNA hai,0
12692,8YP81X1Jur4,Dhurandhar 2 chal gai Aur lukke teri jal gai😂,210
12694,8YP81X1Jur4,"Dhurandar me,  pulwana pathankot, Delhi blast, 250kg rdx kaise aaya.. What yeah nhi dikhaya 😂😂😂 kyuki yeah BJP ki nakari dikhayenge",0
12695,8YP81X1Jur4,"Ha ha ha, super sir. Akki bhai aur vamika baby ka 😂😂",1
12696,8YP81X1Jur4,2 rupees people agaya 😂😂,0
12697,8YP81X1Jur4,"KRK Ji, you’re a true entertainer! Your comic timing is honestly top-notch 😂Bollywood Polkhol alone can beat 1000 Kapil Sharma shows any day 😄 We genuinely need more Polkhol videos for breakfast, lunch, and dinner! 😆🔥Just one small suggestion: maybe consider changing the background a bit. Right now it sometimes gives a washroom vibe 😅 A better setup would make the videos look even more premium.Rest everything is superb — thank you for keeping us so entertained! 🙌🙂",4
12698,8YP81X1Jur4,24:54  The Nederlands me cycle par old pm ke jane ka culture hai.,8
12699,8YP81X1Jur4,Bhosari ke kaun bolta hai video daalne,0
12700,8YP81X1Jur4,Mera lukkha dost anbhakt nahi aand bhakt ban gya hain 😂😂😂,0
12701,8YP81X1Jur4,21:37 lodu Çhutye propoganda mat faila... Dhurandhar me bataya tha ki pakistan ke nepal ke raste continuously Fake currency aa rahi thi par 15000 cr ki currency already aa rahi thi.,1
12702,8YP81X1Jur4,"Tingu Khan ne pichle 2-3 mahino me khatarnak weight loose kiya hai. Saaf dikhta hai Mounjaro/ ozempic injection le raha hai.. Same like KJo, and others. Is topic pe video banao bhai.",0
12703,8YP81X1Jur4,Aap logo ek chiz notice Kiya hoga k mere lukkhe dost ki hasi bhii fake hain 😂😂,0
12704,8YP81X1Jur4,jhantu heroins ko chhu k Rakesh ji k hath gande ho gye,0
12705,8YP81X1Jur4,Dhurandhar 2 propaganda film hain,0
12706,8YP81X1Jur4,Krk sir home tour dijiye,0
12707,8YP81X1Jur4,Kush bhi ho tu ek baar rooj hakle ka lollipop muh me le hi heta hai,0
12708,8YP81X1Jur4,18:28  Abe lodu Jawan aur pathan ki corporate booking huyi thi na ki dhurandhar ki ... Dhurandhar ka ticket mil nhi Raha tha starting week me.,1
12710,8YP81X1Jur4,"Madhur, bishal, rgv sab dhurandhar ka nam kia",0
12711,8YP81X1Jur4,Bhai Tera Review hai paid propaganda,0
12712,8YP81X1Jur4,Krk ki dhurandhar se itni sulag rahi hai ki apni video mai 50% hisaa ussi ki rakh liya hai😂 aag bujh hi nahi rahi,0
12713,8YP81X1Jur4,Bhai duggal sahab ko bhi ek aword de dete enko bhi bollywood me 10 saal ho gaye hai 😂😂😂,0
12714,8YP81X1Jur4,130 lakh subscriber to aur kitane chahiye tuje .. lalchi 😊,0
12715,8YP81X1Jur4,A gaya hamara great KRK 😂,1
12716,8YP81X1Jur4,Aa gaya balti award winner lukka😂,133
12717,8YP81X1Jur4,I disagree with your words about ranbir kapoor being a good dancer...yeah...it's true...ranbir is a good actor but he is not a good dancer...he is an average dancer nothing special like you said it...,0
12721,8YP81X1Jur4,Ye haan toh mla ke paas  5 gadi hoti hai,0
12722,8YP81X1Jur4,Dinesh Vijan na golgappa Vijan 😂😂😂😂😂😂,1
12723,8YP81X1Jur4,11.40 char rahi h film chalne Dena yr andhbhakt ko pasand hamare chu ..ko dekhne de na yr 😂😂😂😂😂😂,0
12724,8YP81X1Jur4,8:52 10th tak Don Bosco me gaya tha to English aati hi hogi... Waise collage jane wale aur english ka kya lena dena ?,1
12725,8YP81X1Jur4,aaj ka video dekh kar yeh sabit ho gaya ki KRK aur Druv Tatti mein ek similarity hai...dono mein akal ki bhaari kami hai...aur dono ki jali padi hui hai...😂😂,0
12726,8YP81X1Jur4,Maan gaye krk ji aapko aur aapki paak ki nazar ko jo arjun aur emraan aur varun ke acting me baare me jo kaha😂😂😂 😂hai 😂,2
12727,8YP81X1Jur4,Corporate office award 😂,1
12728,8YP81X1Jur4,Lukhe k liye dubai London he,1
12729,8YP81X1Jur4,Bachha hai tu mera aaja tujhe triple dholki banao 😂😅,0
12730,8YP81X1Jur4,Is video me andhbhakto ki leli krk nhi aadhe unfollow karenge 😂,0
12731,8YP81X1Jur4,Wamiqa gabbi na 24 ghante mithai baatne wali😂😂😂😂😂,0
12732,8YP81X1Jur4,Rakesh Bedi is good and old actor.,0
12733,8YP81X1Jur4,Shahrukh ki mithai,6
12734,8YP81X1Jur4,Lodu jb note invalid hi hogye toh wo india me bhejenge kyu?? Isliye hi naa khanani ne suicide ki lodu,0
12735,8YP81X1Jur4,Yahan to agar koi ek baar politics  main aa gya to apni 7 pushto ki seat plane mein book karwa deta hai,0
12736,8YP81X1Jur4,Akshay Kumar na  class 2 fail hindi me baat karo kyunki akki ko english nahi aati😂😂😂😂😂😂,0
12737,8YP81X1Jur4,2:58 bollywood walo ki gaand jal rahi hai.aur ye saab Dawood wood ke gulam hai.,0
12738,8YP81X1Jur4,Accha Kabhi khud Ko Q nhi Bola 1 bhi gunh nhi apke andar star bnne Ka to Q hi kosish ki ap ne 😂😂😂,0
12739,8YP81X1Jur4,Akshay's english is Far better than you bro...,0
12740,8YP81X1Jur4,Bollywood satyanash 😂,0
12741,8YP81X1Jur4,100 say uper  case Nabil gabol per😂😂 or jamali,0
12742,8YP81X1Jur4,Propoganda kya hota hai ye clear karo,0
12743,8YP81X1Jur4,Shilpa ko bhi to us takle ne chua 😂😂😂 uska kya,1
12744,8YP81X1Jur4,Kuposhan wale K2A rakesh bedi sir tumahre madarse ke moulvi nhi hai jinhe tum   Allah ko jaan dene ke chakkar me madarse me gaan dete ho😅😅😅,0
12745,8YP81X1Jur4,ABE KITNA CHAAPLUSI KREGA RANDBEEF KAPOOR AUR SRK KI NALLE,0
12746,8YP81X1Jur4,KRK kahan baith kar shoot karte ho ? London ya phir Lavatory ?,0
12747,8YP81X1Jur4,KRK ...ko deshdrohi k liye trofy milni chaiye thi 😂😂😂😂,0
12749,8YP81X1Jur4,Are tarki toh aap hain krk sahab ko rakesh bedi 71 ka h sara arjun ke time laga tha thoda awkward but unke liye unke half age se bhi kam ke bache toh jab wo unse bachpan m jaise milte rhe honge waise hi aaj mil liye baki jiski jaisi soch actress ko awkward nhi laga apko lag rha h.,0
12750,8YP81X1Jur4,Krk  45+ wle sab k sab tharki hai daily delhi metro m dekhta hu😂,0
12751,8YP81X1Jur4,Ladkiya maje leti hai 😂😂,0
12752,8YP81X1Jur4,Ravi kisan pagla hai krk ji,0
12753,8YP81X1Jur4,Dhurandhar ki saflta se krk ki badi buru sulgi padi hai,0
12754,8YP81X1Jur4,Netherlands is peace and environment friendly country Their most people use bicyclesThey dont burn waste like we so on holi.They throw them in dump yardNo pollution No horns on main roadsVery beautiful country,1
12755,8YP81X1Jur4,MULLONKO EXPOSE KARNE WALI FILM...SUB PROPAGANDA Hota hy...nalla kaho ka,2
12756,8YP81X1Jur4,Ranveer kapoor super star😂😂😂😂😂😂😂😂,1
12757,8YP81X1Jur4,Patahan aur jawan ka collection fake hai Dhurandar real hai,50
12758,8YP81X1Jur4,Only 3 FLOP khans ni Kar re baatBAAKI sub baat Kar re hy,1
12759,8YP81X1Jur4,Dhurandar.END of URDUWOOD,1
12760,8YP81X1Jur4,"Abe pakistani tere aamir khan, hakla khan n bhai itne dare huye hain k unke paas koi shabd nah hai. tujhe lagta hai k dhurandhar propaganda hai?",1
12762,8YP81X1Jur4,My lunch is incomplete without krk bhai video❤❤❤following you  since 2018 ❤,0
12763,8YP81X1Jur4,That's why I love Hollywood and hollywood actors,4
12764,8YP81X1Jur4,Krk❌ javed khanani ✅😂😅,1
12765,8YP81X1Jur4,Tuje 1 bhi trophy nai mili😂😂😂Itna badaa nalla hai tu k flop bollywood me bhi nai chala,1
12767,8YP81X1Jur4,Bhaii 100% propaganda movie haiiii,0
12768,8YP81X1Jur4,"Krk says: mai ye nahi kehta k dhurander propoganda film hain, kyuke KRK in India, dubai jaake uglunga zehar😅😂",0
12769,8YP81X1Jur4,Daaru with chakhna❎ Daaru with Pholkhol ☑️,0
12770,8YP81X1Jur4,Aap ki video ka intezar rehta hai 😊,0
12771,8YP81X1Jur4,Bollywood ka bhram hamari darshak pakistani hai Na smajh itna nhi samjhte vha roti ke lale hai movie kaun dekhta hai😂,0
12772,8YP81X1Jur4,Dhurandhar movie mai javed khanani ka role krk ko Karna chahiye tha 😅😂 Maza aa jata,0
12773,8YP81X1Jur4,Dilruba ne KRK ki fuk di😂😂,0
12774,8YP81X1Jur4,Aagaye mere KRK Bhai badle badle Se hue BJP aur Hindu o ko praise Karne ke liye aur Muslims ko gaali dene ke liye!!! Bhai saraa Hindustan yahi Kar rahaa Hai AAP bhi Lage raho,0
12776,8YP81X1Jur4,Lukkha chupke se dikha hi deta h ki jalti h lukkhe ki 😂 lukkhe hote phchne ka intezar karte 😂,0
12777,8YP81X1Jur4,Hindi kab seekhi tune .tujhe to sirf English aati thi,0
12778,8YP81X1Jur4,Chutiya avi v mann nehi paya hit kaise hua 😂,1
12779,8YP81X1Jur4,Akki aur wamika ke time aap jo expressions dete hain ussey pata chalta hai ki aap akki ke iraadon se khoob waakif hain 🤣,0
12780,8YP81X1Jur4,Lukkha buddha double dholki krk daily 🚽 toilet ka background lekar meetha jaisa face lekar daily aa jaata hain 😂😂😂,1
12781,8YP81X1Jur4,Time stamps :0:26 Rakesh Bedi touching Kiara Advani and Ananya Panday in a awards show.1:48 Bollywood big celebs are silent on the film ' Dhurandhar ' being an propaganda film.3:17 Pinkvilla awards 😂😂😂😂.6:08 Film ' Chand Mera Dil ' poster released.6:36 Ex couple Akshay Kumar and Shilpa Shetty are sitting together in the Pinkvilla Awards.7:36 Diljit Dosanjh film has been stucked in the censor board since three years.8:16 Akshay Kumar says he insists on speaking Hindi at awards show and interviews.9:00 Kareena Kapoor saying that Ranbir Kapoor is a big superstar.9:47 Vivek Agnihotri film on ' Operation Sindoor '.11:01 Film ' Valmiki Ramayana ' will be releasing on 2nd October.11:15 Ekta Kapoor film on terror attacks.13:24 Film ' Bhoot Bangla ' promotion.14:00 Film ' Dhurandhar 2 ' creates history.14:31 Imran Khan saying that he has no interested to do an violence film 😂😂😂.15:35 Permanent dialogue of him 😆😆.16:27 Arjun Rampal remembers 26/11 attacks.17:10 Bhushan Kumar officially confirmed that he hasn't make film ' Uniform '.17:59 Producer Dinesh Vijan saying that films like ' Dhurandhar ' and ' Chaava ' are very risk to make.19:05 John Abraham wearing a t shirt in the airport and in the t shirt it is written as Tehran on his t shirt.19:29 Akshay Kumar has taken out from the centre.20:22 Note bandi is shown in the film ' Dhurandhar 2 '.22:22 😂😂😂😂 🤣🤣🤣🤣.22:24 Politician Jamil Jamari reacts to his role in the film ' Dhurandhar 2 '.23:52 Netherlands PM can afford  🚲.,4
12783,8YP81X1Jur4,Ye sab modi ke aand h,0
12784,8YP81X1Jur4,Abe lukhe english bolne se degree ka koi lena dena ni hai sachin 10 fail phir bhi eng bolta hai Akshay ko bhi aata tujhe ni aata😅😅😅,0
12785,8YP81X1Jur4,Muje to KRK ki ghanti bajani h 😂😂😂😂,0
12786,8YP81X1Jur4,Mujhe kuch galat nahi laga uska chuna,0
12787,8YP81X1Jur4,7:30 give KRK a mute video and he will make a story out of this,32
12788,8YP81X1Jur4,London se wapis aa gye ipl ke liye 😂😂,0
12789,8YP81X1Jur4,"*IF EKTA KAPOOR ABUSE U IN FILM , IT VL B A SUPER DIPER HIT*",0
12790,8YP81X1Jur4,Nice look 😊,2
12791,8YP81X1Jur4,"Haan Bhai aap toh English PhD kar k baithe ho, dekhi thi aap ki English video.",1
12792,8YP81X1Jur4,Jo actor nahi chal pa rahe unke paas ek hi raasta hai Proper Ganda film 😂😂😂,0
12793,8YP81X1Jur4,JIHADI JHATU aa gaya 😂😂,0
12794,8YP81X1Jur4,raveer singh is bigger than ranbir,0
12796,8YP81X1Jur4,aapka kehne ka matlab ye hi ki pakistan 500 ke duplicate  note 60000 crore ke india me distribute kar de aur baad me note bandi karni chahi thi,0
12797,8YP81X1Jur4,Jab Modi ji ko galiyan pad rahi thi tab kyon nahin bataya Modi ji ne 😂 21:22,1
12798,8YP81X1Jur4,Aa gya mera mc beta krk😂,0
12799,8YP81X1Jur4,"Lukkha critic ko DHURANDHAR 2  samjh nhi aai, samose na mile to",0
12800,8YP81X1Jur4,Dhurandhar utna hi bda propaganda film h jitni ek tha tiger tiger zinda h pk,0
12801,8YP81X1Jur4,Great job as usual,1
12802,8YP81X1Jur4,Akki Shilpa se puchraha thaa Apke aam Acche lagrahe hai😅,5
12803,8YP81X1Jur4,actually KRK Dhurandhar  ki safalta nehin dekh sakta🤣🤣,0
12805,8YP81X1Jur4,"akshay kumar ne bhoot bunglaw ki release postpone ki aur yash ki toxic film bhi , yahi batata he ki dhurandhar kitni badi hit he",0
12807,8YP81X1Jur4,bollywood walo ki ga*d jal gai hai dhurandhar ki success se .. unaki to ek bhi movie nahi chal rahi hai .. aditya is a superstar director .. inaki to jalegi na .. buddha amitabh aur tino khan to jal bhul gaye hai 😂😂😂😂,0
12808,8YP81X1Jur4,Pakistani aisi filme nahi dekhte 2:30,9
12810,8YP81X1Jur4,😂😂😂sbki bolti band kr di khans ki bhi gaand fati hui h iss film ki kamai dekh kr 😂😂😂,0
12811,8YP81X1Jur4,1:27 it's Pdeo OCD disorder...,10
12812,8YP81X1Jur4,Aditya dhar bhi aise nalle superstar ke saath kaam nahi karna chahega,0
12813,8YP81X1Jur4,"Bhai, pehle to Rajpal ji ko side me isliye Kiya taki ladies bich me rahe aur gents side me. Akshay bhi side me hi tha to kya woh bhi side actor hai? Kya yaar kuch bhi bolte ho.Dusra Dhurandhar me dikhaya ki 60000 crore aane wale the to note bandi hui par as per RBI, sirf 43 crore ke notes hi vapas nahi aaye the to iska matlab film me galat dikhaya tha ya Pakistan walo ne woh notes India me badalva liye the.",0
12814,8YP81X1Jur4,This is only love you jealous,0
12816,8YP81X1Jur4,Award night trophy to be given to all function coverage should have been more 😂😂😂,1
12817,8YP81X1Jur4,Teri movie thi bhai deshdrohi vo movie nhi h tu khud h deshdrohi,0
12818,8YP81X1Jur4,Akshay Kumar money mineded😅😅😅😅😅,1
12819,8YP81X1Jur4,Yeh Dinbar bathroom 🪥 me hi rehta hai kya😅,0
12820,8YP81X1Jur4,"Abbe Dalle KRK, Ranbir Kapoor ki Ek hi badi film hit hui hai last 5 years me, aur tu usko Super start bata raha hai.",0
12821,8YP81X1Jur4,2:58 bollywood samajh gaya unke gand maar liye gaya hain 😅,0
12822,8YP81X1Jur4,"Krk apki jaankaari ke liye bata doon,pakistaan se kaafi zyada nakli currency hamare desh me aa chuka thaa.un nakli currency ko circulation se bahar nikalne ke liye notebandi ki gayi thii.",0
12823,8YP81X1Jur4,Tum hai sabse bada propogandist. Yeh bhi batao ismen kya propoganda hai,0
12824,8YP81X1Jur4,"Wo kabhi aisa movie bana hi nhi skte , jlte hai sab",0
12827,8YP81X1Jur4,"KRK , aapka English language to ""shubhan allah"" hai 😂😂 !",2
12829,8YP81X1Jur4,Bhoot bangla postponed hoga. Dhurandhar ki wajah se,0
12830,8YP81X1Jur4,Best part 15:30😂😂😂😂😂😂,8
12831,8YP81X1Jur4,Aap 90 ke dashak mein nahin the bhai sahab nahin to aap Aaj Jo superstar ban ke baithe hue hain unmen se kisi Ko bhi Hero nahin banne dete Hain.,1
12832,8YP81X1Jur4,Are note pahunchne ke baad money laundering me time nahi lagta,0
12834,8YP81X1Jur4,Ranveer Singh is overtake Ranbir Kapoor btw,0
12835,8YP81X1Jur4,Akki bhai ko vamika ki mithai khani hai shayad😂😂😂,0
12836,8YP81X1Jur4,Haqeekat me Ranveer Singh aaj ke waqt me bada star hai Ranbir Kapoor se qki usne zyada hit filme di hai bollywood ko.,1
12837,8YP81X1Jur4,Pakistan ke khilaf koi bhi film banao... Bollywood walo ko problem ho jati hai..... Keya chakkar hai bhai...,0
12839,8YP81X1Jur4,Baalti trophy kisko mili thee😂😂😂😂😂,2
12840,8YP81X1Jur4,Sir aap India mai kaise arrest ho gaye aap toh uk Dubai or london mai rehte ho,0
12841,8YP81X1Jur4,Chodina operation sindoor not propeganda,1
12842,8YP81X1Jur4,Aditya Dhar will never want to hire these lalluu khan mafia,0
12843,8YP81X1Jur4,3:37 Next Level Roasting 😅😂,21
12844,8YP81X1Jur4,Yeh KRK TIDDA kya kha raha hai jo din ba din jawaan hota ja raha hai.,0
12845,8YP81X1Jur4,Imagine Krk is killing Hamza in the 3rd part... bcoz he is the friend of Rahman diakat 😂😂,0
12846,8YP81X1Jur4,Ajj ka episode accha lagga,1
12847,8YP81X1Jur4,"Lukkhe or bollywood agar tumhari baat maan bhi le ki dhurandhar propaganda film hai to usse pehle jo D group banata tha wo kya tha..PK, Sanju, tiger..raw+isi",0
12848,8YP81X1Jur4,Teri baton ka koi velu nahi,0
12849,8YP81X1Jur4,Free me chune me dikkat hai..rakesh bedi paise dega to bed me bhi ye sab aaegi,0
12850,8YP81X1Jur4,Krk dusra nam sukun,0
12851,8YP81X1Jur4,After DhurandharYrf make spy film war3 starring krk,1
12852,8YP81X1Jur4,Bhai Jamil  Jamali nahi nabeel gabool hai bhai research tu kar lo😂😂😂😂,0
12853,8YP81X1Jur4,Dilbura uncle aakhir mard ban gaya budhape me,0
12854,8YP81X1Jur4,Hakla sharukh maha flop hai 15 saal se flop chal Raha hai fake corporate booking karta hai 😂😂😂,0
12855,8YP81X1Jur4,"Hyder, mission kashmir, funna These are left propoganda movie",1
12856,8YP81X1Jur4,"ek time tha d gang ke paise se hindi movie banti the aur log d se darte the, aaj ye halat he ki ushi d ko aaj villian  movie me dikhate he, samay kisi ka ek jaisa nahi rehta",0
12857,8YP81X1Jur4,Abe lukhhe I am Buddha ek production company hai koi film nahi hai. Apne aap ko no 1 film critic kehta hai,0
12858,8YP81X1Jur4,Netherlands k ander 40 crore atankwadi nahi rehte jonab krk sahab,0
12859,8YP81X1Jur4,everyone is jealous of dhurander.. khans 😂😂😂😂😂,0
12860,8YP81X1Jur4,"Raja saab ghatiya movie thi islie nhi chali, chava dhurandhar achi films hai islie audience ko achi lagi.. audience ne bata dia content is the only king, so called superstars leke ghatiya movies banaoge to audience nhi ayegi",0
12862,8YP81X1Jur4,"Krk tumhare paas se pakistan parast hone ki badboo aati hai...Hindu bhaiyo jo is krk k channel ko subscribed kiye hue hai,( even me) is krk pe pressure daalo PAKISTAN MURDABAD kehne k liye... kyunki iska channel subscribed karna desh k jawano k khilaaf G haad karne wale logo ko weapons dene k barabar hai...Please 🙏  ispe pressure daalo. Agar yeh na karey to iska channel  turant unsubscribe karo... BHARAT MATA KI JAI 🇮🇳 🇮🇳 🇮🇳 🇮🇳 🇮🇳 🇮🇳",0
12863,8YP81X1Jur4,"Jinhe tiger, pathan ,jawan ,war achi lagti hai unhe ye propaganda hi lagegi...ye log dhurandhar jasi movies nhi bana sakte islie jalte h.. jise na praise karna hai na kare audience bahut samajhdar h",0
12864,8YP81X1Jur4,Krk mere ghar pe newspaper dalega kya😂😂😂😂 dedh sau rupaya dunga😂😂😂😂😂,0
12865,8YP81X1Jur4,What ever u said d movie is hit,0
12866,8YP81X1Jur4,He looks this actress' as his kids,0
12867,8YP81X1Jur4,Ek baat batao Pakistan ko galiyan padti h to aapko q dukh hota h,0
12868,8YP81X1Jur4,Rakesh Bedi tera baap hai,0
12869,8YP81X1Jur4,"Chicha jaan jaante hai petrol kya hai aur diesel kya hai , isliye to haqale ka naam jarur lete hai chicha jaan, lage haath ye bhi bol dijiye ABE PETROL HAI BE😆😆😆",0
12871,8YP81X1Jur4,Is ke upar rajpal ne kya kaha wo bhi sun lete pehle lukke 😂 20:08,0
12872,8YP81X1Jur4,Bhai tum ek baat btao...kya PK propaganda film thi ki nhi... Pakistani embassy me spy bhare hue hain or waha amir ek Indian ladki ko pyar krwata hai,0
12873,8YP81X1Jur4,Krk ki gufa m bambari kis kisko karni h 😂😂,0
12874,8YP81X1Jur4,Pakistan ko gali de di toh tujko kyu bura lagta hai,0
12875,8YP81X1Jur4,"Abe bharwe, Netherlands me cycling is a  national passion. To save energy, maintain fitness etc. Jaise hum aatmanirbharta swachh bharat, etc campaigns chalaate hai, waha ke log cycling karte hai. Agar teri general knowledge itni kharab hai to khule me mat haga kar.",0
12876,8YP81X1Jur4,You are talking nonsense about film dhurandar....Hats off to Aditya dhar for making this masterpiece film,0
12878,8YP81X1Jur4,Aa gaya meetha aa gaya😂😂😂😂😂,2
12879,8YP81X1Jur4,Krk do mu ka sap 😂😂😂,0
12880,8YP81X1Jur4,Dhai ghante ki movie se badhiya 20 minut ka poll kholl ✅,1
12881,8YP81X1Jur4,"Mene bhi dhurandhar 1,2 nahi dekha",1
12882,8YP81X1Jur4,Net vedio bhai jaldi upload krna🙏🙏,1
12883,8YP81X1Jur4,Krk legend 🎉,1
12884,8YP81X1Jur4,We want bollywood polkolhol on tv,1
12885,8YP81X1Jur4,"Kya propaganda hai operation sindoor me, tumare hisab se to Pakistani doodh k dhule h😂😂",0
12886,8YP81X1Jur4,Chamat toh tujhe Mumbai police ne lagayi thi 😂,1
12888,8YP81X1Jur4,Are bhai aap toh song banaa banaa ke kya kya karte hain...Ganda dimaag...gandi soch...Are bhai...naachte ho...gaate ho...khaate ho....khaana...Firr gandaa Dimaag...😂😂😂😂😂😂😂😂😂😂,0
12889,8YP81X1Jur4,Chal jhuthe ranbeer aur srk ka pr.. animal se pehle kaun si film hit hui thi uski😂😂,0
12891,8YP81X1Jur4,Hume bhi 10 saal ho gye sadele krk ka channel dekhte hue sab deserving hai,20
12892,8YP81X1Jur4,Triple dholki 😂,0
12893,8YP81X1Jur4,looks h ranbir k uncle jaise..ek average actor h ...krk samose with nibu soda 🥤 mila h PR k liye.... .... Ranveer Singh & Shahid are most fit and far more good actor,0
12895,8YP81X1Jur4,"Paki, aapko kaunsi English aati hai? Oshiwara / Behram Baug wali?? 😂😂😂",0
12896,8YP81X1Jur4,Tune dhurandhar o uske actors ko burrai karni hai Tujse acche ki umid bhi nahi hai Teri wafadari sirf apni kaum se hai or badkismatise Teri kaum me sirf zahar bhara hua hai,0
12897,8YP81X1Jur4,The coat you have wear is really wonderful.,1
12898,8YP81X1Jur4,War tiger pathan Jawan all r poroganda movie hai,1
12900,8YP81X1Jur4,Bathroom me beth kar video bana raha hai double dholaki 😂😂😂,1
12901,8YP81X1Jur4,Propaganda kaise hui movies bhai woh toh reality hai reality ko propaganda bol do toh wow so intellectual,0
12902,8YP81X1Jur4,Rakesh bedi ne touch kia to wo tharki abhi sare actors milte hai kiss karke greet karte h to bada etiquette hai😅😅 pata hai krk tum dhurandhar ki success ko pacha nhi pa re,0
12903,8YP81X1Jur4,KRK is a Chamcha of SRK,0
12904,8YP81X1Jur4,Imagine if  Salman Khan plant the evidence and proved to UAE that KRK is  an Indian spy and proved to India that he is Pakistani spy...set his fielding with armed forces.... 😂😂😂😂,1
12905,8YP81X1Jur4,3:14 mera lukkha dost propgenda nahii kahega kyuki abhii iske upar bht saare case chal rhen hain 😂😂😂 baat ko samjho zara,7
12907,8YP81X1Jur4,"Koi dhurandhar k bare me islie baat nhi kar re qki sabki jali hai, warna ye log nepo kids ki faltu filmo k baare me itna bolte h",0
12909,8YP81X1Jur4,"I love❤ krk about his honesty, straight forward and crystal clear news ..... We love you because u are honest and never forget u are an indian muslim man 🙏baki jo bhi kahan absolutely correct... especially notebandhi and Arjun Rampal fake love about his nation😂jai Hind",0
12910,8YP81X1Jur4,Operation Sindoor per chamcho ki jalegi aur isko propaganda bolenge,0
12911,8YP81X1Jur4,Dubai banegaa kabristaan😅😊,0
12912,8YP81X1Jur4,"Are woh 45 saal se pakistan mein tha na ,tharak  thodi jaldi jayegi😂",0
12913,8YP81X1Jur4,Tumhari koum ki yahi to khass baat h. Galat ko galat nhi bolteNot bandi galat kaise h ye bata pehle,0
12914,8YP81X1Jur4,Award night bhi aab drama bana diya hai 🤡,2
12915,8YP81X1Jur4,Bhai Kamal Hogaya Dhurandhar Aage Pathaan Jawaan Dunki Ye Teeno Filme Mahaflop Hai Fail Hai 😂😂😂😂😂😂,26
12916,8YP81X1Jur4,Deshdrohi 2 mein mujhe lelo bhai,0
12917,8YP81X1Jur4,"25:06 Yehi netherland ka PM abhi NATO me naukari kar raha hai . Isi ne Trump ko khush karne ke liye use ""daddy"" bola tha . KRK bhai thoda aur bhi research kar liya karo. Bharat ka PM to kya koi MLA bhi kisi videshi neta ko apna daddy nahi bolega use khush karne ke liye . Netherland ke log aur europe ke log isko corrupt aur bhaddi bhaddi galiya dete hai .",2
12918,8YP81X1Jur4,ab yeh paagal jee nahi paayega.,1
12919,8YP81X1Jur4,Deshdrohi 2(Deshdrohi the Destruction). Will break records of Dhurandhar 2 😂😂😂,2
12920,8YP81X1Jur4,Video banate ho to London me rehte ho. Arreste india me hote rehte ho. Ye kaise kar lete ho aap,2
12921,8YP81X1Jur4,Trofee jese tofee,0
12922,8YP81X1Jur4,Jo krk ke hatte Chad gaya uska to phir,0
12923,8YP81X1Jur4,Jameel nahi nabeel Gabol name hai politician ka,0
12924,8YP81X1Jur4,"Are chacha , film me jalaya tha to kya sahi me jala diya tha.  Aur kya Paisa aane ke baad notebandi karte aap agar pm hote to 😂😂😂😂",0
12925,8YP81X1Jur4,Dhurandhar movies propaganda movie hai... Kahne mai teri phatt kyu Rahi hai,1
12926,8YP81X1Jur4,Are krk kaha gaya tu,1
12927,8YP81X1Jur4,Wah bahut accha episode hai,1
12928,8YP81X1Jur4,Ranveer Singh bhi ab kangna ranaut ban k reh jayega..,1
12929,8YP81X1Jur4,G oOoOO luckhay,0
12931,8YP81X1Jur4,Imagine Krk as spy agent in Dhurandhar 3 😂🔥,77
12932,8YP81X1Jur4,Ab to urduwood ki jali padi hai.. Dhurandhar rocks❤❤,10
12933,8YP81X1Jur4,ranveer singh is new super star,0
12934,8YP81X1Jur4,Lukkhe ageya,2
12935,8YP81X1Jur4,Ek hota hai OSCAR AWARDEk hota hai IIFA AWARDPhir aata hai BALTI AWARD KRK WINNER 😂😂😂😂,2
12937,8YP81X1Jur4,Aa gaya #1 chapri critic of India 😂,0
12938,8YP81X1Jur4,"Public pagal nahi he dhurandhar ko top response diya ...Jalte h producer ,krk aur superstars,south wale tarife kar rahe h",10
12939,8YP81X1Jur4,It is the best film in the last 6 months where a movie is made and not made a stupid film like the bigges are doing and fooling people,0
12940,8YP81X1Jur4,"Jai Modi, Jai Yogi",0
12942,8YP81X1Jur4,Dhurandhar - greatest movie ever made in Bollywood.,0
12943,8YP81X1Jur4,Much entertaining than Sallu bhai movies,1
12945,8YP81X1Jur4,Chal lukhay jo sach hota h usko galat bolta h,0
12946,8YP81X1Jur4,Shilpa ko trophy isne zindagi main kiya kyaa hai khali 😂😂😂😂😂 .,1
12947,8YP81X1Jur4,So don’t spoil ur impression by saying it again and again,1
12948,8YP81X1Jur4,Krk sir plzz daily video upload kijiye m bhut wait krta hu aapka ❤❤❤,1
12949,8YP81X1Jur4,If u feel it is a propoganda film still people are seeing and liking the film and if people are liking it no one can say the film is bad because no one is bigger than the public,6
12950,8YP81X1Jur4,"Dawood se paise lekar movie karte hai, isiliye Dhurandhar ko propaganda to bolenge hi ye bollywood wale.",73
12952,8YP81X1Jur4,Bade saahab ka dar hai 😅😅😅😅,1
12953,8YP81X1Jur4,Film Kalpanic Thi Aur Kuch Scene Bhi Propoganda Dikhaya Tha Sach Hai Ye,0
12954,8YP81X1Jur4,Dunki was KRK's biopic. Usme wo London bridge par khada putla-bhikhari KRK tha.,0
12955,8YP81X1Jur4,BALTI AWARD WINNER ONE AND ONLY KRK 😂😂,78
12957,8YP81X1Jur4,Kyun ki bollywood ki jali padi hain,1
12958,8YP81X1Jur4,Tumko jyada taklif haiBas bol nahi rahe ho,1
12960,8YP81X1Jur4,Tu bhi ab accha banne ka natak karraha hai....ladkiyo ko msg karta tha bhul gaya nalle unko bhi tujhe chamaat marna padega,0
12961,8YP81X1Jur4,Dhurandhar The Revenge ❌️Dhurandhar The Propaganda ✅️,1
12962,8YP81X1Jur4,London me kaha ho bhai..bathroom ki wall to same hai,0
12964,8YP81X1Jur4,dakait Ek Prem Katha superhit Hogi🔥,0
12965,8YP81X1Jur4,dakait Ek Prem Katha superhit Hogi🔥,0
12966,8YP81X1Jur4,SUPERSTAR RANVEER SINGH 🔥🔥🔥🔥🔥,0
12969,8YP81X1Jur4,Hame jameel se kya lena dena,1
12970,8YP81X1Jur4,Chakaaay ab bolna Salman bahi kay khilaaf😂😂😂😂😂😂 tere gand phatgya hai,0
12971,8YP81X1Jur4,Rakesh Bedi tarki nahi hai ... Teri dimag main gatar hai...😮,23
12972,8YP81X1Jur4,"Aa gya bathroom critics triple (age,piche,muhme) dholki KRK lukhkha.😅😅😅",1
12973,8YP81X1Jur4,Konse bade Directors konse bade superstars???? Lukkhe KRK 😂,0
12974,8YP81X1Jur4,Shilpa ka oh bada dill ops❤😋,1
12975,8YP81X1Jur4,Pata nahi isko BJP se koi bht badi MITHAI mili he... tab se ye badal gaya he...,0
12976,8YP81X1Jur4,Prabhas is a flop actor. Bahubali was hit because of story and direction,0
12977,8YP81X1Jur4,Dhurandhar dekh kr hakla ro rha hai 😂,2
12979,8YP81X1Jur4,7:13  Akshay Kumar asked shilpa to wear duppta .... because his manhood asking him to knock his lady door ..... . Shilpa exposing too much to akshay. 😌😌😜😋,1
12980,8YP81X1Jur4,Sab kahte hain tu madarchod hai … par dekh maine tujhe madarchod bilkul nahin kaha 😅… samjha,0
12982,8YP81X1Jur4,"DHURENDAR PROPAGANDA FILM ISKE BAARE ME KYA BOLE BOLLYWOOD WALE, HA KRK KI DARR SE G....D PHATI PADI ISLYE PROPAGANDA NHI BOL RAHA😂",1
12983,8YP81X1Jur4,"Krk bhi dhurandhar hai,Dhurandhar 3bme krk ko  indian spy ka roll mast rahega,acting real lagega ,maar khate hue ,muje ghar jana hai dobhalji ,me Pakistan nahi rehna chahta ,😂",0
12984,8YP81X1Jur4,Sab lukhe dhurandhar se darte hai 😂,171
12985,8YP81X1Jur4,Boycott Hindi movies 😎😎,0
12986,8YP81X1Jur4,0:24 ghanti nahi ghanta daba dunga😂,7
12987,8YP81X1Jur4,Ek villain 3 banni chahiye aur usme krk ka important role hona chahiye,32
12988,8YP81X1Jur4,Bhai Bahot Late Vedio aa rhaa he🙄🙄,1
12989,8YP81X1Jur4,I love ❤ krk,1
12990,8YP81X1Jur4,Nabeel Gabol is the real name of the politician. Not Jameel Jamali,0
12991,8YP81X1Jur4,9:21 ranbir kapoor PR activated. 🙂🤩,150
12992,8YP81X1Jur4,Ye kajol ka pyar krk ajay ko dhamka nahi rahi h tera tu apne heart ki surjari kara le,0
12993,8YP81X1Jur4,7:29 bhut harami h tu😂😂😂😂😂😂😂,0
12994,8YP81X1Jur4,KRK BHAI EK AAK SE ANDHA PRIYADARSHAN KO ROAST KARO PLEASE BHAI🙏🙏,0
12995,8YP81X1Jur4,KRK BHAI EK AAK SE ANDHA PRIYADARSHAN KO ROAST KARO PLEASE BHAI🙏🙏,0
12997,8YP81X1Jur4,KRK BHAI EK AAK SE ANDHA PRIYADARSHAN KO ROAST KARO PLEASE BHAI🙏🙏,0
12998,8YP81X1Jur4,Jab raw and isi agent bikini pehne naachte love karte wo propegenda nahi?,0
12999,8YP81X1Jur4,KRK BHAI EK AAK SE ANDHA PRIYADARSHAN KO ROAST KARO PLEASE BHAI🙏🙏,0
13000,8YP81X1Jur4,KRK BHAI EK AAK SE ANDHA PRIYADARSHAN KO ROAST KARO PLEASE BHAI🙏🙏,0
13001,8YP81X1Jur4,only hindus abuse KRK because he exposes hinduvta drama.,0
13002,8YP81X1Jur4,KRK BHAI EK AAK SE ANDHA PRIYADARSHAN KO ROAST KARO PLEASE BHAI🙏🙏,0
13003,8YP81X1Jur4,KRK BHAI EK AAK SE ANDHA PRIYADARSHAN KO ROAST KARO PLEASE BHAI🙏🙏,0
13004,8YP81X1Jur4,KRK BHAI EK AAK SE ANDHA PRIYADARSHAN KO ROAST KARO PLEASE BHAI🙏🙏,0
13005,8YP81X1Jur4,Lukhe agya tuh wapas,0
13006,8YP81X1Jur4,Dogla krk dogla,1
13007,8YP81X1Jur4,Ranbir kareena ka cousin he Lukhey bhai nahi😎😎😎😎😎😎,0
13008,8YP81X1Jur4,Sonam bajwa mithia kandi haii kyaaa😅,3
13010,8YP81X1Jur4,KAUN KAUN CHAHTA HAI KRK BHI PODCAST START KARE😢😢,1
13011,8YP81X1Jur4,Agay lukkha sandas mein baithke video leke...Krk is 2 rupees lukkha people 😂😂😂,0
13013,xvvZATxs30M,Aap to pahle acche Khel rahe the form De dusri bar Kya Ho Gaya 😂,0
13014,xvvZATxs30M,Bhai granny ko toh mein ankhy band kar ky maar du😂  bhai Dar raha hai,0
13015,xvvZATxs30M,Bhai meta bhahat bar escape karchukahu,0
13016,xvvZATxs30M,KUCHH JYADA HI TIME WEAST KAR KE ESCAPE KIYA BHAI,1
13017,xvvZATxs30M,Ajjubhai❤😂😅😅😂🎉😮😮😮,0
13018,xvvZATxs30M,Moja mila kya,0
13019,xvvZATxs30M,Moja mila kya,0
13020,xvvZATxs30M,Moja mila kya,1
13021,xvvZATxs30M,Moja mila kya,1
13022,xvvZATxs30M,Moja mila kya😂😂,1
13025,xvvZATxs30M,Bhai mere rs 100  rupees de do Badi youtuber Ban Gaye to mere rs 100 rupees 😢😢😢kyon nahin de rahe ho,1
13027,xvvZATxs30M,We want God of war in hindi,0
13028,xvvZATxs30M,Bhaiya regitent evil 8 village khelo,0
13030,xvvZATxs30M,I am such a noob at this game. Main ek kadam uthaon to Granny maar deti hai.Gameplay pada hai channel pe,1
13031,xvvZATxs30M,*HAPPY BIRTHDAY AJJU BHAI IN ADVANCE FOR 3rd OF MAY*🎉🥳,1
13032,xvvZATxs30M,House flipper game,1
13035,xvvZATxs30M,"vote for escape the jungle, a horror driving game",0
13036,xvvZATxs30M,Ajju bhai GTA 5 mission continue please 😅,0
13038,xvvZATxs30M,Oooyyyeeee nooobdeee jaalddiii video daal nhi tooo ghar pe ghuske marunga dekhna 2 din ke andar new video chahiye....ek video upload karne ke baad gayab ho jata hai ye banda matlab inko yaad hi nhi hai ki inka ek channel hai koi khayal hi nhi youtube ke bare me harami bohot marunga jaldi video daal jaldi jaldi jaldi nhi to unsubscribe kr dunga warning de rhi hu,0
13039,xvvZATxs30M,Bhai me bhi aapki tara video bana ta hu to aap dekhakar bhataye ke koi kami he kya 😢,1
13040,xvvZATxs30M,Moja mila❤❤❤❤❤,0
13041,xvvZATxs30M,Ajju bhai I am a big fan please mujhko support karoge kya❤,0
13042,xvvZATxs30M,18:25 what is this??? 😂😂😂😂😂 what a funny reaction ajju baby ki English 😂😅,0
13044,xvvZATxs30M,Ajjubegam Broo Kya haal chaal ❤,0
13046,xvvZATxs30M,Ajju bhai please try poppy play time chapter 5,1
13047,xvvZATxs30M,Ajju bhai please try poppy play time chapter 5,0
13048,xvvZATxs30M,Ajju bhai please try poppy play time chapter 5,2
13049,xvvZATxs30M,Ajju bhai koh ruby play bottom Diladoh oske baad ajju bhai 🫂🫡,1
13050,xvvZATxs30M,Kela khaoge,0
13051,xvvZATxs30M,Ajju bhai please try poppy play time chapter 5,1
13052,xvvZATxs30M,Please   adjust   dimensions     da   do,0
13053,xvvZATxs30M,Rygw4trr4e43333😂😂,1
13055,xvvZATxs30M,Mujhe Hansi a raha hai Ajju bhai ka game play Dekh kar 😂😂,0
13057,xvvZATxs30M,Thanks For 43 Subscribe,0
13058,xvvZATxs30M,Thanks For 43 Subscribe,0
13059,xvvZATxs30M,Thanks For 43 Subscribe,0
13060,xvvZATxs30M,Aju bai purana fre fire kab ayega baiya,0
13061,xvvZATxs30M,Mein hr barr pakda jata hun aaj tak escape nhi kr paya 😆😭😎,0
13062,xvvZATxs30M,Ajju bhai mere Sath free fire khelo id-krishna_soni platinum 4,0
13063,xvvZATxs30M,"Ajjubhai be like :- ""LA LA LA LA LA LA LA LA LA""😂😂😂😂😂😂😂",0
13065,xvvZATxs30M,Ajjubhai Love you bhai ❤❤,0
13066,xvvZATxs30M,"Ajjubhai fire hai,",0
13067,xvvZATxs30M,moja mila kya,0
13068,xvvZATxs30M,Aloo khaoge 🥔🤣🥕,1
13069,xvvZATxs30M,AB bacha Bara  ho rha hai ajju bhai❤ but fir v,1
13070,xvvZATxs30M,Ajju. Bhai please help reply karo please bhai bohot musibbad me hu,0
13072,xvvZATxs30M,Ap ka dan ho please,0
13073,xvvZATxs30M,Moga aju bai spot kar wa do na please,0
13074,xvvZATxs30M,Ajju bhai ke aage koi bol sakta hai kya Ajju bhai on top broooo 😅,0
13076,xvvZATxs30M,Please bai moga spot karwa do na ma ap ka bag fan ho please😢 moga spot karwa do please😢😢😢,0
13077,xvvZATxs30M,Bhai app pagal ho kya app notice karo app ka har Free fire video par 1.5m + views h par app ak he game quit kar raha ho app 1 day free next day other game and again repeat it for 14 day try it I am an boy try to your came back,0
13082,xvvZATxs30M,Hallo ajju bhai me aapka bhot jyada fan hu mene aapko sabcrib bhi kya ha,0
13083,xvvZATxs30M,Ajju bhai please vapase se mc khelona apke mincraft ka gameplay are relly miss please play mincraft ❤❤😢,0
13084,xvvZATxs30M,Ajju bhai agla video blog dalna,0
13086,xvvZATxs30M,Good game ajju bhai,0
13087,xvvZATxs30M,Hacker hi bhi Hacker ye 😔😔😔😔,0
13088,xvvZATxs30M,Ajju bhi ap video mai voice edit karte hoo,0
13089,xvvZATxs30M,aujjbhai apna bhaut sal pahle see of thieves game khala tha?😑,1
13093,xvvZATxs30M,Amazing gameplay brother ❤️,0
13094,xvvZATxs30M,sukll hotel best horror game khelo,0
13095,xvvZATxs30M,skull hotel game khelo bhai,0
13096,xvvZATxs30M,Noooooooob ajju noob,0
13098,xvvZATxs30M,Ajju😂bhai😂granny🤣🤣Lever😂🤣😂🤣😆😁,0
13099,xvvZATxs30M,Bro video upload kab karoge,0
13100,xvvZATxs30M,"Endless nightmare 1 home,2 in hospital please play these games",0
13101,xvvZATxs30M,Ajju bai Mara comment  per Luke kar do 😢😢😢😢😢,0
13102,xvvZATxs30M,Free Fire Video Banaya Tab 50M SUBSCRIBE Ho ga,0
13103,xvvZATxs30M,Aap jaldi video nahi daalte ese lia apka views girte ja rhe hai agar aap video 5 Days baad video daalte rhe to aapke views badte jyange,1
13104,xvvZATxs30M,Ajju bhai Aalu khaoge,0
13105,xvvZATxs30M,Ajju bhai mere sath ff me ek custom khelo na.,0
13106,xvvZATxs30M,Ajjubhai new video kab dal rahe ho ❤,0
13107,xvvZATxs30M,Pahle Jaise Aaj Jo bhai Nahin Rahe 💔,0
13108,xvvZATxs30M,Bhai aap triggered bhai ko kaise bhul sakte ho 38:43,0
13109,xvvZATxs30M,Ajjubhai amitbhai to hamesha aapke sath prank karte he ab aapki bari 0:27 ❤❤❤❤,1
13110,xvvZATxs30M,Bhai kuch bhi ho hum hamesha ajjubhai ke fan hai 😇,0
13111,xvvZATxs30M,Ajju bhai pregnent button ✅😂 from instagram,0
13112,xvvZATxs30M,GTA 1 please 😂,0
13113,xvvZATxs30M,Pahle DONO KO maro na 19:38,0
13114,xvvZATxs30M,Open challenge 1 vs 1 awm mai with mobile FF ID 2938490064 I'd name flash 😈😈😈😈😈😈😈😈😈😈😈😈😈😈😈😈😈😈😈😈😈😈,0
13115,xvvZATxs30M,Open challenge 1 vs 1 awm mai with mobile FF ID 2938490064 I'd name flash 😈😈😈😈😈😈😈😈😈😈😈😈😈😈😈😈😈😈😈😈😈😈,0
13116,xvvZATxs30M,Open challenge 1 vs 1 awm mai with mobile FF ID 2938490064 I'd name flash 😈😈😈😈😈😈😈😈😈😈😈😈😈😈😈😈😈😈😈😈😈😈,0
13117,xvvZATxs30M,Open challenge 1 vs 1 awm mai with mobile FF ID 2938490064 I'd name flash 😈😈😈😈😈😈😈😈😈😈😈😈😈😈😈😈😈😈😈😈😈😈,0
13118,xvvZATxs30M,Open challenge 1 vs 1 awm mai with mobile FF ID 2938490064 I'd name flash 😈😈😈😈😈😈😈😈😈😈😈😈😈😈😈😈😈😈😈😈😈😈,0
13119,xvvZATxs30M,AJJU BHAI FF ME RAISTAR SE 1 VS 1 KARO,0
13120,xvvZATxs30M,Bahut bhadiya hai bhai,1
13121,xvvZATxs30M,ONLY TOTAL GAMING FAN & AJJUBHAI FAN ❤❤❤❤,1
13123,xvvZATxs30M,Ajju bhai filmi🎉🎉🎉🎉,0
13130,xvvZATxs30M,Puppy video nice❤❤,0
13132,xvvZATxs30M,Bhai free fire bhi khela krooo na please,0
13133,xvvZATxs30M,Scary teacher khelo,0
13134,xvvZATxs30M,I want to play custom,0
13136,xvvZATxs30M,Ajju bhai ka photo ajju bhai ka photo bhaiya bahut achcha female character mein aapko mobile ki light din mein ek bandar ne kab banaya tha ajju begam ka naam Nahin aaya a Amit bhai ka do raste mein bahut Ganda hai to comment karta hun aur Raju Bhai maine bola tha vah,0
13137,xvvZATxs30M,Ajju bhai proxy server ki lik,0
13138,xvvZATxs30M,Bhai GTA 6 zaroor khelna 🎉,0
13139,xvvZATxs30M,Badhiya acting karta hai😅😅😅😅,0
13141,xvvZATxs30M,Bhai free fire kab khela ga,0
13142,xvvZATxs30M,Y official granny chapter 2 h kya?,0
13144,xvvZATxs30M,Ajju bhai the granny Lever 🤣😂,1
13145,xvvZATxs30M,GRANNY AND AJJU BAHI BONDING NEVER END😂☠️❤️,0
13146,xvvZATxs30M,Bhai free fire video daliye😊😊,0
13147,xvvZATxs30M,Ajju bhai door handle nahin chahie hota Hai vah Dor escape mein chahie hota Hai,0
13148,xvvZATxs30M,Next play - GARTEN OF BANBAN,0
13153,xvvZATxs30M,Ajju bhai 1vs1 karoge kya,0
13154,xvvZATxs30M,Ajju bhai de like E hacker hai bhai hacker hai hacker hai😂😂,1
13155,xvvZATxs30M,Free fire ke video dalo bhai 100m  cross Ho jaenge,0
13156,xvvZATxs30M,39:30 sach me gatiya hai islye mene delite kar diya matlab itna gatiya 😷,0
13157,xvvZATxs30M,39:30 sach me gatiya hai islye mene delite kar diya matlab itna gatiya 😷,0
13158,xvvZATxs30M,Ajju bhai sadi kab karoge 😅😊,0
13159,xvvZATxs30M,Ajju Bhai Main tumhare jija bol raha hun,0
13160,xvvZATxs30M,Ajju bhai free fire kab khelo ge,0
13161,xvvZATxs30M,"Ajju bhai ka reaction,wo hath me a gya",1
13163,xvvZATxs30M,Bhai grndpa ke pass tha crowbar or ek key .,0
13164,xvvZATxs30M,The proestttt of the pro ☠,0
13165,xvvZATxs30M,Gta video lao,0
13167,xvvZATxs30M,Areeeeeee open hojaaa bhaiiii tu pagal hai kya 🤣🤣/,0
13168,xvvZATxs30M,Plz play evil nun  😢😢😢😢😢😢,1
13170,xvvZATxs30M,Who miss our old ajjubhai🥺🥺,37
13171,xvvZATxs30M,Bhai ap jara batana apko dikhta hai crowbar grandpa. Liya tha dhan do,1
13172,xvvZATxs30M,Ajju bhai❤Uncharted❤gamekhelo,1
13173,xvvZATxs30M,Next game pregmata🎉,0
13174,xvvZATxs30M,Bhai free fireMein comeback kar lo 😢😢,0
13175,xvvZATxs30M,Arya 2 game video bnao,0
13176,xvvZATxs30M,Free fire video banao yaar please,0
13177,xvvZATxs30M,Bhio mari editing kasi ha 😮,0
13178,xvvZATxs30M,Jab Se Ajju bhai ka face reveal hua Hai tab Se unka view nahin ja raha hai,1
13179,xvvZATxs30M,Ajjubhai vs amitbhai aukat ki baat 1lack comment ❤❤❤❤😢😢😢😢,1
13180,xvvZATxs30M,Pls Bhai ❤❤❤❤❤😊,0
13181,xvvZATxs30M,He knows that he would get more views on free fire game play but still would play different games even with less views,1
13183,xvvZATxs30M,Free fire ke video ke liye vote do,0
13184,xvvZATxs30M,Vote for Minecraft ❤️,0
13185,xvvZATxs30M,Teri aaisi ti taisi tune ek din dekh  mere samne aa fir bataoga tune herobrine kaise tabha ki me bata ta hu 🤬👿👿👿👿👿👿👿👿👿mu se bad word nikal rahe ha bass bol na pata made by herobrine smp 👿👿👿👿👿👿👿👿👿👿👿👿👿👿👿👿👿👿👿🥺,1
13186,xvvZATxs30M,Ajju Bhai aapki Love story ka kya hua jo Sunita Bhabhi ke sath tha,0
13187,xvvZATxs30M,Ajju bhai please Free fire max to super time 15m video news news,1
13188,xvvZATxs30M,Ajju bhai pls ek frée fire video with your squad,0
13189,xvvZATxs30M,Ajjubhai Granny lover 😂😂,0
13190,xvvZATxs30M,Ff kyo chhod diye😢😢,0
13191,xvvZATxs30M,Ajju bhai big fan main aapki video dekhkar free fire khelna sikhao khaskar ke Sniper channel main aapka 4 years old subscriber hu mere ko request bhej do please 10674666787,0
13192,xvvZATxs30M,Hallo bhai log kaise ho main hu ajay or ap log dekh rahe ho total gaming youtube channel ? 😂😂😂 Only legend know,0
13193,xvvZATxs30M,Free fire video lao bro 😢,1
13195,xvvZATxs30M,Free fire ki video dalo Ajju bhai please,0
13197,xvvZATxs30M,Free fire ki video dalo,0
13200,xvvZATxs30M,Aishwarya Rai Aishwarya Rai Aishwarya Rai,0
13203,xvvZATxs30M,Windrose khelo,0
13204,xvvZATxs30M,Ajju bhai ff ka bhi to dalo kitna wait karoge,0
13205,xvvZATxs30M,15:34 the best part,0
13207,xvvZATxs30M,Kaunsa game hai humko bhi khelna hai ..kahase download kar sakte ha??,0
13208,xvvZATxs30M,Ajju bhai new free fire video,1
13209,xvvZATxs30M,Big fan bro ❤❤❤,0
13211,xvvZATxs30M,Ajju bhai please free fire meri request utha lo yeh hai meri UID 2733569438,0
13212,xvvZATxs30M,Poppy playtime chapter 5 kalo,0
13213,xvvZATxs30M,Bhai ye game ka name kya hai 3:35,1
13214,xvvZATxs30M,Hello Brother kaise ho sab badhiya ghar parivar mein 🫂,0
13215,xvvZATxs30M,15:35  reaction same same but different,0
13216,xvvZATxs30M,Free fire video,0
13217,xvvZATxs30M,Ajay Bhai kya aap mujhe 10000 rupaye de sakte ho mujhe ek camera ki jaroorat hai apna khud ka content banane ke liye 😢plzz,0
13218,xvvZATxs30M,Bhaiya apka sida 🤍ha ya tada 💚😅,0
13219,xvvZATxs30M,Bhai apaki kast kya he,1
13220,xvvZATxs30M,Aukat ki baat part 2 aukat ki baat part 2 aukat ki baat part 2 aukat ki baat part 2,0
13221,xvvZATxs30M,Ajjubhai oyo me jayege granny lo lekar,0
13222,xvvZATxs30M,Chalo Ek Dushre Ko Support Karte Hai 😊,0
13224,xvvZATxs30M,Big fan❤❤❤❤😊😊😊,0
13225,xvvZATxs30M,@AjjuBhai please play Max Payne 3 😊,0
13226,xvvZATxs30M,Bhai new vidio kab aayegi ff ki 😢😢,0
13229,xvvZATxs30M,We want come back sir,0
13230,xvvZATxs30M,@zerox.9-t5e,1
13232,xvvZATxs30M,Bhai iska toh pura channel hi atka hua hai 2-3 saal se 45 m pe hi hai 46-49 m toh hote lekin kuch nhi hua waise kahin na kahin tu deserve bhi karta hai,0
13233,xvvZATxs30M,Mujhe ek game ka link chahie Ajju bhai mujhe pata sakte ho ❤❤❤😊😊😊😊,0
13234,xvvZATxs30M,Bhaiya new video kyon nahin a rahi hai,0
13235,xvvZATxs30M,Ajju bhai tame R2H Gujarati ne olkho so,0
13236,xvvZATxs30M,Granny ke ladhle😂😂😂😂,0
13238,xvvZATxs30M,Ajju bhai and granny sadi bution😂😂😂😂😂,0
13239,xvvZATxs30M,Opp ajju bhai❤❤❤😂😂😂,0
13241,xvvZATxs30M,Bhai ye konsa granny h please btao,0
13242,xvvZATxs30M,Free fire kab kall ga 😊😊,1
13243,xvvZATxs30M,Bhai getting over it game khelo fines karo game ko,0
13244,xvvZATxs30M,Palworld gaming video please 🥺 please please please please please please please please please please please please please please please Please Please Please Please Please Please Please Please Please Please PleasePlease Please Please Please Please Please Please Please Please Please Please PleasePlease😢😢😢😢,0
13246,xvvZATxs30M,Ajju bhia downfall,0
13249,xvvZATxs30M,Ape to pc me game khalta ho ape mobile me mare sat 1vs1  custom Karo me Tom ko Hara don ga ea lo uid_13848844605,0
13250,xvvZATxs30M,Bhai GTA v 😢,0
13251,xvvZATxs30M,So today is my birthday I want to meet Ajjubhai ❤🤞🏼,1
13252,xvvZATxs30M,Ajju Bhai GTA V  video dalo,1
13253,xvvZATxs30M,Free fire video,2
13254,xvvZATxs30M,Ajju bhai respect button🔥🔥👇🏻,0
13255,xvvZATxs30M,Bhai comebach chahiye Mujhe purana ajju bhai chahiye pls😢,3
13256,xvvZATxs30M,Ajju bhai is pro player,1
13257,xvvZATxs30M,Assalamoalaikum Ajju bhai,1
13258,xvvZATxs30M,Bhai sab accha hai par... I need Herobrine smp back,0
13259,xvvZATxs30M,Anju Bhai come back please ❤,1
13260,xvvZATxs30M,Gta part 18 please 🎉🎉🎉❤❤❤,0
13261,xvvZATxs30M,Ajju bhai ajj bhi apne name ke aage 94 lagate hai🥹💓,0
13263,xvvZATxs30M,"bhai old custom lao jese 6 bunny bundle vs Aju bhai , amit bahiaur , munna bhai",0
13265,xvvZATxs30M,You are over you are not that ajju bhai that push rank with amit bhai and other you are totally overdue 😢😢,0
13267,xvvZATxs30M,Ajju bhai please give me your free fire id 2020 sabhi video dekhate aa raha hu,0
13268,xvvZATxs30M,Main kya. Aaju  miyaoooo gop gop gop gop,0
13269,xvvZATxs30M,Ajju bhai Tg😮 har Gai bahut dukh ho raha hai,0
13271,xvvZATxs30M,Ajju bhai wala game banana gun and the grandpa,0
13272,xvvZATxs30M,Chem so ajju bhai 😅😂,1
13273,xvvZATxs30M,Jo bhi mere sath turnament kheloge vo reply de,0
13274,xvvZATxs30M,Ajju bhai awm gameplay video,1
13275,xvvZATxs30M,Ajju bhai granny 3 khelo,0
13276,xvvZATxs30M,BHAIYA request send karo 🙏 UID 2343903084NAME SS_KESHAV_OP,0
13277,xvvZATxs30M,Is game k link,0
13278,xvvZATxs30M,Free fire ke dalo bhai,0
13279,xvvZATxs30M,Sir I'm your new subscriber plz reply me 🫶🏻.,1
13281,xvvZATxs30M,Ajju bhai ko ho gya hai granny se pyar❤😂,0
13282,xvvZATxs30M,Bhaiya free fire khelo please 🥺🥺🥺,0
13283,xvvZATxs30M,Ajuubhai  granny legend shaadi kab kar rahe ho😊 reply 🙏,1
13284,xvvZATxs30M,Ajju Bhai need aura ❌ aura need ajju Bhai ✅ 😙💀☠️👀,1
13285,xvvZATxs30M,Bhai aap shorts kyon nahin dalte?,0
13286,xvvZATxs30M,Bhai main aapka bohot purana fan hoon please request bhej do free fire mein UID - 13938456759,0
13287,xvvZATxs30M,"Bro me aryan hu, aur aapko ye batana chahta hu ki kya aapka downfall ho raha hai ya aap karwa rahe hoMatlab aap FREE FIRE LEGEND ho yarr aur please SNIPER gameplay dikhaoPublic bhi yahi chahti hain bro ,ITS_TIME_FOR_COMEBACK!!!!!!",1
13288,xvvZATxs30M,15:34  that's the reaction in every granny video 😂😅 please pin me 📌 👇,3
13290,xvvZATxs30M,You and your family is gay😂,0
13291,xvvZATxs30M,Ajju bhai granny lover,0
13292,xvvZATxs30M,❤❤❤❤❤❤❤❤❤Ajju bhai Dam Hai To Shadow Fight game khel kar dikhaiye uska video banaaiye please,1
13293,xvvZATxs30M,Ajju bhai next video maya ek pishachini horror game ka dalo please 🥺,0
13295,xvvZATxs30M,Ajju bhai granny lover😂,1
13296,xvvZATxs30M,Please free fire max video banao🥹,0
13297,xvvZATxs30M,Ajjubhai ❤ Granny,1
13298,xvvZATxs30M,Vapas free fire ki vides dalo viws agaya 😊,1
13299,xvvZATxs30M,Agar tum  aju bhai ke fan real fan  ho or free fire player ho to is uid me emote gift karo only legend  💀💀💀💀 12343723671☠️☠️☠️☠️,1
13300,xvvZATxs30M,Bhai Yellow baby part 2 khelo please,0
13301,xvvZATxs30M,Ajju Bhai Metel horor escape game kelo please please please please please please please😢😢😢😢,0
13302,xvvZATxs30M,Vote for horror game 0:26 🎉,1
13303,xvvZATxs30M,Bast Game of the Day Tushar,0
13304,xvvZATxs30M,Ajjubhai outro nahi dala aaj ?,1
13305,xvvZATxs30M,Sooo boring 😢,0
13306,xvvZATxs30M,Dakhatay ha Kon like karta ah,0
13307,xvvZATxs30M,Ajju Bhai Granny Se Aapko Daar Nahi Lagta Hai 😮❤❤,0
13308,xvvZATxs30M,Ajju bhai Minecraft khelo n,6
13309,xvvZATxs30M,Ajju Bhai ki granny ke sath setting hai😂😂😂😂,0
13310,xvvZATxs30M,can you give me new entry emote in uid 3429428471,0
13311,xvvZATxs30M,Ajju bhai name any thing for edit,0
13312,xvvZATxs30M,Aaju vai nepali game ghaule khelo plz 🙏🏻🙏🏻,0
13314,xvvZATxs30M,Vote for ajjubhai face reveal,1
13315,xvvZATxs30M,FREE FIRE VIDEO AND MY UID 305230455,0
13316,xvvZATxs30M,Total gaming 94x93,0
13317,xvvZATxs30M,Total gaming 034,0
13318,xvvZATxs30M,Ajju Bhai free fire ki video kab daloge 🤨🤔,0
13320,xvvZATxs30M,Bhai mere id ka prime level 7 kr doge please...73 level ka id h mera ...Prime level 6 pr profile animation show hota h .. kr do na bhaiya please,0
13321,xvvZATxs30M,0:02 start 0:10 reaction 0:16 game ka name ha graany 0:55 1 day,0
13322,xvvZATxs30M,Bhai ek bar Mlbb khelo,0
13323,xvvZATxs30M,Abe vo bhuddi granny ko mai hollow purple se uda duga oor granny ka naam hai white colour wali dokri 😂😂😂😂😂😂😂😂😂😂😂😂😂😂,1
13324,xvvZATxs30M,Ajju bhai kaun sa granny grandpa hai,0
13325,xvvZATxs30M,Ajju bhai ko dil se sport karne vale like kare,1
13326,xvvZATxs30M,"Thanks for, 700 subscribers",0
13327,xvvZATxs30M,Bhai app ff khdna  chod dia kya,0
13328,xvvZATxs30M,Ajju bahi kuch alag leke aao jese aapka downfall at jaye  please 😢,0
13330,xvvZATxs30M,Vote for GTA V 🎉❤,0
13331,xvvZATxs30M,Grany afterlife khelo,0
13333,xvvZATxs30M,Ajju bhaiya please free fire ki video Lao na please 😢😢,0
13335,xvvZATxs30M,See this comment,0
13336,xvvZATxs30M,Nyc bro my dream 400000rupay bro,0
13337,xvvZATxs30M,Stay silent or die game play plz 🥺🤌🙏,0
13338,xvvZATxs30M,Ajjubhai the granny lover 😂,0
13339,xvvZATxs30M,Ajjubhai eyes gameplay kariya please,0
13341,xvvZATxs30M,Abe takle GTA V ki video jaldi dal,0
13344,xvvZATxs30M,Ajju Bhai on top☠️☠️☠️          My favorite             Creator               ☠️,0
13345,xvvZATxs30M,Who noticed that ajju bhai wearing a rubber band,1
13346,xvvZATxs30M,Ajju bhai free fire ma no intrenet prak karo ❤❤❤❤❤❤,0
13347,xvvZATxs30M,Ajjubhi pleace mujhe free fire me mere id me request bhej dijie na 😭 my uid. 14514320010,0
13348,xvvZATxs30M,I Think RNTX will win the FFMIC 2026 Trophy.....💔🏆,0
13351,xvvZATxs30M,Minecraft 😭😭😭,0
13352,xvvZATxs30M,Minecraft😭😭,0
13354,xvvZATxs30M,Grand pa khada hua tha,0
13355,xvvZATxs30M,Ajju begam😂,0
13356,xvvZATxs30M,Ajjubhai the Grannylover😂,1
13357,xvvZATxs30M,Ajju bhaiya nice video😃❤🎉,0
13358,xvvZATxs30M,Purane wale Ajju bhai jo granny khelte the granny se to fat jaati Hai Ajju Bhai ki😢😂😂,1
13359,xvvZATxs30M,Ajjubhai ager aap mara big brother ho ta na maja aa jata ❤😂,0
13360,xvvZATxs30M,Ajjubhai is my wife 😂,0
13361,xvvZATxs30M,Ajju bhai shyd raistar bhai naraz ho gy ...apde..😅,0
13363,xvvZATxs30M,Bhaiya ff pleaseeweee,0
13364,xvvZATxs30M,Ajju Bhai best h yarrrr wah maja agaya,1
13365,xvvZATxs30M,Evil nun the broken mask hot air ballon excape karo,0
13366,xvvZATxs30M,Wait for next horror game,0
13367,xvvZATxs30M,Views kam hai sbs 5cr Kya matlab aisi jindgiSend me replayKyu kya huue😅,1
13368,xvvZATxs30M,@TGDHRUVGAMING,0
13370,xvvZATxs30M,Bhai ye kya kar rahe ho 2019 ka ajju kaha hai with 2 kar98,1
13371,xvvZATxs30M,Vote for poppy play time chapter 5,2
13372,xvvZATxs30M,Ye update kab aaya he,0
13373,xvvZATxs30M,Ajju  ID ka V vache Jaane wala hai,0
13374,xvvZATxs30M,Ajju bhai please evil nun khelo  please 🙏🏻,0
13377,xvvZATxs30M,I love your video,0
13379,xvvZATxs30M,ARE GTA KI VIDEOOOOOOOOOOOO DALNAAAAAAAAAAAAAAAAAAAAAAAAAAAA,0
13381,xvvZATxs30M,AREEEEEEEEEEEEEEEE      GTA KI VIDEO DALA NA,1
13382,xvvZATxs30M,Ajue bahai king,0
13383,xvvZATxs30M,0:38 Ajju Begam Aur Granny 🌚💦,0
13384,xvvZATxs30M,0:37 Ajju Begam Aur Granny 🌚💦,1
13387,xvvZATxs30M,Aur aap bhai kyon dimag nahin karte free fire mein,0
13388,xvvZATxs30M,Bhai please mister meet game khelo main tumhara bahut bada big fan hun 😘🥹,0
13389,xvvZATxs30M,Ajju bhaiya mera ff id been ho gya hai 30 din ke liye to vo kese unbeen hoga plz help😢My UID 3026383183 PLZ HELP 🙏🙏,0
13390,xvvZATxs30M,Ajju bhai free fire ka video bana vi,1
13391,xvvZATxs30M,Ff in mobile,0
13392,xvvZATxs30M,Ajju bhai ×granny,0
13393,xvvZATxs30M,Ajju bhai lover Granny,0
13394,xvvZATxs30M,Ajju Bhai free fire mein come back karo,0
13395,xvvZATxs30M,Ajjubhai free fire ke video dalo,0
13396,xvvZATxs30M,Apki most view vali video dek li😭😭😭,1
13397,xvvZATxs30M,Meri uid 8355929378,0
13398,xvvZATxs30M,Bhaiya free fire mein come back kar do please 🥺🥺😢,0
13399,xvvZATxs30M,Ajju bhai main aapka bahut bada fan hu main aapko 7 sal se 😊 subscribe kiya hun😢😢,2
13401,xvvZATxs30M,Granny ke husband😂,1
13402,xvvZATxs30M,Ajju bhai Minecraft Survival series start karo please,0
13403,xvvZATxs30M,Ajju bhai Minecraft Survival series start karo please,0
13404,xvvZATxs30M,Ajju bhai Minecraft Survival series start karo please,0
13405,xvvZATxs30M,Ajju bhai Minecraft Survival series start karo please,0
13406,xvvZATxs30M,Ajju bhai Minecraft Survival series start karo please,0
13407,xvvZATxs30M,Ajju bhai Minecraft Survival series start karo please,0
13408,xvvZATxs30M,Ajju bhai Minecraft Survival series start karo please,0
13409,xvvZATxs30M,Ajju bhai Minecraft Survival series start karo please,0
13410,xvvZATxs30M,Ajju bhai Minecraft Survival series start karo please,0
13411,xvvZATxs30M,Ajju bhai Minecraft Survival series start karo please,0
13412,xvvZATxs30M,Ajju bhai Minecraft Survival series start karo please,0
13413,xvvZATxs30M,Ajju bhai Minecraft Survival series start karo please,0
13414,xvvZATxs30M,Ajju bhai Minecraft Survival series start karo please,0
13415,xvvZATxs30M,Ajju bhai Minecraft Survival series start karo please🎉,0
13416,xvvZATxs30M,Ajju bhai Minecraft Survival series start karo please🎉,0
13417,xvvZATxs30M,Ajju bhai Minecraft Survival series start karo please,0
13418,xvvZATxs30M,Ajju bhai Minecraft Survival series start karo please,0
13419,xvvZATxs30M,Ajju bhai Minecraft Survival series start karo please,0
13420,xvvZATxs30M,Ajju bhai Minecraft Survival series start karo please,0
13421,xvvZATxs30M,Ajju bhai Minecraft Survival series start karo please,0
13422,xvvZATxs30M,Granny and uska husband Grandpaa dunu m@@®Ge 😅😅😅😂😂,0
13423,xvvZATxs30M,Please aaju bhai come back free fire 😭,0
13424,xvvZATxs30M,Maggi khaoge,0
13425,xvvZATxs30M,Hello Bhai log mera editing kesa hai 😢😢😢😢😢😢😢😢😢,1
13426,xvvZATxs30M,Maja aa gaya 😊,0
13427,xvvZATxs30M,Ajju bhai aapke ghar per bolkar bahut badhiya game mein haunted uske bekar Koi bhi nahin Hoti😅😂😂 but aap mere liye Hero rahoge aur rahoge❤❤❤❤❤❤❤❤❤❤❤❤❤❤❤,0
13428,xvvZATxs30M,Thank you for 12 subscribes,0
13429,xvvZATxs30M,Ajjubhai comment padh rahe ho kya😅,0
13430,xvvZATxs30M,Thanks for 50 subscribes,0
13431,xvvZATxs30M,AJJUBHAI PIS *SCARY TEACHER*  KEHLO😢❤,0
13432,xvvZATxs30M,Ajju bhai free fire gameplay ki video dalo😢,0
13433,xvvZATxs30M,Bhai aap itni jor se darte ho na ki hamari aatma bahar nikl jaati he😂,1
13434,xvvZATxs30M,Total mall part 2,0
13435,xvvZATxs30M,Totle game ff aiwama plegpleg,0
13436,xvvZATxs30M,Ajju bhai please come back free fire 😢,1
13438,xvvZATxs30M,Bhai FF video dalo❤,0
13439,xvvZATxs30M,Threepal a games khalo hindidub,0
13441,xvvZATxs30M,bhaiya free fire ka videos dalo na please,0
13442,xvvZATxs30M,Ajju bhai tum free fire videos dalo bhi please 😢😢😢😢,0
13443,xvvZATxs30M,Hallo ajju ek bat bolu muje garv tha ki gujrat ka banda yani ki mere State ka banda top gaming youtuber he par tumne game ko dhayan nai diya tum 1 mahine me ya 2 mahine me ek bar free fire video dalte ho tumko ek bat bolu jish game ne tumko jamin se asman me bithaya ushi game ko tumne dhayan nai diya ek time tha ajju jishko pata tha game ka name free fire he vo to search kar ke dawnload kiye par game ek dushre name se bhi search hota tha vo tera name tha kya Ajju downfall ko thik kiya ja shakta he free ho ko bhi thik kiya ja shakta he safar khatam nai hua he ajj bhi free fire me Etna dam he jish se tum Asia ke top you tuber ki rank pe hoge dushre game ko chodo free fire continue karo muje yad he ajju 5 ghanta stream ajj 5 sall bad aya hu tere chennal pe yu hi you tube dekh raha tha ek video ayi top youtuber ki dil tut gya eshi liye coment kiya hu,1
13444,xvvZATxs30M,8:49 meme😂😂,1
13445,xvvZATxs30M,Bhaiya ek baat bolna tha bora to nhi manige plz,0
13446,xvvZATxs30M,Nice 👍🏼👍🏼👍🏼👍🏼👍🏼👍🏼👍🏼👍🏼👍🏼👍🏼👍🏼👍🏼👍🏼👍🏼👍🏼👍🏼👍🏼👍🏼👍🏼👍🏼👍🏼👍🏼👍🏼👍🏼👍🏼👍🏼👍🏼👍🏼👍🏼👍🏼🙂👍🏼👍🏼👍🏼🙂👍🏼🙂🙂🙂👍🏼👍🏼👍🏼👍🏼👍🏼👍🏼👍🏼👍🏼👍🏼👍🏼👍🏼👍🏼👍🏼👍🏼👍🏼👍🏼👍🏼👍🏼👍🏼👍🏼👍🏼👍🏼👍🏼👍🏼👍🏼🙂👍🏼👍🏼👍🏼👍🏼🙂🙂🙂🙂🙂🙂🙂🙂🙂🙂🙂🙂🙂 videos,0
13447,xvvZATxs30M,"Ajjuvai please regular free fire video do, rank push ka video do 🥲❤️",0
13449,xvvZATxs30M,Ajju bhai granny 1 mein spider skip karo,0
13450,xvvZATxs30M,Arrange merriage or love merriage ❤,1
13452,xvvZATxs30M,Aukat ki baat kaha hai lala😮😮,1
13455,xvvZATxs30M,😂TejatsusnNhrs,0
13456,xvvZATxs30M,Yooo horror😂,0
13457,xvvZATxs30M,12398987302 uid love you  bahi me aap ke group me aaya tha free fire 😊😊😊😊😊😊😊,0
13458,xvvZATxs30M,Ajju bhai ki jay ho granny se sadi kar lo please 🙏🙏🙏,0
13459,xvvZATxs30M,Tell your friend to Remove strike from Indianproyer,0
13460,xvvZATxs30M,Tell your friend to Remove strike from Indianproyer,0
13461,xvvZATxs30M,Tell your friend to Remove strike from Indianproyer,0
13462,xvvZATxs30M,Tell your friend to Remove strike from Indianproyer,0
13463,xvvZATxs30M,Game hai usme,0
13464,xvvZATxs30M,1 bar roblox try karo na blox fruit,0
13465,xvvZATxs30M,Ajju bhai I have challenge for you Apko granny khelna h per don't hide,0
13466,xvvZATxs30M,Tell your friend to Remove strike from Indianproyer,0
13467,xvvZATxs30M,Tell your friend to Remove strike from Indianproyer,0
13468,xvvZATxs30M,Tell your friend to Remove strike from Indianproyer,0
13470,xvvZATxs30M,Free fire video please,0
13471,xvvZATxs30M,Bhai ap uncharted of lost legacy game series khelo bahot adventures or excited game hai,1
13472,xvvZATxs30M,Hello ajjubhai namaste sir Me apko ek challenge dena chahta hu challenge ye hai ki apko gtv 5 ka mobile edition bnana hai ya banbana haiMujhe nhi lgta ki aap is challenge pura kr skte ho ToByySir jiRam ram,0
13473,xvvZATxs30M,Ajju bhai granny chapter 1 ka sever  escape karo,0
13474,xvvZATxs30M,Ajju bhai please give me your 🆔 password please please I have no pro 🆔,0
13475,xvvZATxs30M,Bande ka kam tamam 😒,0
13476,xvvZATxs30M,0:51 gandpa,0
13477,xvvZATxs30M,Ajju bhai ke views day by day 💔🥀,0
13478,xvvZATxs30M,Ajju bhai aapka phle vala hairstyle mst tha 😅,0
13479,xvvZATxs30M,Khelte aap ho darte ham hai 😂,0
13480,xvvZATxs30M,iloveyou ajjubhi,0
13481,xvvZATxs30M,Aaju bahi aap kab shadi kar raha Ho,0
13482,xvvZATxs30M,Free fire me vapas aa jao 😢😢😢😢😢😢😢😢😢😢😢 mai apka chota subscribe hu 😢😢😢😢😢😢❤❤❤,0
13483,xvvZATxs30M,18 : 18 vali sab harkate jab puri fatt jaye tab hoti hai ajju bhai koi bat nhi hum samaz sakte hai😂😂,0
13484,xvvZATxs30M,Ajju Bhai please give me a bundle in gift my I'd is paramproking,0
13485,xvvZATxs30M,ajjubhai gf sootena 😂😂,0
13486,xvvZATxs30M,6782275222❤ request pakad Lena bhai world chat wala Banda 🎉,0
13487,xvvZATxs30M,😂 I like you,0
13488,xvvZATxs30M,Raju Bhai granny Chapter 6 khelo aapka jaldi 50 million ho jaega complete ❤❤❤❤,0
13489,xvvZATxs30M,Raju Bhai granny Chapter 6 khelo aapka jaldi 50 million ho jaega complete ❤❤❤❤,0
13490,xvvZATxs30M,Raju Bhai granny Chapter 6 khelo aapka jaldi 50 million ho jaega complete ❤❤❤❤,0
13491,xvvZATxs30M,Raju Bhai granny Chapter 6 khelo aapka jaldi 50 million ho jaega complete ❤️❤️❤️❤️,0
13492,xvvZATxs30M,Raju Bhai granny Chapter 6 khelo aapka jaldi 50 million ho jaega complete ❤️❤️❤️❤️❤️,0
13493,xvvZATxs30M,❤️❤️❤️Raju Bhai granny Chapter 6 khelo aapka jaldi 50 million ho jaega complete ❤️❤️❤️,0
13494,xvvZATxs30M,Raju Bhai granny Chapter 6 khelo aapka jaldi 50 million ho jaega complete,0
13495,xvvZATxs30M,Abe mame free fire khel le 55 M chahiye 🎉🎉 taki tmko top pe dekh le 🎉🎉🎉🎉🎉🎉🎉🎉🎉🎉🎉🎉🎉🎉🎉🎉🎉🎉🎉🎉🎉🎉🎉🎉🎉🎉🎉🎉liye 🎉🎉🎉🎉🎉🎉🎉🎉🎉🎉🎉🎉🎉🎉🎉🎉🎉🎉🎉🎉🎉🎉🎉🎉🎉🎉🎉🎉🎉🎉🎉🎉🎉🎉🎉🎉🎉🎉🎉🎉🎉🎉🎉🎉🎉🎉🎉🎉🎉🎉🎉🎉🎉🎉🎉🎉🎉🎉🎉🎉🎉🎉🎉,1
13496,xvvZATxs30M,Abe mame free fire khel le 55 M chahiye 🎉🎉 Taki tmko top pe dekh ske,1
13497,xvvZATxs30M,Raju bhai please granny Chapter 6 khelo ❤❤❤❤🎉🎉,0
13498,xvvZATxs30M,Raju bhai please granny Chapter 6 khelo 🥰🥰🥰🥰,0
13499,xvvZATxs30M,Raju bhai please granny Chapter 6 khelo ❤️❤️,0
13500,xvvZATxs30M,Raju bhai please granny Chapter 6 khelo ❤️❤️❤️,0
13501,xvvZATxs30M,Raju bhai please granny Chapter 6 khelo,0
13502,xvvZATxs30M,Ajju bhai granny Chapter 6 khelo,0
13503,xvvZATxs30M,Total gaming love greney 😂😂😂😂,0
13504,xvvZATxs30M,Abe total gaming Hai Ek Aisa Dhai Kilo Ka Juta lagega Na Ho Jaega Samjhana,0
13505,xvvZATxs30M,Ajju bhai GTA 4 khelo,0
13506,xvvZATxs30M,Please free fire man wapas a jaio please 🗣️😩,0
13508,xvvZATxs30M,Vote for come back ❤,0
13510,xvvZATxs30M,Jo Jo free fire ki video dekhn acha ta tha vo like kro,0
13511,xvvZATxs30M,Granny 7 ajju bhai please 🙏,0
13512,xvvZATxs30M,Granny 7 ajju bhai please 🙏,0
13513,xvvZATxs30M,Ajjubhai bura lagta hai yaar views itna kaam ata hai dekke 😢,1
13514,xvvZATxs30M,Granny: hacker hai hacker,0
13515,xvvZATxs30M,32:46 phone gir kar Tut gya 😰😰,0
13517,xvvZATxs30M,8:44 very dangerous 😮😮😮,0
13519,xvvZATxs30M,Bhai jis game ne apko famous kiya aj us game ko chor diya apne.😢😢😭😭😥😥😭😭😞,0
13520,xvvZATxs30M,play grnyy remake,0
13521,xvvZATxs30M,ply granny remake,0
13522,xvvZATxs30M,ply granny remake,0
13523,xvvZATxs30M,ply granny remake,0
13524,xvvZATxs30M,plzzzz play granny remakeeee ajju bhaiyaaaaaaaaa,1
13525,xvvZATxs30M,Ajju bhai extreme pe granny chapter 2 complete karo ❤,0
13526,xvvZATxs30M,AJJU Bro up free fire ke topic pe video banabo upki audience free fire ki hai isliye views nahi 1 million cross ho raha hai Ajju Bro ❤❤👍👍,1
13527,xvvZATxs30M,Bhai aap itne acche video kaise banaa lete Hain❤😊,1
13528,xvvZATxs30M,Nice helicopter escape ❤❤,1
13530,xvvZATxs30M,He is Gamer,0
13531,xvvZATxs30M,Bhai tumne jab jab chilaya meri actually mai fat gayi but maja bhi aya ❤.. well mall simulator gameplay ho jata toh or maja aa jata,0
13532,xvvZATxs30M,Please comeback in free fire 😭😭,0
13533,xvvZATxs30M,TG maange kya booyah booyah,0
13534,xvvZATxs30M,Guys new mem😂😂😂😂😂,0
13535,xvvZATxs30M,Rest in peace Advance Gaming,0
13536,xvvZATxs30M,Video end :- Instagram be like🗣️ Mujhe kyu toda🫠🥀,4
13537,xvvZATxs30M,32:43 phat ke char hazar ho gya 😢,0
13539,xvvZATxs30M,bakbas video hate ajju bhai,0
13540,xvvZATxs30M,Minecraft khelo bhai,0
13541,xvvZATxs30M,Bro tape is very strong 😂😂😂😂,0
13542,xvvZATxs30M,Ajjubegum 😅,0
13544,xvvZATxs30M,Ajju bhai akbar please free fire me solo vs squad  high rank  gameplay playing please,1
13547,xvvZATxs30M,"Ajjubhai aap kyu 2026 ka booyah award me aapka name kyu nahi he aap toh old sab ke heart he❤par aapko hii booyah award me nahi dala garena baba ne ❤ Ajjubhai tum bhi comback karo freefire me ne❤ Tum khelke dekhliya toh mene game khelne sikha he please come back old legend❤ Raistar bhi quite kiya,aap bhi , gyan bhai bhi 😢 freefire ka sab old legends hide hote jaa rahe he ❤ Amit bhai, Romeo gamer and all youtuber bhi aak saal toh game quite karenge😢😢 My last request == comeback legends please❤ Aap mujse milne cahate ho toh Bangaldesh server me aajao ye he uid 7829755685 😢 last request comeback legends,pro and emotion❤",0
13548,xvvZATxs30M,Aju bhai ap bohot hi dar gayeee😂🙌🏻,0
13549,xvvZATxs30M,Areeee😂😂😂😂😂❤❤❤❤❤,0
13550,xvvZATxs30M,Mk mix gamerMk mix gamerMk mix gamerMk mix gamerMk mix gamerMk mix gamerMk mix gamerMk mix gamerMk mix gamerMk mix gamerMk mix gamerMk mix gamerMk mix gamerMk mix gamerMk mix gamerMk mix gamerMk mix gamerMk mix gamerMk mix gamerMk mix gamerMk mix gamerMk mix gamerMk mix gamerMk mix gamerMk mix gamerMk mix gamerMk mix gamerMk mix gamerMk mix gamerMk mix gamerMk mix gamerMk mix gamerMk mix gamerMk mix gamerMk mix gamerMk mix gamerMk mix gamerMk mix gamerMk mix gamerMk mix gamerMk mix gamerMk mix gamerMk mix gamerMk mix gamerMk mix gamerMk mix gamerMk mix gamerMk mix gamerMk mix gamerMk mix gamerMk mix gamerMk mix gamerMk mix gamerMk mix gamerMk mix gamerMk mix gamerMk mix gamerMk mix gamerMk mix gamerMk mix gamerMk mix gamerMk mix gamerMk mix gamerMk mix gamerMk mix gamerMk mix gamerMk mix gamerMk mix gamerMk mix gamerMk mix gamerMk mix gamerMk mix gamerMk mix gamerMk mix gamerMk mix gamerMk mix gamerMk mix gamerMk mix gamerMk mix gamerMk mix gamerMk mix gamerMk mix gamerMk mix gamerMk mix gamerMk mix gamerMk mix gamerMk mix gamerMk mix gamerMk mix gamerMk mix gamerMk mix gamerMk mix gamerMk mix gamerMk mix gamerMk mix gamerMk mix gamerMk mix gamerMk mix gamerMk mix gamerMk mix gamerMk mix gamerMk mix gamerMk mix gamerMk mix gamerMk mix gamerMk mix gamerMk mix gamerMk mix gamerMk mix gamerMk mix gamerMk mix gamerMk mix gamerMk mix gamerMk mix gamerMk mix gamerMk mix gamerMk mix gamerMk mix gamerMk mix gamerMk mix gamerMk mix gamerMk mix gamerMk mix gamerMk mix gamerMk mix gamerMk mix gamerMk mix gamerMk mix gamerMk mix gamerMk mix gamerMk mix gamerMk mix gamerMk mix gamerMk mix gamerMk mix gamerMk mix gamerMk mix gamerMk mix gamerMk mix gamerMk mix gamerMk mix gamerMk mix gamerMk mix gamerMk mix gamerMk mix gamerMk mix gamerMk mix gamerMk mix gamerMk mix gamerMk mix gamerMk mix gamerMk mix gamerMk mix gamerMk mix gamerMk mix gamerMk mix gamerMk mix gamerMk mix gamerMk mix gamerMk mix gamerMk mix gamerMk mix gamerMk mix gamerMk mix gamerMk mix gamerMk mix gamerMk mix gamerMk mix gamerMk mix gamerMk mix gamerMk mix gamerMk mix gamerMk mix gamerMk mix gamerMk mix gamerMk mix gamerMk mix gamerMk mix gamerMk mix gamerMk mix gamerMk mix gamerMk mix gamerMk mix gamerMk mix gamerMk mix gamerMk mix gamerMk mix gamerMk mix gamerMk mix gamerMk mix gamerMk mix gamerMk mix gamerMk mix gamerMk mix gamerMk mix gamerMk mix gamerMk mix gamerMk mix gamerMk mix gamerMk mix gamerMk mix gamerMk mix gamerMk mix gamerMk mix gamerMk mix gamerMk mix gamerMk mix gamerMk mix gamerMk mix gamerMk mix gamerMk mix gamerMk mix gamerMk mix gamerMk mix gamerMk mix gamerMk mix gamerMk mix gamerMk mix gamerMk mix gamerMk mix gamerMk mix gamerMk mix gamerMk mix gamerMk mix gamerMk mix gamerMk mix gamerMk mix gamerMk mix gamerMk mix gamerMk mix gamerMk mix gamerMk mix gamerMk mix gamerMk mix gamerMk mix gamerMk mix gamerMk mix gamerMk mix gamerMk mix gamerMk mix gamerMk mix gamerMk mix gamerMk mix gamerMk mix gamerMk mix gamerMk mix gamerMk mix gamerMk mix gamerMk mix gamerMk mix gamerMk mix gamerMk mix gamerMk mix gamerMk mix gamerMk mix gamerMk mix gamerMk mix gamerMk mix gamerMk mix gamerMk mix gamerMk mix gamerMk mix gamerMk mix gamerMk mix gamerMk mix gamerMk mix gamerMk mix gamerMk mix gamerMk mix gamerMk mix gamerMk mix gamerMk mix gamerMk mix gamerMk mix gamerMk mix gamerMk mix gamerMk mix gamerMk mix gamerMk mix gamerMk mix gamerMk mix gamerMk mix gamerMk mix gamerMk mix gamerMk mix gamerMk mix gamerMk mix gamerMk mix gamerMk mix gamerMk mix gamerMk mix gamerMk mix gamerMk mix gamerMk mix gamerMk mix gamerMk mix gamerMk mix gamerMk mix gamerMk mix gamerMk mix gamerMk mix gamerMk mix gamerMk mix gamerMk mix gamerMk mix gamerMk mix gamerMk mix gamerMk mix gamerMk mix gamerMk mix gamerMk mix gamerMk mix gamerMk mix gamerMk mix gamerMk mix gamerMk mix gamerMk mix gamerMk mix gamerMk mix gamerMk mix gamerMk mix gamerMk mix gamerMk mix gamerMk mix gamerMk mix gamerMk mix gamerMk mix gamerMk mix gamerMk mix gamerMk mix gamerMk mix gamerMk mix gamerMk mix gamerMk mix gamerMk mix gamerMk mix gamerMk mix gamerMk mix gamerMk mix gamerMk mix gamerMk mix gamerMk mix gamerMk mix gamerMk mix gamerMk mix gamerMk mix gamerMk mix gamerMk mix gamerMk mix gamerMk mix gamerMk mix gamerMk mix gamerMk mix gamerMk mix gamerMk mix gamerMk mix gamerMk mix gamerMk mix gamerMk mix gamerMk mix gamerMk mix gamerMk mix gamerMk mix gamerMk mix gamerMk mix gamerMk mix gamerMk mix gamerMk mix gamerMk mix gamerMk mix gamerMk mix gamerMk mix gamerMk mix gamerMk mix gamerMk mix gamerMk mix gamerMk mix gamerMk mix gamerMk mix gamerMk mix gamerMk mix gamerMk mix gamerMk mix gamerMk mix gamerMk mix gamerMk mix gamerMk mix gamerMk mix gamerMk mix gamerMk mix gamerMk mix gamerMk mix gamerMk mix gamerMk mix gamerMk mix gamerMk mix gamerMk mix gamerMk mix gamerMk mix gamerMk mix gamerMk mix gamerMk mix gamerMk mix gamerMk mix gamerMk mix gamerMk mix gamerMk mix gamerMk mix gamerMk mix gamerMk mix gamerMk mix gamerMk mix gamerMk mix gamerMk mix gamerMk mix gamerMk mix gamerMk mix gamerMk mix gamerMk mix gamerMk mix gamerMk mix gamerMk mix gamerMk mix gamerMk mix gamerMk mix gamerMk mix gamerMk mix gamerMk mix gamerMk mix gamerMk mix gamerMk mix gamerMk mix gamerMk mix gamerMk mix gamerMk mix gamerMk mix gamerMk mix gamerMk mix gamerMk mix gamerMk mix gamerMk mix gamerMk mix gamerMk mix gamerMk mix gamerMk mix gamerMk mix gamerMk mix gamerMk mix gamerMk mix gamerMk mix gamerMk mix gamerMk mix gamerMk mix gamerMk mix gamerMk mix gamerMk mix gamerMk mix gamerMk mix gamerMk mix gamerMk mix gamerMk mix gamerMk mix gamerMk mix gamerMk mix gamerMk mix gamerMk mix gamerMk mix gamerMk mix gamerMk mix gamerMk mix gamerMk mix gamerMk mix gamerMk mix gamerMk mix gamerMk mix gamerMk mix gamerMk mix gamerMk mix gamerMk mix gamerMk mix gamerMk mix gamerMk mix gamerMk mix gamerMk mix gamerMk mix gamerMk mix gamerMk mix gamerMk mix gamerMk mix gamerMk mix gamerMk mix gamerMk mix gamerMk mix gamerMk mix gamerMk mix gamerMk mix gamerMk mix gamerMk mix gamerMk mix gamerMk mix gamerMk mix gamerMk mix gamerMk mix gamerMk mix gamerMk mix gamerMk mix gamerMk mix gamerMk mix gamerMk mix gamerMk mix gamerMk mix gamerMk mix gamerMk mix gamerMk mix gamerMk mix gamerMk mix gamerMk mix gamerMk mix gamerMk mix gamerMk mix gamerMk mix gamerMk mix gamerMk mix gamerMk mix gamerMk mix gamerMk mix gamerMk mix gamerMk mix gamerMk mix gamerMk mix gamerMk mix gamerMk mix gamerMk mix gamerMk mix gamerMk mix gamerMk mix gamerMk mix gamerMk mix gamerMk mix gamerMk mix gamerMk mix gamerMk mix gamerMk mix gamerMk mix gamerMk mix gamerMk mix gamerMk mix gamerMk mix gamerMk mix gamerMk mix gamerMk mix gamerMk mix gamerMk mix gamerMk mix gamerMk mix gamerMk mix gamerMk mix gamerMk mix gamerMk mix gamerMk mix gamerMk mix gamerMk mix gamerMk mix gamerMk mix gamerMk mix gamerMk mix gamerMk mix gamerMk mix gamerMk mix gamerMk mix gamerMk mix gamerMk mix gamerMk mix gamerMk mix gamerMk mix gamerMk mix gamerMk mix gamerMk mix gamerMk mix gamerMk mix gamerMk mix gamerMk mix gamerMk mix gamerMk mix gamerMk mix gamerMk mix gamerMk mix gamerMk mix gamerMk mix gamerMk mix gamerMk mix gamerMk mix gamerMk mix gamerMk mix gamerMk mix gamerMk mix gamerMk mix gamerMk mix gamerMk mix gamerMk mix gamerMk mix gamerMk mix gamerMk mix gamerMk mix gamerMk mix gamerMk mix gamerMk mix gamerMk mix gamerMk mix gamerMk mix gamerMk mix gamerMk mix gamerMk mix gamerMk mix gamerMk mix gamerMk mix gamerMk mix gamerMk mix gamerMk mix gamerMk mix gamerMk mix gamerMk mix gamerMk mix gamerMk mix gamerMk mix gamerMk mix gamerMk mix gamerMk mix gamerMk mix gamerMk mix gamerMk mix gamerMk mix gamerMk mix gamerMk mix gamerMk mix gamerMk mix gamerMk mix gamerMk mix gamerMk mix gamerMk mix gamerMk mix gamerMk mix gamerMk mix gamerMk mix gamerMk mix gamerMk mix gamerMk mix gamerMk mix gamerMk mix gamerMk mix gamerMk mix gamerMk mix gamerMk mix gamerMk mix gamerMk mix gamerMk mix gamerMk mix gamerMk mix gamerMk mix gamerMk mix gamerMk mix gamerMk mix gamerMk mix gamerMk mix gamerMk mix gamerMk mix gamerMk mix gamerMk mix gamerMk mix gamerMk mix gamerMk mix gamerMk mix gamerMk mix gamerMk mix gamerMk mix gamerMk mix gamerMk mix gamerMk mix gamerMk mix gamerMk mix gamerMk mix gamerMk mix gamerMk mix gamerMk mix gamerMk mix gamerMk mix gamerMk mix gamerMk mix gamerMk mix gamerMk mix gamerMk mix gamerMk mix gamerMk mix gamerMk mix gamerMk mix gamerMk mix gamerMk mix gamerMk mix gamerMk mix gamerMk mix gamerMk mix gamerMk mix gamerMk mix gamerMk mix gamerMk mix gamerMk mix gamerMk mix gamerMk mix gamerMk mix gamerMk mix gamerMk mix gamerMk mix gamerMk mix gamerMk mix gamerMk mix gamerMk mix gamerMk mix gamerMk mix gamerMk mix gamerMk mix gamerMk mix gamerMk mix gamerMk mix gamerMk mix gamerMk mix gamerMk mix gamerMk mix gamerMk mix gamerMk mix gamerMk mix gamerMk mix gamerMk mix gamerMk mix gamerMk mix gamerMk mix gamerMk mix gamerMk mix gamerMk mix gamerMk mix gamerMk mix gamerMk mix gamerMk mix gamerMk mix gamerMk mix gamerMk mix gamerMk mix gamerMk mix gamerMk mix gamerMk mix gamerMk mix gamerMk mix gamerMk mix gamerMk mix gamerMk mix gamerMk mix gamerMk mix gamerMk mix gamerMk mix gamerMk mix gamerMk mix gamer😮,0
13551,xvvZATxs30M,Free fire khelo aaju bhai plz 😢,0
13552,xvvZATxs30M,Granny 4 khelo bhai,0
13555,xvvZATxs30M,ajju bhi free fire video please,0
13556,xvvZATxs30M,"Mrs.Crazy per hun mujhe aap do hazaar , rupaye , they sakte hain",0
13557,xvvZATxs30M,Bhai plz next video free fire ka≈ 50lakh view,0
13558,xvvZATxs30M,Bhai plz next video free fire ka≈ 50lakh view,0
13559,xvvZATxs30M,Bhai plz next video free fire ka≈ 50lakh view,0
13560,xvvZATxs30M,Bhai plz next video free fire ka≈ 50lakh view,0
13561,xvvZATxs30M,Bhai plz next video free fire ka≈ 50lakh view,1
13562,xvvZATxs30M,Dam hai to difficult mode khelo 😂😅,1
13563,xvvZATxs30M,Ajjubhai mera sath free fire khelena,0
13564,xvvZATxs30M,Bhai Kamla wala game khel kar dikhao Ajju bhai,0
13565,xvvZATxs30M,Apna studio dikhana bhai ?,0
13569,xvvZATxs30M,Bhai mujhe pc diladona please,1
13571,xvvZATxs30M,free me kisi bhi ko dimond chahiye ek dam real,1
13572,xvvZATxs30M,Hey mamy 😂😂😂 yad hei,0
13573,xvvZATxs30M,ajju bhai the granny lover,2
13575,xvvZATxs30M,Total gaming came in my free fire squad game 🎉🎉🎉,0
13576,xvvZATxs30M,15:34 me 😂😂,0
13577,xvvZATxs30M,Ajubegam 😂😂😂😂 kahne vale laik kre,0
13578,xvvZATxs30M,Ajju bhai khelte hai 3hour me Editing kar ke upload karte hai 😂😂,0
13581,xvvZATxs30M,Ajju bhai aur Granny didi,0
13582,xvvZATxs30M,Vote for free fire👇👇👇👇,0
13583,xvvZATxs30M,Vote for Minecraft 👇👇,0
13584,xvvZATxs30M,Please Minecraft 😭🙏,0
13585,xvvZATxs30M,Bahut darte ho ajjubhai yaar 😂😂,0
13586,xvvZATxs30M,GRANNY 2 X GRANNY 1 ?,0
13587,xvvZATxs30M,Ye konsi gane h ajay sir ajjubhai 🙂,1
13590,xvvZATxs30M,"Hello bhai❤ mujhe bhi video banana hai, but acha camera video quality ka phone nahi hai, agar aapke pas second hand hoga to gift kar do n❤",0
13591,xvvZATxs30M,Mall simulator ki video lao,0
13592,xvvZATxs30M,Yee game apke liye nhi. Ap ff ke aura ho ❤❤❤❤❤,0
13595,xvvZATxs30M,😢😢 Ajju bhai please came back caro bhai bho hot Ganda dahun fol ho raha tumara,1
13597,xvvZATxs30M,Totla bhai free fire ka video dalo na 😢,1
13598,xvvZATxs30M,Ajju bhai op in the chat 😂❤❤,1
13599,xvvZATxs30M,Vote for ff video ❤,2
13600,xvvZATxs30M,Ajju bhai mere comment ko bhi like kar do please 😅 aapko real me granny se love ho gya ha ❤❤❤❤ granny lover like this comment 😅😅,1
13601,xvvZATxs30M,Vote for resident evil,0
13602,xvvZATxs30M,Vote for live gameplay video,0
13603,xvvZATxs30M,Next part of gta,0
13604,xvvZATxs30M,Jo like nahi karega wo exam me fail hoga❤,0
13605,xvvZATxs30M,25:13  jadbuddhi was epic😅😅,4
13606,xvvZATxs30M,Ajju bhai tum free fire me solo vs squad  video daldo pleas 😢 apka jaldi hone bale 50M subsciribe 🎉,0
13607,xvvZATxs30M,Ajju bhai big fan  me tumarah video dekhta hu ap hi ho  mere pass  asian ka number 1 youtuber❤😢,0
13608,xvvZATxs30M,Ajjubhai aap free fire live streaming karoge to aapke subscribers bahut jald 50 millions + ho jayenge plz  🙏 ❤❤❤ aapko chahne wale bahut hain only free fire❤,0
13609,xvvZATxs30M,Name a car for an edit,0
13610,xvvZATxs30M,GTA 5 KA VIDEO LEAO ❤️❤️❤️❤️❤️❤️❤️❤️,0
13612,xvvZATxs30M,Bhai views kyu nahi aarhe ??😂,3
13613,xvvZATxs30M,Ajju bhai ka overconfindent and ahkar ke karn jyada baat karne ki adat or ff me ghamand ke sath entro ke karn ajjubhai ko view nahi ata or log dusre gemar ko like karte hai her video me aura + karne ke jagah - ho jata hai AJJU BHAI MAN NA HAI TO MANO VARNA APKE VIEW DEKHLO BOLKA DEDHKA NO GAME OCHU PAN SARU BOLE TE GAME PASU FF ANE JUNA ANDAJ MA BOLSO ANE RAMSO TO SARU TASE BAKI TO TAMARA VIEW JOYLO TARO FAN SU ATLE BALE SE ANE BAKI TAMARI ICHA,2
13614,xvvZATxs30M,Ek free fire ki video banao AWM ke sath Booyah kari,0
13615,xvvZATxs30M,Please please bhaiya free fire fir se on kar do please  please,0
13616,xvvZATxs30M,15:35 ooo teri ha ha 😂😂😂😂😂😂😂😂,0
13617,xvvZATxs30M,Death park khel kar dikhao 😅,1
13620,xvvZATxs30M,Free fair un instal ka diye kya,0
13622,xvvZATxs30M,Ajju bhai lagao khelna free per Kabhi Nahin khelte ho❤❤❤❤,0
13623,xvvZATxs30M,Granny chapter 5 khelo Adjustable bhai 😊😊😊😊😊😊😊,0
13624,xvvZATxs30M,Ajju bhai payal bhabhi se sadhi karlo ❤❤❤❤,0
13625,xvvZATxs30M,Ajju bhai Free Fire ki Video kab ay ghi,0
13626,xvvZATxs30M,Bhai Vapi se free fire series chalu Kariye please,1
13627,xvvZATxs30M,Bro start free fire again look at ur views now before ones 💀,0
13628,xvvZATxs30M,Ajjubhai evil nurs wala game khelo❤❤❤❤❤,1
13629,xvvZATxs30M,Bhai tune bhot galat kar diya grany ka helicapter chura ke 😮,0
13630,xvvZATxs30M,"""Granny’s not just after her grandkids, she’s hunting for my soul too! 😱👻""",0
13631,xvvZATxs30M,Ajjubhai free fire video kyon nahin a Rahi please 😢😢😢😢😢😢,0
13632,xvvZATxs30M,Bhai ff comebavk,0
13633,xvvZATxs30M,Bro join TAG 🖤🖤😊,1
13634,xvvZATxs30M,Still Asia's no 1❤,0
13635,xvvZATxs30M,Aju bhi I am from Pakistan please reply😭😭😭😭😭😭😭😭,0
13636,xvvZATxs30M,Bhai free fire ka bhi dalo ❤,1
13637,xvvZATxs30M,Koi aur horror game khelo na sir,0
13639,xvvZATxs30M,Amit Bhai k sath kya hua😢,1
13640,xvvZATxs30M,Vote for  Resident evil,1
13641,xvvZATxs30M,Yaar ye wali game kahase download hongi ? Play store mai ye mode nahi aa raha .,2
13642,xvvZATxs30M,PLEASE SUBSCRIBED ❤❤,0
13643,xvvZATxs30M,Sir Free Fire Ki Video Upload Karo Please🙏,1
13644,xvvZATxs30M,Hi ajju bhai,0
13645,xvvZATxs30M,Ajju bhai greeny lover❤,0
13648,xvvZATxs30M,Gay hamesha sahi rasta chunte hai jaise ajju yani tatti gaming ko hi dekh lo,1
13649,xvvZATxs30M,3:24 nariyal paani😅😅😅😂😂,0
13650,xvvZATxs30M,Bah ! Maza Ah Gya ❤️‍🩹,0
13651,xvvZATxs30M,Yaaar Maja nahi aaa Raha Free Fire video chahieeeeeee,0
13652,xvvZATxs30M,Freefire game upload karo,2
13654,xvvZATxs30M,Shanky the Ironman ❤❤,1
13655,xvvZATxs30M,Please comeback free fire 😢❤,0
13656,xvvZATxs30M,Ye chapter 2 nahi hai 😮,0
13657,xvvZATxs30M,bro gta ka video kb aayengaa ???,0
13658,xvvZATxs30M,Thumbnail me acche dikh rahe ho 😎,1
13659,xvvZATxs30M,Yoo baccha chor😂,1
13660,xvvZATxs30M,7 years baat aya hu total gaming YouTube channel dekhne 😭 hack ho gya kya ye Kon hai ajjubhai Jase awas ke or game bhi kya khel raha he 😢,25
13662,xvvZATxs30M,Bhai ff kyu nahi khelte ho please reply de do😢😢😢😢,0
13663,xvvZATxs30M,Vote for mall simulator,1
13664,xvvZATxs30M,Love you bhai❤😊,0
13666,xvvZATxs30M,Room open hai 😂😂😂,1
13667,xvvZATxs30M,Ek baar granny arrival escape karo bhai,0
13668,xvvZATxs30M,Mustapharatu was epic 😂,1
13669,xvvZATxs30M,@DarkHunter-FFap@DarkHunter-FFap@DarkHunter-FFap@DarkHunter-FFap@DarkHunter-FFap@DarkHunter-FFap@DarkHunter-FFap@DarkHunter-FFap@DarkHunter-FFap@DarkHunter-FFap@DarkHunter-FFap@DarkHunter-FFap@DarkHunter-FFap@DarkHunter-FFap@DarkHunter-FFap@DarkHunter-FFap@DarkHunter-FFap@DarkHunter-FFap@DarkHunter-FFap@DarkHunter-FFap@DarkHunter-FFap@DarkHunter-FFap@DarkHunter-FFap@DarkHunter-FFap@DarkHunter-FFap@DarkHunter-FFap@DarkHunter-FFap@DarkHunter-FFap@DarkHunter-FFap@DarkHunter-FFap@DarkHunter-FFap@DarkHunter-FFap@DarkHunter-FFap@DarkHunter-FFap@DarkHunter-FFap@DarkHunter-FFap@DarkHunter-FFap@DarkHunter-FFap@DarkHunter-FFap@DarkHunter-FFap@DarkHunter-FFap@DarkHunter-FFap@DarkHunter-FFap@DarkHunter-FFap@DarkHunter-FFap@DarkHunter-FFap@DarkHunter-FFap@DarkHunter-FFap@DarkHunter-FFap@DarkHunter-FFap@DarkHunter-FFap@DarkHunter-FFap@DarkHunter-FFap@DarkHunter-FFap@DarkHunter-FFap@DarkHunter-FFap@DarkHunter-FFap@DarkHunter-FFap@DarkHunter-FFap@DarkHunter-FFap@DarkHunter-FFap@DarkHunter-FFap@DarkHunter-FFap@DarkHunter-FFap@DarkHunter-FFap@DarkHunter-FFap@DarkHunter-FFap@DarkHunter-FFap@DarkHunter-FFap@DarkHunter-FFap@DarkHunter-FFap@DarkHunter-FFap@DarkHunter-FFap@DarkHunter-FFap@DarkHunter-FFap@DarkHunter-FFap@DarkHunter-FFap@DarkHunter-FFap@DarkHunter-FFap@DarkHunter-FFap@DarkHunter-FFap@DarkHunter-FFap@DarkHunter-FFap@DarkHunter-FFap@DarkHunter-FFap@DarkHunter-FFap@DarkHunter-FFap@DarkHunter-FFap@DarkHunter-FFap@DarkHunter-FFap@DarkHunter-FFap@DarkHunter-FFap@DarkHunter-FFap@DarkHunter-FFap@DarkHunter-FFap@DarkHunter-FFap@DarkHunter-FFap@DarkHunter-FFap@DarkHunter-FFap,1
13670,xvvZATxs30M,Saport karo please bhaio 😢😢😢😢,0
13671,xvvZATxs30M,Bhai bhai apna free Fire ke video acche Banane the random game TRAI mat karo Aapka Channel download Hote ja raha hai please bhai free fire❤❤❤❤,0
13672,xvvZATxs30M,grandpa ka kat gaya bhai,0
13673,xvvZATxs30M,Pls red criminal uid 12533700766,0
13674,xvvZATxs30M,Ajju Bhai aap kahan per rahte Ho,0
13675,xvvZATxs30M,Please  Please,0
13676,xvvZATxs30M,Please halp kr do,0
13677,xvvZATxs30M,Barna bo aadmi mujhe choddega nhi,0
13679,xvvZATxs30M,29 ka reedem dedo,0
13680,xvvZATxs30M,Mere sath loss ho gya,0
13681,xvvZATxs30M,Ajju bahi kuch halp kr do,0
13683,xvvZATxs30M,Vote for free fire maps,0
13684,xvvZATxs30M,Vote for free fire Max,0
13685,xvvZATxs30M,Meaow goff goff goff😂,1
13686,xvvZATxs30M,Ajju Bhai free fire Mein come back Kariye jo jo Chahta Hai vah like Karen,0
13687,xvvZATxs30M,Bhai tum Granny se shadi krlo yar😂😂,0
13691,xvvZATxs30M,Ye kaha se download hoga or name koi bata do,0
13692,xvvZATxs30M,getting over it khelo plz Ajju bhai challenge hai complete nahi kar paoge,1
13693,xvvZATxs30M,getting over it khelo plz Ajju bhai challenge hai complete nahi kar paoge,1
13694,xvvZATxs30M,getting over it khelo plz Ajju bhai challenge hai complete nahi kar paoge,0
13695,xvvZATxs30M,getting over it khelo plz Ajju bhai challenge hai complete nahi kar paoge,0
13696,xvvZATxs30M,getting over it khelo plz Ajju bhai challenge hai complete nahi kar paoge,0
13697,xvvZATxs30M,getting over it khelo plz Ajju bhai challenge hai complete nahi kar paoge,0
13698,xvvZATxs30M,getting over it khelo plz Ajju bhai challenge hai complete nahi kar paoge,0
13699,xvvZATxs30M,getting over it khelo plz Ajju bhai challenge hai complete nahi kar paoge,0
13700,xvvZATxs30M,getting over it khelo plz Ajju bhai challenge hai complete nahi kar paoge,0
13701,xvvZATxs30M,Big fan bhai....seeing ur videos from soo long time...wanna meet up in future,0
13702,xvvZATxs30M,Bhai  free fire ki video lao❤,0
13703,xvvZATxs30M,Comeback series no. 1 gaming YouTube banne le liye.,1
13704,xvvZATxs30M,Comeback series no. 1 gaming YouTube banne le liye.,2
13705,xvvZATxs30M,Face reveal ke baad iske views kya ghakhas charne gayee hai kyaa 😂😂😂,0
13706,xvvZATxs30M,Free fire 😢😢😢😢,0
13707,xvvZATxs30M,Please do boat escape and door escape in granny of this version,1
13708,xvvZATxs30M,Fir ohi bat agai Admi jo  garib hai na  yoo sala apni adat se garib hai 😂😂,1
13709,xvvZATxs30M,Bhai Mall Wale video mein 10000 comment ho gaye hain please part 2 dalo😢,1
13710,xvvZATxs30M,100k subscribe complete,0
13711,xvvZATxs30M,100k subscribe complete,0
13712,xvvZATxs30M,New meme unlocked😂,1
13713,xvvZATxs30M,Hard mode me karke dikhao,0
13714,xvvZATxs30M,Infinite love of granny and anju bhai😂😂😂,0
13715,xvvZATxs30M,Please ak Free fire video,0
13722,xvvZATxs30M,Ajju bhai Free fire king ak bar come. Back kar dijiye 🙏🙏🙏🙏🙏🙏🙏🙏🙏🙏🙏🙏🙏,0
13724,xvvZATxs30M,Ak solo vs squad ❤❤❤❤❤Please please please please please please please please 🙏🙏🙏🙏🙏🙏🙏🙏🙏🙏🙏🙏🙏🙏🙏🙏🙏🙏🙏🙏🙏🙏🙏🙏🙏🙏🙏🙏🙏🙏🙏🙏🙏🙏🙏🙏🙏🙏🙏🙏🙏🙏🙏🙏🙏 🙏🙏🙏🙏🙏🙏🙏🙏🙏🙏🙏🙏🙏🙏🙏🙏🙏🙏🙏🙏🙏🙏🙏🙏🙏🙏🙏🙏🙏🙏🙏🙏🙏🙏🙏🙏🙏🙏🙏🙏🙏🙏🙏🙏 🙏🙏🙏🙏🙏🙏🙏🙏🙏🙏🙏🙏🙏,0
13725,xvvZATxs30M,Ak solo vs squad please,0
13726,xvvZATxs30M,Hmare liye please,0
13727,xvvZATxs30M,Please ajju bhai,0
13729,xvvZATxs30M,Ajju bhai ak solo vs squad,0
13730,xvvZATxs30M,Ajju bhai granny ko oyo lake chalo,0
13731,xvvZATxs30M,Aur 1 aur h 1256301736 please,0
13732,xvvZATxs30M,Agar ajjubhai is comment ka reply krte hai to padhai chhodke bussines me chala jaunga 🤧💀,0
13733,xvvZATxs30M,9047830424 pls,0
13734,xvvZATxs30M,Meri free fire ki uid lelo aur freind request bhej do,0
13735,xvvZATxs30M,Granny or anuu bhai ❤❤❤❤,0
13736,xvvZATxs30M,15:35  reaction 😂😂😂😅,1
13739,xvvZATxs30M,18:14 chimkandi giri😂😂😂,0
13740,xvvZATxs30M,Ajju bhai aap ka views down ho raha hai kyon ?,1
13741,xvvZATxs30M,Please support me 🥺🙏,0
13742,xvvZATxs30M,15:11 amit bhai ka dialogue 😂,0
13743,xvvZATxs30M,Please support me 🥺🙏,0
13744,xvvZATxs30M,Ajju bhai please try poppy play time chapter 5,1
13745,xvvZATxs30M,2:05 new meme unlocked 😂😂,0
13746,xvvZATxs30M,Ajju bhai har amti bhai ke shat khalo 😅😅,0
13747,xvvZATxs30M,Red bull gives you wings❌ Granny gives you views ✔️😂,1
13748,xvvZATxs30M,Ajju bhai pls granny hospital 4 khailo na😢 like kro khalnai ka liye sab pls👇,1
13751,xvvZATxs30M,Help ajju bhai 😂😢my id old 5 years ago,1
13752,xvvZATxs30M,Hello ajju bhai mere id hack ho gaya hai recover kar do please 🥺 help me uid 3829012753,1
13753,xvvZATxs30M,10140106382 bhai mere ko gift Kar do Aaj Mera birthday hai free fire mein,0
13754,xvvZATxs30M,Ajju bhai the legend of a granny 😎,5
13755,xvvZATxs30M,Aakhir Kar free fire chod ke koi aur game Bhi khelna suru kare ho,0
13756,xvvZATxs30M,Aajendra variya bhai please ek iphone 17 de do,0
13757,xvvZATxs30M,Ajju bhai please ek iPhone 17 pro de do please 🥺,1
13758,xvvZATxs30M,Bhai free fire kahlo,0
13760,xvvZATxs30M,Achha g instgram kyu download na kare😩🤣🤣😭,0
13761,xvvZATxs30M,Big friend Ajju bhai,2
13762,xvvZATxs30M,ajju bhai heart dedo please,1
13763,xvvZATxs30M,Vote for Herobrine smp,0
13764,xvvZATxs30M,Play the game the twins,0
13770,xvvZATxs30M,Dar dya Tu 😂,0
13772,xvvZATxs30M,Ajju bhai greny hasbend 😂😂😂,0
13773,xvvZATxs30M,Kis ko sirf free fire video dekhna pasand he vo bhi without face 😈,1
13774,xvvZATxs30M,Granny ke sath khelo Beta❤,0
13775,xvvZATxs30M,37:26 it was grandpa😂😅,0
13776,xvvZATxs30M,Aap mera ek challenge Pura kar do 😅😅😅br rank me master ki lobby  me solo vs sqad me booyah karna hai 😢😢please 😢😢,0
13777,xvvZATxs30M,ajjubhai tum to noob ho 😂,0
13778,xvvZATxs30M,Ajju bhai ❤aur Granny❤ ka vivah 2027 mein hoga✅👇,0
13780,xvvZATxs30M,Ajjubhai game ko easy par kar ke khel rahe ho hard par karo fie khelo 😂,2
13781,xvvZATxs30M,Granny and grandpa doni hi alag hi level ka banda and bandi hai 😂😂😂,3
13782,xvvZATxs30M,Are ajjubhai free fire ki video banao dekhna aapka 10 dim me hi 50 million subscribers complete ho jayenge ❤❤❤❤,4
13785,xvvZATxs30M,15:36 aaae mummy 😮😮😂,3
13786,xvvZATxs30M,Hlo ajju bhi please request la lo 1 Mach khalna h,1
13787,xvvZATxs30M,I love u game😂😂😂❤,1
13788,xvvZATxs30M,Ajjubhai udhar game khel raha hai or Mera dil idhar dhak dhak kar raha hai 😅,1
13792,xvvZATxs30M,subscribe to clasan gamersubscribe to clasan gamersubscribe to clasan gamersubscribe to clasan gamersubscribe to clasan gamersubscribe to clasan gamersubscribe to clasan gamersubscribe to clasan gamersubscribe to clasan gamersubscribe to clasan gamersubscribe to clasan gamersubscribe to clasan gamersubscribe to clasan gamersubscribe to clasan gamersubscribe to clasan gamersubscribe to clasan gamersubscribe to clasan gamersubscribe to clasan gamersubscribe to clasan gamersubscribe to clasan gamersubscribe to clasan gamersubscribe to clasan gamersubscribe to clasan gamersubscribe to clasan gamersubscribe to clasan gamersubscribe to clasan gamersubscribe to clasan gamersubscribe to clasan gamersubscribe to clasan gamersubscribe to clasan gamersubscribe to clasan gamersubscribe to clasan gamersubscribe to clasan gamersubscribe to clasan gamersubscribe to clasan gamersubscribe to clasan gamersubscribe to clasan gamersubscribe to clasan gamersubscribe to clasan gamersubscribe to clasan gamersubscribe to clasan gamersubscribe to clasan gamersubscribe to clasan gamersubscribe to clasan gamersubscribe to clasan gamersubscribe to clasan gamersubscribe to clasan gamersubscribe to clasan gamersubscribe to clasan gamersubscribe to clasan gamersubscribe to clasan gamersubscribe to clasan gamersubscribe to clasan gamersubscribe to clasan gamersubscribe to clasan gamersubscribe to clasan gamersubscribe to clasan gamersubscribe to clasan gamersubscribe to clasan gamersubscribe to clasan gamersubscribe to clasan gamersubscribe to clasan gamersubscribe to clasan gamersubscribe to clasan gamersubscribe to clasan gamersubscribe to clasan gamersubscribe to clasan gamersubscribe to clasan gamersubscribe to clasan gamersubscribe to clasan gamersubscribe to clasan gamersubscribe to clasan gamersubscribe to clasan gamersubscribe to clasan gamersubscribe to clasan gamersubscribe to clasan gamersubscribe to clasan gamersubscribe to clasan gamersubscribe to clasan gamersubscribe to clasan gamersubscribe to clasan gamersubscribe to clasan gamersubscribe to clasan gamersubscribe to clasan gamersubscribe to clasan gamersubscribe to clasan gamersubscribe to clasan gamersubscribe to clasan gamersubscribe to clasan gamersubscribe to clasan gamersubscribe to clasan gamersubscribe to clasan gamersubscribe to clasan gamersubscribe to clasan gamersubscribe to clasan gamersubscribe to clasan gamersubscribe to clasan gamersubscribe to clasan gamersubscribe to clasan gamersubscribe to clasan gamersubscribe to clasan gamersubscribe to clasan gamersubscribe to clasan gamersubscribe to clasan gamersubscribe to clasan gamersubscribe to clasan gamersubscribe to clasan gamersubscribe to clasan gamersubscribe to clasan gamersubscribe to clasan gamersubscribe to clasan gamersubscribe to clasan gamersubscribe to clasan gamersubscribe to clasan gamersubscribe to clasan gamersubscribe to clasan gamersubscribe to clasan gamersubscribe to clasan gamersubscribe to clasan gamersubscribe to clasan gamersubscribe to clasan gamersubscribe to clasan gamersubscribe to clasan gamersubscribe to clasan gamersubscribe to clasan gamersubscribe to clasan gamersubscribe to clasan gamersubscribe to clasan gamersubscribe to clasan gamersubscribe to clasan gamersubscribe to clasan gamersubscribe to clasan gamersubscribe to clasan gamersubscribe to clasan gamersubscribe to clasan gamersubscribe to clasan gamersubscribe to clasan gamersubscribe to clasan gamersubscribe to clasan gamersubscribe to clasan gamersubscribe to clasan gamersubscribe to clasan gamersubscribe to clasan gamersubscribe to clasan gamersubscribe to clasan gamersubscribe to clasan gamersubscribe to clasan gamersubscribe to clasan gamersubscribe to clasan gamersubscribe to clasan gamersubscribe to clasan gamersubscribe to clasan gamersubscribe to clasan gamersubscribe to clasan gamersubscribe to clasan gamersubscribe to clasan gamersubscribe to clasan gamersubscribe to clasan gamersubscribe to clasan gamersubscribe to clasan gamersubscribe to clasan gamersubscribe to clasan gamersubscribe to clasan gamersubscribe to clasan gamersubscribe to clasan gamersubscribe to clasan gamersubscribe to clasan gamersubscribe to clasan gamersubscribe to clasan gamersubscribe to clasan gamersubscribe to clasan gamersubscribe to clasan gamersubscribe to clasan gamersubscribe to clasan gamersubscribe to clasan gamersubscribe to clasan gamersubscribe to clasan gamersubscribe to clasan gamersubscribe to clasan gamersubscribe to clasan gamersubscribe to clasan gamersubscribe to clasan gamersubscribe to clasan gamersubscribe to clasan gamersubscribe to clasan gamersubscribe to clasan gamersubscribe to clasan gamersubscribe to clasan gamersubscribe to clasan gamersubscribe to clasan gamersubscribe to clasan gamersubscribe to clasan gamersubscribe to clasan gamersubscribe to clasan gamersubscribe to clasan gamersubscribe to clasan gamersubscribe to clasan gamersubscribe to clasan gamersubscribe to clasan gamersubscribe to clasan gamersubscribe to clasan gamersubscribe to clasan gamersubscribe to clasan gamersubscribe to clasan gamersubscribe to clasan gamersubscribe to clasan gamersubscribe to clasan gamersubscribe to clasan gamersubscribe to clasan gamersubscribe to clasan gamersubscribe to clasan gamersubscribe to clasan gamersubscribe to clasan gamersubscribe to clasan gamersubscribe to clasan gamersubscribe to clasan gamersubscribe to clasan gamersubscribe to clasan gamersubscribe to clasan gamersubscribe to clasan gamersubscribe to clasan gamersubscribe to clasan gamersubscribe to clasan gamersubscribe to clasan gamersubscribe to clasan gamersubscribe to clasan gamersubscribe to clasan gamersubscribe to clasan gamersubscribe to clasan gamersubscribe to clasan gamersubscribe to clasan gamersubscribe to clasan gamersubscribe to clasan gamersubscribe to clasan gamersubscribe to clasan gamersubscribe to clasan gamersubscribe to clasan gamersubscribe to clasan gamersubscribe to clasan gamersubscribe to clasan gamersubscribe to clasan gamersubscribe to clasan gamersubscribe to clasan gamersubscribe to clasan gamersubscribe to clasan gamersubscribe to clasan gamersubscribe to clasan gamersubscribe to clasan gamersubscribe to clasan gamersubscribe to clasan gamersubscribe to clasan gamersubscribe to clasan gamersubscribe to clasan gamersubscribe to clasan gamersubscribe to clasan gamersubscribe to clasan gamersubscribe to clasan gamersubscribe to clasan gamersubscribe to clasan gamersubscribe to clasan gamersubscribe to clasan gamersubscribe to clasan gamersubscribe to clasan gamersubscribe to clasan gamersubscribe to clasan gamersubscribe to clasan gamersubscribe to clasan gamersubscribe to clasan gamersubscribe to clasan gamersubscribe to clasan gamersubscribe to clasan gamersubscribe to clasan gamersubscribe to clasan gamersubscribe to clasan gamersubscribe to clasan gamersubscribe to clasan gamersubscribe to clasan gamersubscribe to clasan gamersubscribe to clasan gamersubscribe to clasan gamersubscribe to clasan gamersubscribe to clasan gamersubscribe to clasan gamersubscribe to clasan gamersubscribe to clasan gamersubscribe to clasan gamersubscribe to clasan gamersubscribe to clasan gamersubscribe to clasan gamersubscribe to clasan gamersubscribe to clasan gamersubscribe to clasan gamersubscribe to clasan gamersubscribe to clasan gamersubscribe to clasan gamersubscribe to clasan gamersubscribe to clasan gamersubscribe to clasan gamersubscribe to clasan gamersubscribe to clasan gamersubscribe to clasan gamersubscribe to clasan gamersubscribe to clasan gamersubscribe to clasan gamersubscribe to clasan gamersubscribe to clasan gamersubscribe to clasan gamersubscribe to clasan gamersubscribe to clasan gamersubscribe to clasan gamersubscribe to clasan gamersubscribe to clasan gamersubscribe to clasan gamersubscribe to clasan gamersubscribe to clasan gamersubscribe to clasan gamer,0
13793,xvvZATxs30M,Vote for ajjubhai play Minecraft  ------->>>,2
13794,xvvZATxs30M,Herobrine SMP,1
13796,xvvZATxs30M,ajjubhai ye game kaha se download karte he              please answer,2
13797,xvvZATxs30M,Gdhhhffgu🎉🎉🎉,0
13798,xvvZATxs30M,To granny afterlife to Banta he,1
13800,xvvZATxs30M,Raistar tara bap ha😎😎😎,1
13801,xvvZATxs30M,Granny aunty 😂,0
13803,xvvZATxs30M,Hello ajju bhai kya tum meri madad kar sakte ho kanya Rashi contact kar mera free fire account recover kar sakte ho kisne hack kar liya 😭😭😭😭😭🙏😭😭😭😭😭😭😭😭😭😭😭😭😭😭😭😭😭😭😭😭😭😭😭😭😭😭,0
13804,xvvZATxs30M,"Ajjubhai, Amit bhai, munnabhai vs  anyone custom 🥺🥺",7
13805,xvvZATxs30M,Back to free fire please,1
13810,xvvZATxs30M,Cities skyline 2,0
13812,xvvZATxs30M,ajjju bhai mine craft mine craft mine craft mine craft,1
13813,xvvZATxs30M,Ajay bhai free fire ka video kab se start karogo,1
13815,xvvZATxs30M,Freefire video post ❤ ajju Bhai 👑,0
13816,xvvZATxs30M,Hello bhaiya mere shath ek bar free fire kheloge,0
13820,xvvZATxs30M,Aaju bhai or wo😂😂😂 0:20,0
13822,xvvZATxs30M,Comeback in free fire please ❤❤❤❤,1
13823,xvvZATxs30M,Ajju Bhai granny remake ki video upload karo,1
13824,xvvZATxs30M,Ajju bhai evil nun the broken mask balloon escape karo please,0
13825,xvvZATxs30M,Bhai Ajju bhai ke 50 million mat karvao seedha 60 ya 100 million karvao,2
13827,xvvZATxs30M,Bhaiya DJ alok dedo 😢,0
13828,xvvZATxs30M,Ajju bhai Minecraft khelna❤❤❤🎉🎉🎉,0
13830,xvvZATxs30M,Ajju bhai I'm from Pakistan but I like ur videos💗,2
13831,xvvZATxs30M,13:51 is funny,0
13832,xvvZATxs30M,Ajjubhai please laker ayo naya solo vs squad video in free fire please 🥹🥹,0
13834,xvvZATxs30M,Jodi to achhi hai Ajju Bhai,1
13835,xvvZATxs30M,Thankyou for 190 subscribers,0
13836,xvvZATxs30M,4:51 fatt gyi thi bhai 😂😂,1
13837,xvvZATxs30M,Bhai mein mera gana karo ❤❤😢😢,1
13838,xvvZATxs30M,45m subscriber in 3din me 509 k view 😮😮,2
13839,xvvZATxs30M,"Mya Granny ke sab gharse nikal chuka hu sirf granny 1 ko chodke, life mai itni bar try kiya par nikal nahi paya🥺🥺",1
13840,xvvZATxs30M,Think how rich are granny and grandpa.. They afford helicopter.. 😎,2
13841,xvvZATxs30M,⠀⠀⠀⠀⠀⠀⠀⠀⠀⠀⠀⠀⠀⠀⣀⣠⡤⠀⠀⠀⠀⠀⠀⠀⠀⠀⠀⠀⠀⠀⠀⠀⠀⠀⠀⠀⢀⣤⡶⠁⣠⣴⣾⠟⠋⠁⠀⠀⠀⠀⠀⠀⠀⠀⠀⠀⠀⠀⠀⠀⠀⠀⠀⠀⢀⣴⣿⣿⣴⣿⠿⠋⣁⣀⣀⣀⣀⣀⡀⠀⠀⠀⠀⠀⠀⠀⠀⠀⠀⠀⠀⠀⠀⣰⣿⣿⣿⣿⣿⣷⣾⣿⣿⣿⣿⣿⣿⣿⣿⣷⣶⣄⡀⠀⠀⠀⠀⠀⠀⠀⠀⣠⣾⣿⡿⠟⠋⠉⠀⣀⣀⣀⣨⣭⣿⣿⣿⣿⣿⣿⣿⣿⣿⣷⣤⣤⣤⣤⣴⠂⠈⠉⠁⠀⠀⣀⣴⣾⣿⣿⡿⠟⠛⠉⠉⠉⠉⠉⠛⠻⠿⠿⠿⠿⠿⠿⠟⠋⠁⠀⠀⠀⠀⢀⣴⣿⣿⣿⡿⠁⠀⢀⣀⣤⣤⣤⣤⣀⣀⠀⠀⠀⠀⠀⠀⠀⠀⠀⠀⠀⠀⠀⠀⣾⣿⣿⣿⡿⠁⢀⣴⣿⠋⠉⠉⠉⠉⠛⣿⣿⣶⣤⣤⣤⣤⣶⠖⠀⠀⠀⠀⠀⢸⣿⣿⣿⣿⡇⢀⣿⣿⣇⠀⠀⠀⠀⠀⠀⠘⣿⣿⣿⣿⣿⡿⠃⠀⠀⠀⠀⠀⠀⠸⣿⣿⣿⣿⡇⠈⢿⣿⣿⠇⠀⠀⠀⠀⠀⢠⣿⣿⣿⠟⠋⠀⠀⠀⠀⠀⠀⠀⠀⠀⢿⣿⣿⣿⣷⡀⠀⠉⠉⠀⠀⠀⠀⠀⢀⣾⣿⣿⡏⠀⠀⠀⠀⠀⠀⠀⠀⠀⠀⠀⠀⠙⢿⣿⣿⣷⣄⡀⠀⠀⠀⠀⣀⣴⣿⣿⣿⣋⣠⡤⠄⠀⠀⠀⠀⠀⠀⠀⠀⠀⠀⠀⠀⠈⠙⠛⠛⠿⠿⠿⠿⠿⠿⠟⠛⠛⠛⠉⠁⠀⠀⠀⠀⠀⠀⠀⠀JAI VOlTER BROTHER,2
13842,xvvZATxs30M,Trash bin gammer😢,1
13843,xvvZATxs30M,Ajjubhai please play some high graphics games like... last of us ...,1
13844,xvvZATxs30M,15:38 G fat gya 😂😂😂,1
13846,xvvZATxs30M,Teks for 255 sabskraib,1
13847,xvvZATxs30M,Ajju bhai pls ek pc mujhe gift kerdo pls me aapk bhut badha fan hu me aapko video roj dekhta hu ager app comment padh rhe ho to pls ek pc dedo bus mere pass utne passe nhi hai ki me khud se ek pc lu aapke pass ager koi bhi pc hai purana to dedo pls❤,1
13848,xvvZATxs30M,Ajju bhai pls ek pc mujhe gift kerdo pls me aapk bhut badha fan hu me aapko video roj dekhta hu ager app comment padh rhe ho to pls ek pc dedo bus mere pass utne passe nhi hai ki me khud se ek pc lu aapke pass ager koi bhi pc hai purana to dedo pls❤,1
13849,xvvZATxs30M,Ajju bhai pls ek pc mujhe gift kerdo pls me aapk bhut badha fan hu me aapko video roj dekhta hu ager app comment padh rhe ho to pls ek pc dedo bus mere pass utne passe nhi hai ki me khud se ek pc lu aapke pass ager koi bhi pc hai purana to dedo pls❤,0
13850,xvvZATxs30M,Ajju bhai pls ek pc mujhe gift kerdo pls me aapk bhut badha fan hu me aapko video roj dekhta hu ager app comment padh rhe ho to pls ek pc dedo bus mere pass utne passe nhi hai ki me khud se ek pc lu aapke pass ager koi bhi pc hai purana to dedo pls❤,0
13851,xvvZATxs30M,Ajju bhai pls ek pc mujhe gift kerdo pls me aapk bhut badha fan hu me aapko video roj dekhta hu ager app comment padh rhe ho to pls ek pc dedo bus mere pass utne passe nhi hai ki me khud se ek pc lu aapke pass ager koi bhi pc hai purana to dedo pls❤❤❤❤🎉🎉🎉,0
13852,xvvZATxs30M,Ajju bhai pls ek pc mujhe gift kerdo pls me aapk bhut badha fan hu me aapko video roj dekhta hu ager app comment padh rhe ho to pls ek pc dedo bus mere pass utne passe nhi hai ki me khud se ek pc lu aapke pass ager koi bhi pc hai purana to dedo pls,0
13853,xvvZATxs30M,Ajju bhai pls ek pc mujhe gift kerdo pls me aapk bhut badha fan hu me aapko video roj dekhta hu ager app comment padh rhe ho to pls ek pc dedo bus mere pass utne passe nhi hai ki me khud se ek pc lu aapke pass ager koi bhi pc hai purana to dedo pls,0
13854,xvvZATxs30M,PAHLI BAR KHEL RAHE HO KYA😅,0
13855,xvvZATxs30M,Bhi  granny  ko marte rho😂😂😂😂😂😂,0
13856,xvvZATxs30M,Granny game ❌ Childhood game 👍,1
13858,xvvZATxs30M,Ajju Bhai tumara kab 50m hoga ab to noob raho kyuki tumare liye bhi kuch kehti hai,0
13859,xvvZATxs30M,Ajju Bhai Game Link Send Karo Please 😢😢,0
13860,xvvZATxs30M,vote for Sooneeta❤,0
13861,xvvZATxs30M,"Granny, Granny 2, Granny 3.Mix Game ❤❤",1
13862,xvvZATxs30M,Carry name also ajey😂,0
13863,xvvZATxs30M,Best Reaction 😂🤣 20:29,1
13864,xvvZATxs30M,Ajjubhai horror game khelna he to ice cream 1 kelo,1
13865,xvvZATxs30M,Yooo  f lrst😂😂,1
13866,xvvZATxs30M,Please do ambulance escape in granny 4 The Mourtary Madness.,0
13867,xvvZATxs30M,Bhi ab to aap gu kh lo😅,0
13868,xvvZATxs30M,Bhai free fire ka video banaya kar accha view ayega,1
13869,xvvZATxs30M,Legendary of Ajju Bahi 😮😮😮😮😮😮😮😮😮😮,1
13870,xvvZATxs30M,A bhai dekh to le pehele,1
13872,xvvZATxs30M,Next free fire video,1
13873,xvvZATxs30M,50 M kavado aisa number one gamer🎉🎉🎉❤❤,2
13874,xvvZATxs30M,What a crazy reaction Ajjubhai 😲 !  32:44,14
13875,xvvZATxs30M,Granny Ajjubhai ki GF 😂,1
13877,xvvZATxs30M,Ajju bhai downfall 👎👎👎👎👎,1
13878,xvvZATxs30M,Pro gamar ❌ noob gamar ☑️,1
13879,xvvZATxs30M,Fir wahi baat ye jo ajju bhai ko gali padti he na wo uske harkato se padti he 18:21 😅,1
13880,xvvZATxs30M,Minecraft Minecraft Minecraft gaming Minecraft Minecraft gaming,0
13881,xvvZATxs30M,Support me ajjubhai please 😢😢❤❤,0
13882,xvvZATxs30M,Top gamer❤❤,0
13884,xvvZATxs30M,Ajju bhai please mujhe ek GTA de do,0
13885,xvvZATxs30M,Old AJJUBHAI Miss you ☺️,0
13886,xvvZATxs30M,Apke views aane km ho gye bhai phle wali batt nhi rhi ab 😢,0
13887,xvvZATxs30M,Aukat ki baat pt2 kab aa rha hai ajju bhai,1
13888,xvvZATxs30M,Ajjubhai Kamla khelo phir se please❤,1
13890,xvvZATxs30M,Vote for GTA 5 video real story mode,0
13891,xvvZATxs30M,Jawai granny khelne lag Gaye kya FIR se uske pyar mein pagal hone ke liye,0
13892,xvvZATxs30M,Ajju bhai please play Payback 2 it has nice graphics and no internet needed please ajju bhai try this game please ❤❤❤❤🎉🎉🎉🎉🎉,1
13893,xvvZATxs30M,Aukat ke bat 2.0,0
13895,xvvZATxs30M,Ajjubhai jab se ap ne free fire ko leave Kiya ha tab se apke view nahi a rahe😅,0
13896,xvvZATxs30M,Ajju bhai or granny ka relationship ❤❤❤❤❤❤❤,0
13897,xvvZATxs30M,Ajju bhai RDR-2 ka Hindi dubbed kar ke uska game play kro 🎉,0
13898,xvvZATxs30M,Ajju bhai aaj granny ke sath 1v1,0
13899,xvvZATxs30M,32.43 MINI HEART ATTACK,0
13900,xvvZATxs30M,Jate jate instagram ko pela diya😂😂😂😂😂😂😂😂😂,0
13901,xvvZATxs30M,Ajju bhai me aapko 3 saal se comment kar raha hu,0
13903,xvvZATxs30M,32:44 bhai dara rahe ho yrr 😅,0
13904,xvvZATxs30M,Ajuu bhaii grany lover,0
13905,xvvZATxs30M,Rdr2 story mode kumb without spoilers pls❤❤❤,0
13906,xvvZATxs30M,Ye konsa game h bhai,0
13907,xvvZATxs30M,15:34 bhai sab me bhi dar gaya tha 😅,0
13908,xvvZATxs30M,Play evil nun the broken mask you will definitely love it,2
13911,xvvZATxs30M,Bro pls popy playtime chapter 5 pls🙏🙏🙏🙏🙏,0
13912,xvvZATxs30M,"1:10 Ajju bhai aap niche jah rahe ho Ajju bhai app dangerous content banao ff  video view  down hai😢,,👇",1
13913,xvvZATxs30M,Old Ajju bhai 😊📉      .New Ajju bhai 😢📈,0
13917,xvvZATxs30M,Bhai apka channel down jagyega app free fire ki video dalo acha legega,0
13918,xvvZATxs30M,Old squad Ka sath gameplay plz Bhai,2
13919,xvvZATxs30M,Amit Bhai Ka sath game play,1
13920,xvvZATxs30M,Br rank push,1
13921,xvvZATxs30M,Cs rank push 😊,1
13922,xvvZATxs30M,I want free fire videos,1
13923,xvvZATxs30M,Bhai free fire khalo paapka million ma views aayagha plezzzz,0
13925,xvvZATxs30M,Hello ajjubhai,0
13926,xvvZATxs30M,Bhai biggest fan from Maharashtra pkz pin ❤️❤️,0
13927,xvvZATxs30M,Bhai 8 saal pichhe chal rahe ho 😂😂,0
13928,xvvZATxs30M,Bhai apki sakal babar azam jaise lagti h😅😅,0
13929,xvvZATxs30M,Vote for Free Fire MAX videos ❤❤❤,1
13930,xvvZATxs30M,15:15 spider ❌ bichu✅,2
13931,xvvZATxs30M,Ajjubhai the granny lobir 😂😂😂 the  ththo,0
13932,xvvZATxs30M,Lovu ajju bhai❤❤,0
13933,xvvZATxs30M,Tum jinda ho kya bhai😢,0
13934,xvvZATxs30M,32:42 Grandpa comming,0
13935,xvvZATxs30M,Ajju bhai pls Red redemption 2 ka series laouu plss bhai big fannn RDR2 me bahut views ayeeengee  Aur bhai mere comment me ek dil bhejdena ❤❤❤❤😂😂,0
13936,xvvZATxs30M,💔💔💔💔💔💔💔💔💔💔💔💔💔💔💔💔😭❤️😭💔😭😭😭💔💔😭😭😭💔😭😭😭💔😭😭😭💔😭😭💔💔😭💔😭😭😭💔😭😭💔😭💔💔😭🔊💔😭💔💔💔💔😭😭💔💔😭💔💔💔😭😭😭😭😭😭😭😭💔💔💔😭😭💔💔😭😭😭😭😭💔💔😭💔💔😭😭😭💔💔😭😭😭😭😭😭😭💔💔💔💔💔😭😭💔💔💔💔😭😭💔💔💔💔💔💔💔💔💔💔💔😭😭😭😭😭😭😭💔🔊 how do I have Barbie girl please❤,0
13937,xvvZATxs30M,Please add to my place a Barbie girl,0
13938,xvvZATxs30M,I Love you by a last,0
13939,xvvZATxs30M,log hote honge gf lover bhabhi lover aunty lover apna ajju bhai to granny lover nikle 🤣🤣,0
13940,xvvZATxs30M,Ajju bhai please far light khelo,0
13941,xvvZATxs30M,15:34 reaction 😄😄,0
13942,xvvZATxs30M,BRO.AGER APP GASOLINE PE GOLI CHALAO GE TO PHATEGA,0
13943,xvvZATxs30M,BAHI APP JADA KAMM KYO KAR RHE THEE,0
13944,xvvZATxs30M,20:32 AREE OPEN HO JA BAHI.TU PAGEL HE KYA 😂😂😂,1
13945,xvvZATxs30M,HE WHAT IS THIS 😂😂,0
13946,xvvZATxs30M,BAHI 1 BARR HEART DEDO PLS,0
13947,xvvZATxs30M,Bhai ap evil nun game try karo,0
13948,xvvZATxs30M,Ajju the roster 😂😂,0
13951,xvvZATxs30M,Ajju bhai is lover of granny,0
13952,xvvZATxs30M,Duo vs squad with desi gamersDuo vs squad with desi gamersDuo vs squad with desi gamersDuo vs squad with desi gamersDuo vs squad with desi gamersDuo vs squad with desi gamersDuo vs squad with desi gamersDuo vs squad with desi gamersDuo vs squad with desi gamersDuo vs squad with desi gamersDuo vs squad with desi gamersDuo vs squad with desi gamersDuo vs squad with desi gamersDuo vs squad with desi gamersDuo vs squad with desi gamersDuo vs squad with desi gamersDuo vs squad with desi gamersDuo vs squad with desi gamersDuo vs squad with desi gamersDuo vs squad with desi gamersDuo vs squad with desi gamersDuo vs squad with desi gamersDuo vs squad with desi gamersDuo vs squad with desi gamersDuo vs squad with desi gamersDuo vs squad with desi gamersDuo vs squad with desi gamersDuo vs squad with desi gamersDuo vs squad with desi gamersDuo vs squad with desi gamersDuo vs squad with desi gamersDuo vs squad with desi gamersDuo vs squad with desi gamersDuo vs squad with desi gamersDuo vs squad with desi gamersDuo vs squad with desi gamersDuo vs squad with desi gamersDuo vs squad with desi gamersDuo vs squad with desi gamersDuo vs squad with desi gamersDuo vs squad with desi gamersDuo vs squad with desi gamersDuo vs squad with desi gamersDuo vs squad with desi gamersDuo vs squad with desi gamersDuo vs squad with desi gamersDuo vs squad with desi gamersDuo vs squad with desi gamersDuo vs squad with desi gamersDuo vs squad with desi gamersDuo vs squad with desi gamersDuo vs squad with desi gamersDuo vs squad with desi gamersDuo vs squad with desi gamersDuo vs squad with desi gamersDuo vs squad with desi gamersDuo vs squad with desi gamersDuo vs squad with desi gamersDuo vs squad with desi gamersDuo vs squad with desi gamersDuo vs squad with desi gamersDuo vs squad with desi gamersDuo vs squad with desi gamersDuo vs squad with desi gamersDuo vs squad with desi gamersDuo vs squad with desi gamersDuo vs squad with desi gamersDuo vs squad with desi gamersDuo vs squad with desi gamersDuo vs squad with desi gamersDuo vs squad with desi gamersDuo vs squad with desi gamersDuo vs squad with desi gamersDuo vs squad with desi gamersDuo vs squad with desi gamersDuo vs squad with desi gamersDuo vs squad with desi gamersDuo vs squad with desi gamersDuo vs squad with desi gamersDuo vs squad with desi gamersDuo vs squad with desi gamersDuo vs squad with desi gamersDuo vs squad with desi gamersDuo vs squad with desi gamersDuo vs squad with desi gamersDuo vs squad with desi gamersDuo vs squad with desi gamersDuo vs squad with desi gamersDuo vs squad with desi gamersDuo vs squad with desi gamersDuo vs squad with desi gamersDuo vs squad with desi gamersDuo vs squad with desi gamersDuo vs squad with desi gamersDuo vs squad with desi gamersDuo vs squad with desi gamersDuo vs squad with desi gamersDuo vs squad with desi gamersDuo vs squad with desi gamersDuo vs squad with desi gamers,0
13953,xvvZATxs30M,Bro down fall,0
13955,xvvZATxs30M,Please bhai 50 million aapke Ho jaaye,0
13956,xvvZATxs30M,Bhai kabhi-kabhi ek do gaming ki soch Dal diya karo aap bhi milane mein bhi aate Hain bhai aapko bhi 50 milian Ho jaaye bhai please😢,0
13957,xvvZATxs30M,Comeback ❌ unsubscribe,0
13958,xvvZATxs30M,Ajju bhai and granny❎ajju bhai and Payal  gaming ✅,1
13959,xvvZATxs30M,Ajju bhai vadodara kyare aavso,0
13960,xvvZATxs30M,Kn hatarnak gameplay,0
13961,xvvZATxs30M,1k subscribe,1
13963,xvvZATxs30M,Play free fire Ajju bhai 50million subscriber companyt,1
13964,xvvZATxs30M,Ajjubhai ko Granny se ho gya pyar,0
13965,xvvZATxs30M,Ajju Bhai Main tumhara har ek video per comment Karta Hun Tum mere comment per ek bhi nahin reply dete Ho,0
13966,xvvZATxs30M,Sach bata do Ajju bhaiya😂😂😂,0
13968,xvvZATxs30M,Hello ajju Bhai new gamer series start ranch simulator Start karo please 🥺🥺🥺🥺🥺🥺🥺,0
13969,xvvZATxs30M,Ajju bhai. Free fire ma avo😢,0
13970,xvvZATxs30M,Bhai ff khelo jisse apke subscriber pakka 50m hognge in 7days,0
13971,xvvZATxs30M,Ajju Bhai wuthering waves khelo pls :>,0
13972,xvvZATxs30M,Bro's real downfall Start 😂😂😂😂😂😂😂,0
13973,xvvZATxs30M,Ajju bhi ko big boss main kon kon dekhna cahteho,0
13974,xvvZATxs30M,Bhai ye fan made ha ? Ye play store pe milega?,0
13979,xvvZATxs30M,Play resident evil 9 requiem,1
13980,xvvZATxs30M,Come back free video aapko sabhi log support karenge❤❤❤❤ Ham sabhi log aapka free fire video dekhna pasand karenge❤❤,0
13981,xvvZATxs30M,My favorite youtuber ❤❤,0
13982,xvvZATxs30M,Ajju bhai please please real wala granny khelo bigg gan,1
13983,xvvZATxs30M,Ajjubhai reel thoda kam dekha karo 😂,0
13984,xvvZATxs30M,"Me btau why he is playing Granny and other horror games; Cause he is not getting attention now,For me ajjubhai was like the best youtuber until he got out of free fire and got into other shit games,Yr i miss the old hecker h bhai hecker ha days...",0
13985,xvvZATxs30M,Let vote for Ajju bhai face reveal 😅😅,1
13987,xvvZATxs30M,Resident evil 9,3
13988,xvvZATxs30M,resident evil requiem kelo ajjubhai❤❤,3
13989,xvvZATxs30M,Sale 15:47hadbid brgy😂❤🎉😊😅,0
13991,xvvZATxs30M,"Since 2019 ajjubhai is the best gamer, and the same passion continue.❤❤",1
13993,xvvZATxs30M,38:45 SALA KEY TO HATH ME HE TO HELICOPTER 😮😮😮 UE KESE HO GYA,0
13994,xvvZATxs30M,Mahka ladle meaoww gope gope,0
13997,xvvZATxs30M,Ajju bhai tu YouTube se ek Arab rupya kamata hai main Google mein search kiya tha,0
13998,xvvZATxs30M,Ajju bhai kaal yt sa custom karo please,0
13999,xvvZATxs30M,Ajju bhai kaal yt sa custom karo,0
14000,xvvZATxs30M,Ajju bhai kaal yt sa custom karo,0
14001,xvvZATxs30M,Ajju bhai kaal yt sa custom karo,0
14002,xvvZATxs30M,Ajju bhai kaal yt sa custom karo,0
14004,xvvZATxs30M,Free fire video😊,0
14005,xvvZATxs30M,Views kyu nahi aare hai bhai❤,0
14006,xvvZATxs30M,Poppy playtime chapter 5,1
14007,xvvZATxs30M,Mutti kam kro😂 ajjubhai,0
14008,xvvZATxs30M,Thanks for 49 subscriber ❤,1
14009,xvvZATxs30M,Ajjubhai little nightmare khelo ❤❤,0
14010,xvvZATxs30M,32:43 is the moment 😂,0
14011,xvvZATxs30M,Ajju bhai Kar 🚘🚘🚗🚗 ka geming karo,1
14012,xvvZATxs30M,15:39 was epic😂,0
14014,vpNC1qM_cCE,Aaj Bhi Video Dekhne Me Utna Hi Mazza Aata Hai,0
14016,vpNC1qM_cCE,Ajju Bhai Ko Main Hara sakta hun main hackeru hai karo,0
14018,vpNC1qM_cCE,Old is gold 🥇 Ajju bhai,0
14019,vpNC1qM_cCE,"Ajju bhai mbbs,💀🤫",0
14020,vpNC1qM_cCE,Pov: watching this og in 2026❤️,1
14021,vpNC1qM_cCE,Kon kon 2026 mein dekh raha hai 😅,0
14022,vpNC1qM_cCE,D Ajju bhai awm King Ajju bhai ke samne Koi bol sakta hai kya Ajju bhai,0
14023,vpNC1qM_cCE,"“Hello Ajjubhai, I’m a big fan of your content. If possible, could you please help me with 500–800 diamonds? It would mean a lot to me. Thank you!”UID - 13781215560",0
14025,vpNC1qM_cCE,Op ajju bhai,0
14026,vpNC1qM_cCE,Ajju bhai AWM ke hacker ha,0
14027,vpNC1qM_cCE,Yar bhai me jab se saport kar rahahi jabse appne suru kiya thha bhai❤,0
14029,vpNC1qM_cCE,Ajju bhai aapke liye ek challenge Hai yah challenge karke dikhao aap logon Ko aapko Ajju bhai to aapko apna mother and father ka face reveal karna padega😅😅😅😅😅😅,0
14030,vpNC1qM_cCE,2026 big fan,0
14033,vpNC1qM_cCE,Bhai log full support karo ab to 50 million karwa denga,0
14034,vpNC1qM_cCE,Body damage custom koun khelte hai,0
14035,vpNC1qM_cCE,Ajju bhai op awm Mein op op op op op op,0
14039,vpNC1qM_cCE,Opppppplpppppp❤,0
14040,vpNC1qM_cCE,2026 me kon kon,0
14041,vpNC1qM_cCE,Awm king❌body shot✅,1
14042,vpNC1qM_cCE,Op ajjubhai,0
14043,vpNC1qM_cCE,❤❤❤❤❤ vik fan 😢😢😢😢😢,1
14044,vpNC1qM_cCE,Ajju Bhai ki gaming bhot achi ha😊😊❤❤❤,3
14045,vpNC1qM_cCE,🎉🎉🎉🎉🎉🎉🎉🎉🎉🎉🎉aishvary,1
14046,vpNC1qM_cCE,Koi 15 march 2026 ?,0
14047,vpNC1qM_cCE,Miss you Free fire 😢,1
14049,vpNC1qM_cCE,Who is on 11 march 2026🤓👋,0
14050,vpNC1qM_cCE,Anyone 2026 ?,2
14051,vpNC1qM_cCE,3vs6😮😮😮😮😮 😮😮😮😮😮,0
14052,vpNC1qM_cCE,Bhai aaj bhi apko suuport karyya hu 2030 me dekh raha hu,0
14053,vpNC1qM_cCE,Ajju bhai aaj 08/03/2026 tarikh Hei mei ap ka yea video dekh raha hu or apko support karta hu ❤,0
14054,vpNC1qM_cCE,Ajju bhai ap kya khelte ho wow... 😮😮😊,0
14055,vpNC1qM_cCE,Me bhi aaj saport karta hu,0
14056,vpNC1qM_cCE,March 3 anyone ❤,0
14057,vpNC1qM_cCE,munna bhaii  fireeee,0
14058,vpNC1qM_cCE,Bhai or jada videos banao,0
14060,vpNC1qM_cCE,Ajju bhai please apni sensivity de do mujhe main aapka bahut bada fan hun,0
14062,vpNC1qM_cCE,is munna bhai telugu?,4
14063,vpNC1qM_cCE,Soaiaojukii❤❤❤❤❤❤❤❤❤❤,0
14066,vpNC1qM_cCE,Anyone 2026..😭😭😭,2
14068,vpNC1qM_cCE,Bhai double awm lete to ho jata,1
14069,vpNC1qM_cCE,Please Herobrine smp videos 😢😢😢😢😢😭😭😭😭😭😭🥺🥺🥺🥺🥺😞😞😞😞😞💔💔💔💔💔💔💔😞😞,0
14070,vpNC1qM_cCE,Bahi app kab ff khalo gyy,0
14071,vpNC1qM_cCE,Bhai me 2019 se apko subscribe kar Raha hu har ak video delta hi.❤❤❤❤   Excilent game🥵🥵🥵🥵🥶  Munna Bhai Thora noob hai🤣🤣🤣,1
14072,vpNC1qM_cCE,2026 February kon kon dekrehe ho❤❤❤😊,6
14074,vpNC1qM_cCE,Bodi short keu khate ho dom he to roster ki gase hat shor mar ke dikhao😂😂😂,0
14075,vpNC1qM_cCE,Anyone in 2026 😂,1
14076,vpNC1qM_cCE,Bhai 2026 me bhi ye dekh raha hu😊😊,0
14077,vpNC1qM_cCE,who is watching in 2026,0
14078,vpNC1qM_cCE,Mera utkrisht nam hai,0
14079,vpNC1qM_cCE,2:18 ye to aa gyi ab 😂,0
14080,vpNC1qM_cCE,1:10 ajjubhaiii naughty ho rhe ho,6
14081,vpNC1qM_cCE,Ajju bhai is back,0
14083,vpNC1qM_cCE,Anyone 2025,0
14085,vpNC1qM_cCE,Kal pre board hai or main aaj ye dekh raha hu,1
14087,vpNC1qM_cCE,Kya bot hai samne wale 😂😂,5
14088,vpNC1qM_cCE,Anyone watching in 1939 😅,1
14089,vpNC1qM_cCE,Ajju bhai next leave ooooop 😮😮😮🎉🎉,0
14090,vpNC1qM_cCE,People are watching still in 2026,4
14091,vpNC1qM_cCE,Ajju bhai  jod ❤❤,0
14092,vpNC1qM_cCE,Super ajju bhai,0
14093,vpNC1qM_cCE,Old amitbhai gameplay 💀,0
14094,vpNC1qM_cCE,Bhai head custome ka video lao,0
14095,vpNC1qM_cCE,2026 bhai aj bhi saport me hu bhai,217
14096,vpNC1qM_cCE,Mere sapno ki rani kab ayegi  was epic,0
14097,vpNC1qM_cCE,bro very katarnak game play bro,0
14098,vpNC1qM_cCE,Watch 2025😊,0
14100,vpNC1qM_cCE,Nostalgia hits hard😢old ff😢,1
14101,vpNC1qM_cCE,Yes we want face reveal 😂😂,0
14102,vpNC1qM_cCE,Old emotions 😢,0
14105,vpNC1qM_cCE,Aaju noov aaja 1v1 uid 10122073428😂😂😂,1
14106,vpNC1qM_cCE,Bhai mere sath bhi ek match khel lo,1
14107,vpNC1qM_cCE,ajjubhai big fan,1
14108,vpNC1qM_cCE,90 level players no no 30 level players 😂😂😂😂😂,1
14109,vpNC1qM_cCE,10:58 becouse they love u,0
14110,vpNC1qM_cCE,8:38 welcome to free fire x2,0
14111,vpNC1qM_cCE,Kon kon 2025 me dekh raha hai 😂,1
14114,vpNC1qM_cCE,Aaju bhai I am your fan,0
14116,vpNC1qM_cCE,Bhai id passport,0
14117,vpNC1qM_cCE,Life was good when ajjubhai posted that kind of content 😢,0
14118,vpNC1qM_cCE,😅ajju bhai jinda baad 🤬🤬🤬🤬🤬,0
14119,vpNC1qM_cCE,Apni  uid batao,0
14120,vpNC1qM_cCE,❤❤❤ king is back,0
14121,vpNC1qM_cCE,Ajju Bhai only headshot custom kelhke dikhao,1
14122,vpNC1qM_cCE,Oh bhahut rare head,0
14125,vpNC1qM_cCE,Hii❤❤❤❤❤❤❤❤,1
14127,vpNC1qM_cCE,Big fan ajju bhai please yar request lelo,0
14128,vpNC1qM_cCE,Who is watching in 2025 👉,0
14130,vpNC1qM_cCE,Lajawab ajju bhai,1
14132,vpNC1qM_cCE,India ka sabse balda noob hai Aquat hain to a ja castum main Hum log ka squad Aap log ka squad,0
14135,vpNC1qM_cCE,Waching  6nov 🎉2025,0
14136,vpNC1qM_cCE,old but refresing,0
14137,vpNC1qM_cCE,Ye video 2 year m bhut bar dekhta hu phele ki btt kuch or thi😊,1
14138,vpNC1qM_cCE,Aju bhai daam hai to ajvo 4v4 ajavo,0
14139,vpNC1qM_cCE,Noob gameplay,0
14140,vpNC1qM_cCE,Yaar ajju bhai hamen bhi apni game mein shamil karo hamen request bhejo please dekho bhai Ham Aapke bahut bade fan hai please hamen friend Ham aapki bahut bade se,0
14142,vpNC1qM_cCE,Ajju bhai noob,0
14143,vpNC1qM_cCE,Yaar ajju bhai hamen bhi apni game mein shamil karo,0
14145,vpNC1qM_cCE,Mana tho 2025 me dekha ha,0
14146,vpNC1qM_cCE,Ajjubhai is op,0
14147,vpNC1qM_cCE,Big fan anju bhai I subscribed you ❤❤❤❤❤❤❤❤❤😊😊😊😊😊🎉,1
14149,vpNC1qM_cCE,Babbar ka bio,0
14151,vpNC1qM_cCE,Zandu baam kon hai,0
14152,vpNC1qM_cCE,Ajju bhai please dj alok dedo🎉🎉,0
14153,vpNC1qM_cCE,My id - Rajdon74 challenge humse bhi ajjubhai 3 vs 6,0
14154,vpNC1qM_cCE,3 vs 6 khelo ajjubhai please,1
14155,vpNC1qM_cCE,Kon kon 2025 ma dekh raha haa,0
14158,vpNC1qM_cCE,Ajju bhai ap dabal Awm chaloy,0
14159,vpNC1qM_cCE,2025 🥲 still stucked here,2
14160,vpNC1qM_cCE,Aman mera bada bhai hai 😅😅😅😄,1
14161,vpNC1qM_cCE,Hello Ajju bhai kasa ho,0
14162,vpNC1qM_cCE,Bhai aap bhi 90 level kar lo please🎉,1
14163,vpNC1qM_cCE,Hi ajjubhai🎉,0
14164,vpNC1qM_cCE,Main Amit bol raha hun,0
14165,vpNC1qM_cCE,Ajjubhai +Amit Bhai +Munna Bhai = Tabahi 🙂,1
14166,vpNC1qM_cCE,❤❤❤😢 abdullah please don't play 5K videos,1
14167,vpNC1qM_cCE,Ajju bhai Ajju bhai 7 0 maro,0
14168,vpNC1qM_cCE,2017 ma free fire ma na sab sa poela season1 elite pass liya tha old free fire,0
14169,vpNC1qM_cCE,Bhai cs me mps 3 use karo,0
14170,vpNC1qM_cCE,Aj 20 sep 2025 main game dakh raha hu,1
14171,vpNC1qM_cCE,I'm big fan ❤,3
14172,vpNC1qM_cCE,Very nice ajju bhai,1
14173,vpNC1qM_cCE,ajju bhai belike meri sapnon ki rani kab ayegi tu,0
14174,vpNC1qM_cCE,Mari gala car 1v1 I'd kaidi-307@ 54 lavel bol challenge accept karaga,1
14175,vpNC1qM_cCE,Free fire India come back,0
14177,vpNC1qM_cCE,F.Fgamer UID 2205311382❤❤❤❤❤❤❤,0
14179,vpNC1qM_cCE,Kuchh nhi hai tumhare game m awm chla rhe ho,0
14180,vpNC1qM_cCE,Anyone in 2025,2
14182,vpNC1qM_cCE,Any one in 2025😂,1
14183,vpNC1qM_cCE,Ajju bhai i want to do 1v1 with u ill loose but 6/7...,0
14184,vpNC1qM_cCE,10:52 AJJUBHAI is AWM king 👑👑,0
14185,vpNC1qM_cCE,Who Watching 2025,1
14186,vpNC1qM_cCE,Ajju Bhai your Pro,0
14187,vpNC1qM_cCE,ajju bhai aap gujrat me kaha se ho,0
14189,vpNC1qM_cCE,Ajju bahi opinions free fire,0
14193,vpNC1qM_cCE,Kon kon 2025 me dhek ra hai ❤️‍🩹,1
14194,vpNC1qM_cCE,Kal aayegi aapki sapno ki rani,0
14195,vpNC1qM_cCE,I love you ajjubhai,0
14196,vpNC1qM_cCE,Ajju❤❤❤❤❤❤vishwa gupta 😊😊 garhwa,0
14197,vpNC1qM_cCE,2025 me kon kon dekh raha hai😅,0
14198,vpNC1qM_cCE,2025 vale aooo😂,1
14199,vpNC1qM_cCE,2050 me kon kon dekh raha hai ye video 😂,0
14200,vpNC1qM_cCE,Ajju bhai mujhe free mein diamond chahie,1
14202,vpNC1qM_cCE,Ajju bhai.amit Munna,0
14203,vpNC1qM_cCE,I am old subscriber Ajju bhai big family big fan aapka customer dekhta hun live hard wala video live banate Ho usmein bhi Main dekhta hun,0
14204,vpNC1qM_cCE,Aap bolo to aage Ham gadhe,0
14205,vpNC1qM_cCE,2025 in 😂😂😂😂😂😂😂😂😂😂😂😂😂😂😂😂😂😂😂😂😂😂😂😂😂😂😂😂😂😂😂😂😂😂😂😂😂😂😂😂😂😂😂😂😂😂😂😂😂😂😂😂😂😂😂,1
14206,vpNC1qM_cCE,Kon kon 2025 16 August ko dekh raha hai,0
14207,vpNC1qM_cCE,Anyone in 2025,1
14208,vpNC1qM_cCE,Buhat ganda marA ajju bhi na,0
14209,vpNC1qM_cCE,Buhat ganda marA ajju bhi na,0
14210,vpNC1qM_cCE,Buhat ganda marA ajju bhi na,0
14211,vpNC1qM_cCE,Ajju bhai hamse bhi karlo costom brother❤,0
14213,vpNC1qM_cCE,Any one 2025 in august,4
14217,vpNC1qM_cCE,What a had short,0
14218,vpNC1qM_cCE,Bhai tu dusre bchocho ka future kyo kharab ker rha h.,0
14220,vpNC1qM_cCE,Are bhai 😂 last me dono ek sath kese mare,0
14221,vpNC1qM_cCE,Who is watching in 2026🎉,0
14224,vpNC1qM_cCE,Boring Video Banate Ho 😡,1
14226,vpNC1qM_cCE,2025 me kon dekhe raha hai,2
14227,vpNC1qM_cCE,Watching in 2025,1
14228,vpNC1qM_cCE,Aju bhae u r rock from  Pakistan 🇵🇰.,2
14230,vpNC1qM_cCE,19:27 awm headshot😱,1
14231,vpNC1qM_cCE,1000 diamond,1
14232,vpNC1qM_cCE,Ajju bhai awm road,0
14235,vpNC1qM_cCE,Mujhe daimand chahiye,0
14236,vpNC1qM_cCE,Kon kon 2025,0
14237,vpNC1qM_cCE,Most killed juwai khelte raho you are my model 😍😍😍😎😎😎,0
14241,vpNC1qM_cCE,26:01 galat bola ajju bhai pehla or aakhri dono hie amit bhai ne kiya hai aap check kar sakte hai😂,1
14243,vpNC1qM_cCE,Body body to mar rha h are yr noob,0
14244,vpNC1qM_cCE,3:55 Ajjubhai ki  awm ☠️,0
14246,vpNC1qM_cCE,Dada vaii tum AWM achaaa chala ta ho,1
14247,vpNC1qM_cCE,Love you Ajju bhai 😅,2
14248,vpNC1qM_cCE,Custom me kon scar legs hain,0
14249,vpNC1qM_cCE,Custom karoge Ajju bhai,1
14250,vpNC1qM_cCE,Bhai like to kardiya but bike kaise karun,2
14251,vpNC1qM_cCE,I'm beg fan plesa kastam me and my farnd ok mynam is Rudra,1
14252,vpNC1qM_cCE,My rank in free fire crk diamond 4 my id name is Proboiz95.36 request me,2
14253,vpNC1qM_cCE,Tp ke sath 1 vs 1,0
14254,vpNC1qM_cCE,bhai ap ko v badge kyon nahi mila aap to best ho na,1
14255,vpNC1qM_cCE,Kon kon 2025 me dekh raha h 😅,0
14256,vpNC1qM_cCE,451012596 Ajjibhai UID ❤😊,1
14257,vpNC1qM_cCE,Kon Kon 2025 Me Dekh Rha Hai ❤,0
14258,vpNC1qM_cCE,I Am Watching In 2026 😂,1
14259,vpNC1qM_cCE,Biwi kaha hai,0
14260,vpNC1qM_cCE,Fan ajju Bhai❤,0
14261,vpNC1qM_cCE,I am watching this on 2025 because I am missing old free fire,0
14262,vpNC1qM_cCE,Nice game play ❤,0
14263,vpNC1qM_cCE,Who watching 2025,20
14264,vpNC1qM_cCE,Ajju Bhai bolte,0
14265,vpNC1qM_cCE,India k to player noob hen yahan pe pakistan aak kar k dekhao tum log aik round nhi jeet pao ge 😂,0
14266,vpNC1qM_cCE,Bhai sahab dirty word use mat kijiye,0
14267,vpNC1qM_cCE,Rasing❤❤❤❤🎉🎉🎉❤❤❤❤❤😢😢,0
14268,vpNC1qM_cCE,❤Ajjubhai ❤️❤️,0
14269,vpNC1qM_cCE,Ajju bhai apne ghar ka adress Doge❤,1
14270,vpNC1qM_cCE,Sab skin hei bhai 😅,1
14271,vpNC1qM_cCE,Any one 2025👍✌️✌️,1
14272,vpNC1qM_cCE,Ajju bhai thoda raistar ke jaisa khelo na,0
14273,vpNC1qM_cCE,Ajju bhai ❤❤❤❤,0
14274,vpNC1qM_cCE,Sapnon Ki Rani Payal gaming 8😅😂,0
14275,vpNC1qM_cCE,Double awmy lete,0
14277,vpNC1qM_cCE,Ajju bhai ne mic on hi nhi kiya or bat kaise kar rha hai 😂😂,1
14278,vpNC1qM_cCE,I am 2026😮😮😮,0
14279,vpNC1qM_cCE,Who are watching in 2026?😅😅,1
14280,vpNC1qM_cCE,Jha du bam 😅😅😅,0
14281,vpNC1qM_cCE,Amit bhaj name op . Khandu baam 😅😅😅 8:30,0
14282,vpNC1qM_cCE,Mujhe bhi grojax akha lagta  hai,0
14283,vpNC1qM_cCE,8:23 amitbhai jod clutch in this match❤,12
14285,vpNC1qM_cCE,Ajju noob ha agar kuch kehna heto issUid per request bheje 1219560574,0
14286,vpNC1qM_cCE,Amit bhai Ham bhi aapke sath khelna chahte Hain1839325767 DJ mein ID ka,0
14288,vpNC1qM_cCE,Free fire mein hedshot kaise mare,0
14289,vpNC1qM_cCE,2025 jun 21😂😂,0
14290,vpNC1qM_cCE,Bhai me odisha se hu apa mere seth costume kheloge kya 😂,0
14291,vpNC1qM_cCE,Op ajjubhai❤🎉😊😅,0
14292,vpNC1qM_cCE,2025 me kaun dekh raha hai,3
14295,vpNC1qM_cCE,Mag 7 se solo vs squad khelo,0
14298,vpNC1qM_cCE,Ye amitbhai nahi ha,0
14300,vpNC1qM_cCE,Who watchingg in 2025 😂♥️,1
14301,vpNC1qM_cCE,Ajju bhai aap to free fire ke god ho.,1
14302,vpNC1qM_cCE,Nice vedio ajju bhai😊😊😊😊,0
14304,vpNC1qM_cCE,❤❤❤❤ajjubhai is back❤❤,0
14305,vpNC1qM_cCE,Munna bgmi 😈😈👽,0
14310,vpNC1qM_cCE,99 level Hai Mera,1
14311,vpNC1qM_cCE,Ajjubhai 2000 diamond,0
14312,vpNC1qM_cCE,Op ajju Bhai Amit Bhai Munna Bhai ❤❤❤🎉😢😅😊,0
14313,vpNC1qM_cCE,Ad bana karo,0
14314,vpNC1qM_cCE,Ajjubhai face reveal kab kar rhe ho,1
14315,vpNC1qM_cCE,Let's vote for AWM king 👑👇,1
14316,vpNC1qM_cCE,Normal person notice ajju bhai level but legends notice ajju bhai UId 😅😅,1
14317,vpNC1qM_cCE,Noob hai samne wala bas 90+ level home se nhi hoga,0
14318,vpNC1qM_cCE,Kis Kis Ko infinix ka ad aya😂,0
14319,vpNC1qM_cCE,Kon kon 2025 mai dekhe raha hai 😊,1
14320,vpNC1qM_cCE,Hackar Hai bhai heckar😎😎😎,0
14321,vpNC1qM_cCE,Op ajju Bhai amit Bhai munna Bhai❤❤❤❤❤,0
14322,vpNC1qM_cCE,Ajju is awm king,0
14323,vpNC1qM_cCE,Ajju bhai is King 👑👑👑,0
14324,vpNC1qM_cCE,Ajjubhai king❤❤❤❤,0
14325,vpNC1qM_cCE,Bhai Ajju bhai aapki game play bahut acchi hai,0
14326,vpNC1qM_cCE,Ajju bhai best Jigar Dil wali mod dikha diya first round ke andar second round ke andar maarna padega,0
14327,vpNC1qM_cCE,Me ap ka bahat bada fen hu,0
14328,vpNC1qM_cCE,Ajju bhai 1 tep wala khelo na,0
14329,vpNC1qM_cCE,2:43 am 2025 🫡,0
14331,vpNC1qM_cCE,Op ajju bhai op,0
14332,vpNC1qM_cCE,Jai shree Ram ❤❤❤❤❤❤,2
14333,vpNC1qM_cCE,Very pro gaming,1
14334,vpNC1qM_cCE,Himmat hai to khel ke Bata mere hath 1v1,0
14335,vpNC1qM_cCE,Vote for ajju Bhai Amit Bhai and Munna bhai,0
14336,vpNC1qM_cCE,Noob hai to 😂😂😂,0
14338,vpNC1qM_cCE,Ajju Bhai Main aapko change karta hun ki ko do 2 say harao,0
14339,vpNC1qM_cCE,Ajju bhai hacker ki tarah Khel rahe ho,0
14341,vpNC1qM_cCE,Ajju bhai ab ise video Kab milegi,1
14343,vpNC1qM_cCE,Kon kon 2026 ma dhek raha jai,0
14344,vpNC1qM_cCE,Amit bhai id,0
14345,vpNC1qM_cCE,OPeeeeeeeeeeeeeee🎉🎉🎉🎉🎉,0
14347,vpNC1qM_cCE,Bhi. Hai❤🎉🎉,0
14348,vpNC1qM_cCE,2025 ma koi dekh rahe ho,0
14349,vpNC1qM_cCE,Ajju Bhai aap to raistar se bhi acha player ho seriously,1
14350,vpNC1qM_cCE,Legend watch this video after face reveal ❤,1
14351,vpNC1qM_cCE,Ajju bhai ne face reveal kar diya ye prani wali video he,0
14354,vpNC1qM_cCE,You are best any bhai,0
14355,vpNC1qM_cCE,Ajjubhai amitbhai aur munna bhai hacker hai,0
14356,vpNC1qM_cCE,Kon kon 2025me😂😂😂,0
14357,vpNC1qM_cCE,Bhai Maine video dekha,0
14358,vpNC1qM_cCE,Ho chuka face reaveal,0
14361,vpNC1qM_cCE,Kon kon yaha face reveal ke baad aya hey OMG 500 likes,1
14363,vpNC1qM_cCE,Oppe headshot mazza aagya ajjubahi,0
14364,vpNC1qM_cCE,Feck Video he a,0
14367,vpNC1qM_cCE,😂😂😂😂😂😂❤❤❤❤❤❤❤❤❤❤❤❤❤❤❤❤ Op Ajju bhai,0
14369,vpNC1qM_cCE,Ajju bhi❤❤❤,0
14370,vpNC1qM_cCE,Any one 2025😂😂,0
14372,vpNC1qM_cCE,Ajubhai dost bnoge kay,0
14374,vpNC1qM_cCE,Ajju Bhai A jao game Khele Mere Sath,0
14375,vpNC1qM_cCE,Ajju Bhai A jao Ek Bar game khelne Mere Sath😢😊❤,1
14376,vpNC1qM_cCE,2025 me koi dekh raho ho,2
14377,vpNC1qM_cCE,Aaj tak jisne bhi mujhse only one kara hai vah hare ja raha hai,0
14378,vpNC1qM_cCE,Bhai aap apni ID ka nickname batao,0
14381,vpNC1qM_cCE,Dum ha to 1v1 me a,0
14382,vpNC1qM_cCE,I love you Bro,0
14383,vpNC1qM_cCE,Ajjubhai ki Power,0
14384,vpNC1qM_cCE,Mai challenge krta hu ajju bhai ko 1vs1,0
14385,vpNC1qM_cCE,🔥Ajju🔥 bhai dam hai to mujhse jit ke dikhao😈 agar mere comment ka reply nhi diye to main samajh jaunga ki aap mujhse dar gaye😈 mera free fire uid 🔥8207608106 🔥mere level per mat jana 😈mere khelne ke skill per jana 😈,1
14386,vpNC1qM_cCE,Ajju bhai ek match kheloge mere dost ka,0
14387,vpNC1qM_cCE,Legend are watching in 2025 bhai face reveal ho geya,0
14388,vpNC1qM_cCE,❤❤only for awm shots❤❤,0
14390,vpNC1qM_cCE,Kon 2025 mai dekh raha hai,1
14391,vpNC1qM_cCE,10 kills grandmaster ke lobby mein kar dete homein tumhe ₹1000 Rupees dunga😂,0
14393,vpNC1qM_cCE,I gave you chalenge of custom This is my UID6092401490,0
14394,vpNC1qM_cCE,Op game playe,0
14396,vpNC1qM_cCE,Live video khelona yaar😢😢,0
14397,vpNC1qM_cCE,Wo bands noon the,0
14398,vpNC1qM_cCE,Yah 90 level wale kya Pro hai yah to ultra Noob hai 6 log 3 se lad rahe hain vah bhi 75 level 76 level ka😂😂😂😂😂 one vs one me chatni ban jayegi😂😂😂,0
14399,vpNC1qM_cCE,Any one else in 2025,0
14400,vpNC1qM_cCE,Jiobhart mobile me hotshport konse,0
14401,vpNC1qM_cCE,amit bhai op in the chat,0
14404,vpNC1qM_cCE,1st round me aapko lol dikha 96 level player,0
14405,vpNC1qM_cCE,i will send you his uid,0
14406,vpNC1qM_cCE,"plz send me diamond i am so poor and pro player other players call me noob on my emote ,dress 'evo guns plz support me ajubhaii like you 😘",0
14407,vpNC1qM_cCE,"Noob Aaja 1v1 10820655425, ❤❤",0
14408,vpNC1qM_cCE,NOOB Aaja 6v1❤❤,0
14410,vpNC1qM_cCE,Ajju bhai face reveal,0
14411,vpNC1qM_cCE,2025 Kon dekh rha hai 😅😊,1
14412,vpNC1qM_cCE,who is watching in 2025😎,17
14413,vpNC1qM_cCE,Ajjubai mere sath ek khelana,0
14414,vpNC1qM_cCE,Kon kon 2026 me dekh raha he,1
14415,vpNC1qM_cCE,Ajju Bhai free fire bahut achcha khelte Hain❤❤❤🎉😅,0
14416,vpNC1qM_cCE,old ajjubhai,0
14417,vpNC1qM_cCE,Amitbhai ka name notice Kato guys,0
14418,vpNC1qM_cCE,Ajju bhai I am your big fan gift me diamond 💎.,1
14422,vpNC1qM_cCE,Ha bhai maja aa raha hai ❤❤,0
14423,vpNC1qM_cCE,❤Op ajjubhai❤,1
14425,vpNC1qM_cCE,Hii❤❤❤❤❤❤🎉🎉🎉😂😂😅😅,0
14427,vpNC1qM_cCE,Nob aju bhai,0
14428,vpNC1qM_cCE,"1:40 first round begins
2:39 ajjubhai knockned down
3:00 second round begins
3:33 first kill with Awm
3:47 secondkill
3:54 op third kill with m1887
4:44  third round begins 
5:42 four kill
5:56 five kill
7:23 ajjubhai knocked down
9:08 six kill
9:18 seven kill
10:53 op headshot ajjubhai jhod eight kill
11:10 ajjubhai knockdown
14:07 opp eight kill
15:46 nine kill
17:49 10 kill
26:20 total 28 kills
Jhod opp gameplay ajjubhai........................",2
14429,vpNC1qM_cCE,Same noob hai,0
14430,vpNC1qM_cCE,Bhaiya ff mai castam khaliya ga,0
14431,vpNC1qM_cCE,Ajju Bhai free fire mat chhodna bro,0
14432,vpNC1qM_cCE,Ff nahi khelteho kya,0
14433,vpNC1qM_cCE,Desert eagle head shot custom Mera naam nitin hai,0
14434,vpNC1qM_cCE,KON KON 2025,0
14435,vpNC1qM_cCE,Who are watching in 2026?😅,215
14436,vpNC1qM_cCE,Are aju bhai mere satha kheloge bhai 😅 yaar mere ko youtube par video banana hai or aapni gujarati language me aapke satha banana hai bhai 😎 aaju bhai aapne gujarati ka bhi craze hona chahiye socho bhai Are mere ko reply karo bhai 🫤Ajju bhai I am waiting 🥱 bro my I'd 2318497032 pe request bejo 🙂,0
14437,vpNC1qM_cCE,Dam ho to raistar hara kar dikhayo,0
14438,vpNC1qM_cCE,9:00 aapka 90 level kyun nahi hai,3
14439,vpNC1qM_cCE,Revive kar rahe ho noob,0
14441,vpNC1qM_cCE,Aajubhai noob 💩💩💩💩💩💩💩😂😂,1
14442,vpNC1qM_cCE,Good bhai 😊😊,0
14443,vpNC1qM_cCE,Custom hey ya cs ranked khelrehe ho up,0
14444,vpNC1qM_cCE,Ajju bhai please old peak ke lei video banao😢😢😢 please old 😢,0
14447,vpNC1qM_cCE,Kon 2025 ma dekh raha h 😊😊😊,0
14449,vpNC1qM_cCE,Are bhai anju hai ka face revile ho gaya,0
14450,vpNC1qM_cCE,2025 seen me❤❤,0
14451,vpNC1qM_cCE,Bande hee bkl hai kuch khelna ata nai or 90 level ki I'd kharid li bas bkl,0
14452,vpNC1qM_cCE,Anju bhai Mera I'd me bundle gift Karo namaste plz ø,0
14453,vpNC1qM_cCE,2025 me kon kon dekhe rehi hai video ko like karo ❤,0
14454,vpNC1qM_cCE,App. Kay. Samnay.  Koi.  tick   nahi    Saka.  ta,0
14455,vpNC1qM_cCE,App.  Legend.    ha❤❤❤❤❤❤❤❤❤❤❤❤❤❤❤❤❤❤❤❤❤❤❤❤❤❤❤,0
14456,vpNC1qM_cCE,Mera sath custom khelega mp5vs,0
14457,vpNC1qM_cCE,Bhaiya kahan milta hai,0
14459,vpNC1qM_cCE,"1v,s1 ajjubhai@@",0
14461,vpNC1qM_cCE,2 synaifar game playv,0
14463,vpNC1qM_cCE,Custom mai scar chalata hai😂😂😂,2
14464,vpNC1qM_cCE,Bhai ye thor gaming to apne assam ka banda hai😂,0
14466,vpNC1qM_cCE,Bhai Maine aapko request bheji hai please Accept kar lena,0
14467,vpNC1qM_cCE,Ap to face reveal ho ghar ha😂😅,0
14468,vpNC1qM_cCE,Amit bhai oppi,0
14469,vpNC1qM_cCE,Ajju bhai job,0
14471,vpNC1qM_cCE,Dam hai toh aga 1v1☠️ ID- uditpropatel,0
14472,vpNC1qM_cCE,Kon chat gpt se aaya hai,0
14473,vpNC1qM_cCE,Ajju bhai nobara ha sala,0
14474,vpNC1qM_cCE,20 ferberye ko Kon dekh rha hai,0
14475,vpNC1qM_cCE,Gujarathi bola ❤❤❤,0
14476,vpNC1qM_cCE,Old awm king is back,0
14478,vpNC1qM_cCE,bhai ye to pagal bana rahe hai samne vale goli bhi nahi maar rahe,0
14481,vpNC1qM_cCE,Karoge custom,0
14482,vpNC1qM_cCE,Hi I am your suscriber on 10 March my birthday is coming so I want dragonite bundle in my ID - PATILBHAU07,0
14483,vpNC1qM_cCE,Ajjubhai mere sath awm custom kheloge,2
14484,vpNC1qM_cCE,Who is watching in 2025,0
14485,vpNC1qM_cCE,Please new videos banaoUiD do apni,0
14487,vpNC1qM_cCE,Me 2025 ME dekh rahai 😂,1
14488,vpNC1qM_cCE,"Pallorgaraj, watchy.",0
14489,vpNC1qM_cCE,ab kab aayega back ???,0
14490,vpNC1qM_cCE,Ajjubhai_mujhko_ak_mobil_dedo(bhai😂merepasnahihai😂😂😂😂😂😂😂😂😂😂😂😂😂😢😢😢😢😢😢😢😢,1
14491,vpNC1qM_cCE,Ajju bhai Amit bhai Munna bhai❤❤❤,0
14492,vpNC1qM_cCE,Ajju bhai Amit bhai Munna bhai❤❤❤,0
14493,vpNC1qM_cCE,Reply please bhai 😭😭😭😭😭,1
14494,vpNC1qM_cCE,Bhai ap free fire khatni Baja khalato bhai mara pass apka uid number hai,1
14495,vpNC1qM_cCE,2025 March me kon dekh raha h,0
14497,vpNC1qM_cCE,Bhai saahab op bohot maza aya,0
14498,vpNC1qM_cCE,Kuch nahi hai😒,1
14499,vpNC1qM_cCE,Mera ld name FariWa1037A,0
14500,vpNC1qM_cCE,Ajju Bhai kuch gift karo,0
14501,vpNC1qM_cCE,Amit bhai id name zandu,0
14504,vpNC1qM_cCE,Bhai me apka. Fan hu 9235887502,0
14505,vpNC1qM_cCE,Kitna bhi bara legend player harte to sab hai😅😅😅😅😅😅Agar tum sab bhi kabhi kabhi harte ho to like karo ❤❤❤❤aur nahi hare ab tak to subscribe kar do ❤🎉🎉🎉🎉🎉,0
14506,vpNC1qM_cCE,ilove you bro,0
14507,vpNC1qM_cCE,bhai ajju pro is you amit bhai and muna bhai pro,1
14508,vpNC1qM_cCE,Op game 😊😊😊😊,0
14509,vpNC1qM_cCE,Purana free fire lekar aao,0
14510,vpNC1qM_cCE,Ajju bhai aapka number mil sakta hai😂😂😂😂❤❤❤❤,0
14511,vpNC1qM_cCE,Sniper robot,0
14514,vpNC1qM_cCE,Raiister be like . 07 1vs 6 90 lv khallas,0
14515,vpNC1qM_cCE,Hello ajju ma ak graib hu muja ak bundle gift kar da,1
14516,vpNC1qM_cCE,Ajju bhai ke aage koi khel sakta hai kya,1
14517,vpNC1qM_cCE,Ajju Bhai aap mere sath free fire kheloge kya,0
14519,vpNC1qM_cCE,Dam hai to 1vs1 ker,0
14522,vpNC1qM_cCE,Ajju Bhai pro,0
14523,vpNC1qM_cCE,Maa kasam jisne like nahi kiya vo exam mein fail hoga 😅,64
14524,vpNC1qM_cCE,May apka bhot bara fans hoon bhai,0
14525,vpNC1qM_cCE,Bhai mujhko AK ld gift kar do na please 🎁,0
14527,vpNC1qM_cCE,dam he to aja 1 v 1 me,0
14528,vpNC1qM_cCE,dam ha to aja 1v 1 me,0
14529,vpNC1qM_cCE,Ajju Bhai op ❤,0
14530,vpNC1qM_cCE,Ajjubhai kamcho,1
14532,vpNC1qM_cCE,Ajo 1v1 awm,0
14533,vpNC1qM_cCE,Ham se lad custom noob,0
14534,vpNC1qM_cCE,Ajju bhai tum abhi free fire me online so mujhe custom karna hai 1130155631,0
14536,vpNC1qM_cCE,Bhai tum to noob ho 😂😂😂😂,0
14540,vpNC1qM_cCE,bhau me to 2026 me dekh rahahu,0
14541,vpNC1qM_cCE,Ajju bhai 1v1 custom khelna hai kya mere Sath6979673014,1
14543,vpNC1qM_cCE,Bhaii plzz meri ak47 max kardo bhaii 🙏🏻,0
14545,vpNC1qM_cCE,Ajju bhai ❤ 500 diamonds 😢,0
14548,vpNC1qM_cCE,im 120 level,0
14549,vpNC1qM_cCE,8:24  Zandu Baam!!!,0
14550,vpNC1qM_cCE,18/02/2025 ko kon kon dekh rahe he,0
14551,vpNC1qM_cCE,Ajjubhai op,0
14553,vpNC1qM_cCE,Abe o 1v1 karega 7 0 harega,0
14554,vpNC1qM_cCE,Ajju bhai ap free fire nahi khelta after face reveal we want free fire videos 😢😢😢,0
14555,vpNC1qM_cCE,My id 2840077734😊,0
14556,vpNC1qM_cCE,Nhi khel rh h,0
14557,vpNC1qM_cCE,Ajju bhai I like u❤❤❤❤❤,0
14558,vpNC1qM_cCE,Ajjubhai is noob,0
14559,vpNC1qM_cCE,Ajju bhai ajju bhai hi rhege bli nhi kel rhe hai,1
14562,vpNC1qM_cCE,OP Ajju bhai ❤❤❤😘,0
14563,vpNC1qM_cCE,Old  pa❤❤lear,0
14564,vpNC1qM_cCE,aabe noobe aaja dam hai to 1v1 bd server aukaat ki baat uid 721151767,0
14566,vpNC1qM_cCE,2026 me kon dekh raha hai,0
14567,vpNC1qM_cCE,Hi bhan tips do,0
14568,vpNC1qM_cCE,op gamer ajjubhai,0
14570,vpNC1qM_cCE,Op ka matalab???,0
14571,vpNC1qM_cCE,Kon kon 2025 me dekh raha hai,1
14572,vpNC1qM_cCE,Ajju Bhai you are very pro 🔥🔥🔥🔥🔥🔥🔥,1
14573,vpNC1qM_cCE,Arjun   bhai   please  idi   do  😂,1
14574,vpNC1qM_cCE,Dum hai to 1vs1costom me aaja,1
14576,vpNC1qM_cCE,Ajju bhai aaja 1 v 1,1
14577,vpNC1qM_cCE,Ajju Bhai 2 round🤡 ajju Bhai 3 round se☠️,0
14581,vpNC1qM_cCE,Ajju bhai se tagde the player fir bhi ye sirf famous he luck bro,0
14583,vpNC1qM_cCE,My aide 9293240276 100000 diamonds me😢😢😢😢😢😢😢😢,0
14584,vpNC1qM_cCE,1vs1 daam hai toh,0
14585,vpNC1qM_cCE,Ajju bhai bolte ajju bhai,0
14586,vpNC1qM_cCE,Love you ajubhai❤❤❤❤❤❤❤❤❤❤,1
14587,vpNC1qM_cCE,Kindergarten short hair😊😊😊,0
14588,vpNC1qM_cCE,bich walla dote awm me .....,1
14590,vpNC1qM_cCE,Dum hai toh aaja 1v1 custom,1
14591,vpNC1qM_cCE,I love you Amiit bhai,0
14592,vpNC1qM_cCE,kon  kon 2025 me Dekh rahe Hain😂😂❤❤,0
14593,vpNC1qM_cCE,Squad vs squad karo A W M,0
14594,vpNC1qM_cCE,aju bhai nice one,0
14598,vpNC1qM_cCE,Free fire ka baap 🎉,0
14600,vpNC1qM_cCE,1 year pehale every player use hayato,0
14601,vpNC1qM_cCE,2070me kon kon dekh raha hai 😂😂,1
14602,vpNC1qM_cCE,Himmat hai to hamare pass hamare Sath custom khelo Ajju bhai big fan hai aapka,0
14604,vpNC1qM_cCE,Kaun kaun 2025 ma😅,2
14605,vpNC1qM_cCE,1v1 me aaja,0
14607,vpNC1qM_cCE,Are bhai custom Mein Kab Se revive Hone Laga galat baat hai  ajju bhai very bed,0
14608,vpNC1qM_cCE,12:22 any in 2025 ❓❓😅,3
14609,vpNC1qM_cCE,2024 me kon Delhi rha hai,0
14610,vpNC1qM_cCE,I am your big fan,1
14612,vpNC1qM_cCE,only double awm,0
14613,vpNC1qM_cCE,Print plan game😂😂😂,0
14614,vpNC1qM_cCE,Old FF lana ka keu  video  bana rahaho,0
14615,vpNC1qM_cCE,2026 me kon kon dekh raha ha 😂😂,4
14616,vpNC1qM_cCE,Aaja 1v 1karle,0
14618,vpNC1qM_cCE,Hello ajju vai🎉🎉,0
14619,vpNC1qM_cCE,2025 Jan 24 🫶 we will miss you ajju Bhai Fir SE aisa Vs wala video banao,0
14623,vpNC1qM_cCE,Nice video Funny 😂😂,0
14624,vpNC1qM_cCE,Ajju bhai ek ka game jana hai please a jao,0
14626,vpNC1qM_cCE,Big fan bro,0
14628,vpNC1qM_cCE,Ajju bhai sala noob hai kiu ki isna free fire khalna kai liye garena saa Pasa lata hai iaa baat sathi haa,0
14630,vpNC1qM_cCE,vikas_gowda_vlogs,0
14631,vpNC1qM_cCE,Aaju Bhai 1V1 karo mery sath I'd name: notmytype25 uid : 10027473596 aa jao,0
14632,vpNC1qM_cCE,Aaha tamatar bade mazedar aur _,0
14633,vpNC1qM_cCE,Ajju bhai vs riot ff ka custum ho jaye to bhai kis kis ko mja ayega,0
14634,vpNC1qM_cCE,3:47 thala for a reason but ajjubhai have awm king for reason😊❤,4
14635,vpNC1qM_cCE,who is watching this video in 2025,0
14636,vpNC1qM_cCE,Total gaming bhiaya mere pass i bi diamond nahi hai aur mere pass bundle nahi hai kya app meri id me bundle aur diamind denge plz meri id. Tiger2OneTap,0
14637,vpNC1qM_cCE,Nobdo ka game play 3noob vs 6 noob,0
14638,vpNC1qM_cCE,Wk bat amit bhai accha khel ta ha,0
14639,vpNC1qM_cCE,Chalak.    Pro         Chalak,0
14641,vpNC1qM_cCE,ajjubhai mere sath cutom khel skte hoo .. reply krna yar ? from pakistan 💝💖,0
14642,vpNC1qM_cCE,One of the best ajju bhai❤❤,1
14643,vpNC1qM_cCE,i am your big fan nice gameplay and headshot,1
14644,vpNC1qM_cCE,Iss game me amitbbhai nhi h vo jhandubaam h😂 real me,1
14645,vpNC1qM_cCE,1vs1 me aja,1
14646,vpNC1qM_cCE,😂1vs 1 custom,0
14649,vpNC1qM_cCE,ajjubhai ko one tap nhi khelna aata hai kyaa bhai,0
14650,vpNC1qM_cCE,mag 7king vs ajjubhai,0
14652,vpNC1qM_cCE,Hello Bhai free fire India kab aygay,0
14653,vpNC1qM_cCE,Video Videopop,0
14654,vpNC1qM_cCE,big fan ajjubhai love u,0
14656,vpNC1qM_cCE,Kon kon 2025 pe dekh raha he,0
14657,vpNC1qM_cCE,Old awm king is back,0
14658,vpNC1qM_cCE,Bhai ek mere sath bhi ajao 1 vs 2 aap or amitbhai orme akela lekin level aur rank ko samajke bacha mat samajhna,0
14659,vpNC1qM_cCE,Rastar akela  he,0
14660,vpNC1qM_cCE,Kal bhai versis Ajju bhai,0
14662,vpNC1qM_cCE,ajju Bhai agar dam hai to mujhse custom karke dikhao himansu200h,0
14663,vpNC1qM_cCE,Ajju Bhai Please Naruto Ka Bundle dela do yar please me to naruto ka fan hu lakin  me diamonda topup nahi kar ta hu lekin me naruto ka bada Fan hu Please Ajju  Bhai uid-2317597118,0
14665,vpNC1qM_cCE,agar dam ha to mujhse jitkar dikhio,0
14666,vpNC1qM_cCE,77 mbhal Ke Khel,0
14667,vpNC1qM_cCE,Ajwain to bahut Achcha Khel rahe ho,0
14668,vpNC1qM_cCE,Best player of free fire,0
14669,vpNC1qM_cCE,Ajju bhai aapko to system pura alag hai bhai aap jiske bhi sath khelte Ho to sochte ka are bhai bande ne to mere Ko itna jaldi hedshot se down aur maar bhi kaise Diya,0
14670,vpNC1qM_cCE,Wow ajju bhai,0
14671,vpNC1qM_cCE,Kon kon 2025 se dekh raha he😂,8
14672,vpNC1qM_cCE,Mai in 2025 6:43,1
14674,vpNC1qM_cCE,Veri nice video Ajju bhai❤❤❤,0
14675,vpNC1qM_cCE,Ajju bhai apka real name kya hai? Ajju bhai ‼️🔥😈🔥‼️,0
14676,vpNC1qM_cCE,ajju bhai  awm king,0
14677,vpNC1qM_cCE,Body shot king ajjubhai 😂😂,0
14678,vpNC1qM_cCE,Kis kis ne notice Kia mic is off 😂😂,0
14681,vpNC1qM_cCE,Nice video bro ❤,0
14682,vpNC1qM_cCE,Ajju bhi din ho jate hai. Awm _ y,0
14683,vpNC1qM_cCE,Diamonds free me kaha se le ajjubhai,0
14684,vpNC1qM_cCE,Main toh 2025 main dekh rah hu,1
14685,vpNC1qM_cCE,Anyone in 2025🎉🎉🎉,2
14686,vpNC1qM_cCE,Ajju bhai Happy New year,0
14689,vpNC1qM_cCE,Ajju bhai the best ❤❤,0
14690,vpNC1qM_cCE,to apka kyu nhi hai 90 level ajjubhai,0
14691,vpNC1qM_cCE,Old free fier,0
14692,vpNC1qM_cCE,nabbe sabka hota hai to tera kyu nahin hai,0
14695,vpNC1qM_cCE,23:37  sara sar jhut 😂,0
14697,vpNC1qM_cCE,Kitna noob khelta he ho ajjubhai or sab kehte he ki ajju pro sab gadhe he es me dam he to raistar ke sath custom kyu nahi khelta😂😂,1
14698,vpNC1qM_cCE,"Ajju bhai aap aaj se kabhi bhi game khelo to 'TU HAI KAHAN , song ga denaPls...Ajju bhai 🙂",0
14699,vpNC1qM_cCE,Ajjubhai or amitbhai friend ship op in the chat,0
14700,vpNC1qM_cCE,Kon kon December me dekh raha hai😅😅,0
14701,vpNC1qM_cCE,7:02  kis prakar ka gloowall hai 😂😂😂😂,3
14702,vpNC1qM_cCE,Legend focus on Amit bhai 😅 name,0
14704,vpNC1qM_cCE,Abe nobade mere sath aana 1v1 mai uid 7076622943,0
14706,vpNC1qM_cCE,Total gaming Pro,0
14707,vpNC1qM_cCE,Total  gaming,0
14708,vpNC1qM_cCE,Amit Bhai Op,0
14709,vpNC1qM_cCE,Bhide kala re Ho ❤❤❤❤❤❤😮😮😮😮😊😊😊😊😊😊,0
14711,vpNC1qM_cCE,Kaun 2024 mein dekh raha hai😅,0
14712,vpNC1qM_cCE,Op player ajjubhahi 😂,0
14717,vpNC1qM_cCE,Mere sath custom karoge,0
14718,vpNC1qM_cCE,Ajjubhai noob😂😂😂,0
14721,vpNC1qM_cCE,Love you ajju bhai ❤,2
14723,vpNC1qM_cCE,Mero 2024 me dekh rha hoo😢😢😢,1
14724,vpNC1qM_cCE,Kuch gift 🎁 kardo,0
14725,vpNC1qM_cCE,Mera uid 10171004144,0
14726,vpNC1qM_cCE,Ajju bhai mujhe bhi diamond de rahe ho mere pass kuchh hai ya nahin big fan,0
14728,vpNC1qM_cCE,Video band kro,0
14729,vpNC1qM_cCE,Name ajju bhai kaam kuchh nhi haiv,0
14730,vpNC1qM_cCE,Old free fire par video banao,0
14731,vpNC1qM_cCE,Main dekh raha hun,0
14734,vpNC1qM_cCE,Anyones 2024,0
14735,vpNC1qM_cCE,Thanks for 2 subscribers 😢😅🎉🎉🎉🎉🎉🎉,0
14736,vpNC1qM_cCE,Ajjubhai❌️international khiladi✅️,0
14738,vpNC1qM_cCE,NooB. Ajoo 😂,0
14739,vpNC1qM_cCE,Who is coming after face reveal,1
14740,vpNC1qM_cCE,Bhaiya mein bus ek pyari Nahin please humko ek  dijiye na,1
14742,vpNC1qM_cCE,Any 1945 😂😂😂,0
14743,vpNC1qM_cCE,Ajju bhai request utha lo 😊😅,0
14744,vpNC1qM_cCE,pls try mag 7,0
14745,vpNC1qM_cCE,Kon kon ajjubhai ke face reveal ke bad ye video dekh rha hai ? Like kro comment,1
14746,vpNC1qM_cCE,Who watch in 2025 😂😂😂😂😂😂😂😂😂😂😂😂😂😂😂😂😂😂😂😂😂😂😂😂😂😂😂😂😂😂😂😂😂😂😂😂,0
14747,vpNC1qM_cCE,Who is watching of Ajju bhai face reveal,1
14748,vpNC1qM_cCE,Your Sen king ❤❤❤❤❤😮😮😮😮❤😊❤😊❤😊,0
14749,vpNC1qM_cCE,Sapno ke Rani Payal Gaming😅😂,0
14750,vpNC1qM_cCE,Pushpa bundle! Please give me!,0
14751,vpNC1qM_cCE,Biggest fan of the world,0
14752,vpNC1qM_cCE,Support please guys 🎉😢🎉🎉,0
14753,vpNC1qM_cCE,Bhai aapki to tarif hi karte Hain ham,0
14754,vpNC1qM_cCE,Ajju Bhai Bhai to baat hi khatm❤❤❤❤❤❤❤❤❤❤❤❤,0
14755,vpNC1qM_cCE,mai bhi free fire video bnata hun but koi help nhi karta mera channel koi subscribe nhi karta 😔😭🙏🙏,0
14756,vpNC1qM_cCE,Ajju Bhai tum bot hoo because 2tabe marte hoo😅😅,0
14757,vpNC1qM_cCE,Any In 2024❓️,10
14759,vpNC1qM_cCE,old July back in the game,1
14760,vpNC1qM_cCE,Very nice video🎉🎉,0
14761,vpNC1qM_cCE,Ajjubhai ❤❤❤❤🎉🎉🎉🎉,0
14762,vpNC1qM_cCE,mere squad se 4 vs 3 kar lo,0
14763,vpNC1qM_cCE,B2k se khel k dekh 😂,0
14764,vpNC1qM_cCE,Face reveal kar do Bhai 😢,0
14765,vpNC1qM_cCE,Kon kon ajju  bhai ke face reveal ke bad video dekh raha hai ❤❤,0
14766,vpNC1qM_cCE,Aajju bhai AWM king 👑👑👑👑,0
14767,vpNC1qM_cCE,piliz sapot me😢,0
14768,vpNC1qM_cCE,"Ajjubai , aap mujhe hi hra lo 60 level Wale ko 😂😂😂😂",0
14769,vpNC1qM_cCE,Bhai AWM ka king hai ajju bhai,0
14770,vpNC1qM_cCE,Bhai me ap ka bada fan hun,0
14771,vpNC1qM_cCE,Love you ajjubhai❤,0
14773,vpNC1qM_cCE,Noob 😂😂😂😂😂😂 1vs1 🤣🤣🤣🤣,0
14774,vpNC1qM_cCE,Plz raistar vs Ajo saktiman costom please please ❤ please,0
14775,vpNC1qM_cCE,Aaja custom me 1/1 me hara dunga 0/7 se 🥱 Noobde bula le Amit bhai ko bhi,0
14777,vpNC1qM_cCE,Arjun Bhai aap kya khelte ho main bhi aapki tarah khelta hun mujhe bhi le Lena meri ID hai corn,0
14778,vpNC1qM_cCE,Vote for ajju bhai face reveal 😢😢😊,0
14779,vpNC1qM_cCE,Total gaming Pushpa wala Ab To Maar Ke free fire game Pushpa wala bundle Aaya Hai Main vah free mein chahie gift bhejo Mujhe Mein,0
14781,vpNC1qM_cCE,Ajju   bhai     me     apka  b    h,0
14783,vpNC1qM_cCE,Free fire India ke liye kuchh karo ajju bhai,0
14784,vpNC1qM_cCE,Bhai noode revive karte hai noobde,0
14787,vpNC1qM_cCE,Show the new video of jaswant chaudhari if you are  🔞☠️ ☠️☠️☠️,0
14788,vpNC1qM_cCE,munna is noob,0
14789,vpNC1qM_cCE,9893352818Ya 8878058298 Password aman25 Ya aman 25 Hack karke dikaoo,0
14790,vpNC1qM_cCE,Most op game play,0
14791,vpNC1qM_cCE,Hello Ajju bhai 8811 chalaya karo Achcha Nahin Aata mera naam Aditya,0
14793,vpNC1qM_cCE,Op gameplay ajjubhai,0
14794,vpNC1qM_cCE,Hello vai ap ki bohat phan huuu,0
14795,vpNC1qM_cCE,Ajju bhai ko khelne nahi ata,0
14796,vpNC1qM_cCE,hello bro me apko friend request bhej raha hu( mere rank ko maat dekhna pro khelta hu old playerv huna isiliye),0
14798,vpNC1qM_cCE,Ajju Bhai me apka fan hu please mere rekwaust bakad lo 8946206107,0
14801,vpNC1qM_cCE,Sabse Achcha Amit bhai bhi khelte hain,0
14802,vpNC1qM_cCE,Sabse Achcha to Ajju bhai khelte Hain,1
14803,vpNC1qM_cCE,Main dekh raha hun,0
14804,vpNC1qM_cCE,Ajay Amit bhai Munna bhai kya mara hai❤❤❤❤❤❤❤❤❤❤❤❤❤❤❤❤❤❤❤❤❤😊😊😊😊,0
14806,vpNC1qM_cCE,Tu bhi to abhi dekh raha hai,1
14808,vpNC1qM_cCE,Ajju bhai 1v1 karke dikhao mere sath,0
14811,vpNC1qM_cCE,Thanks for 100 subscribe,0
14813,vpNC1qM_cCE,Meri ek help kr do,0
14814,vpNC1qM_cCE,Hello 👋🏻 ajju Bhai please help me,0
14817,vpNC1qM_cCE,"Ajju Bhai kill 28,amitbhaikill 18 and munnabhai 12 total gaming op In tha chat and total gamig wastap namber pan chhe laik karo",0
14818,vpNC1qM_cCE,2024 me dekh raha hu 😢,1
14819,vpNC1qM_cCE,Ajju vs amit😅,0
14820,vpNC1qM_cCE,Ajju vs amit😅,0
14821,vpNC1qM_cCE,Ajju vs amit😅,0
14823,vpNC1qM_cCE,Ajju bhai ku custom khelna nahin aata Hai,0
14825,vpNC1qM_cCE,Kon kon 2024 me😂 dekh raha hai,0
14826,vpNC1qM_cCE,Vov. Ajjubhai. Vov🎉🎉🎉❤😊,0
14828,vpNC1qM_cCE,Gyan : We Have Raistar AjjuBhai : We Have Munna Bhai 🔥🔥,0
14831,vpNC1qM_cCE,Golden era 😭💔💔💔,0
14833,vpNC1qM_cCE,Ajjubhai is Back,0
14834,vpNC1qM_cCE,Ajju bhai Ajju bh sala boot,1
14837,vpNC1qM_cCE,Hello Raju aapke ID password mere ko pata hai,0
14838,vpNC1qM_cCE,Ajju bhai level se Fark Nahin Padta khelna Aana chahie,0
14839,vpNC1qM_cCE,Ajjubhai ❤❤❤❤❤❤❤❤❤❤❤❤,1
14840,vpNC1qM_cCE,Oppe ajju Bhai❤❤❤❤❤❤❤,0
14841,vpNC1qM_cCE,Bhai awm to tik hai Lekin ye jo body body marte ho ye to noob giri ho gayi,0
14842,vpNC1qM_cCE,Bhai meri ID le Lo yaar maine aapko request bhej rakhi hai s Ke Naam se shuru ha,0
14843,vpNC1qM_cCE,"I'm your fan bahi please ,,,, give me dimonds",0
14844,vpNC1qM_cCE,Bhai aap 1vs6 castom karo,0
14845,vpNC1qM_cCE,Bhai custom ke liye sampark kre,0
14847,vpNC1qM_cCE,Custom kar le,0
14848,vpNC1qM_cCE,Your blood wall skin is nice,1
14851,vpNC1qM_cCE,Ajjubhai mere hath 1v1 Karo,0
14852,vpNC1qM_cCE,Ajjubhai is noob,0
14853,vpNC1qM_cCE,Aju bhai merse costume kroge,0
14854,vpNC1qM_cCE,How I Get Aviator Predictor App For Free,0
14855,vpNC1qM_cCE,Max  leval game play ajju bhai☠️☠️,0
14856,vpNC1qM_cCE,Ajju.  Bhai ❤❤❤❤❤❤❤❤❤❤ ❤❤❤❤ hay,0
14857,vpNC1qM_cCE,Himmat h to Mujhe 1 vs castam me hra kar dikha,0
14859,vpNC1qM_cCE,Bhai ke samne fat Gai aapke ajju bhai Aapke bhai ke samne hat Gai aapki han bhai khelna Jara,0
14860,vpNC1qM_cCE,Ajju Bhai ka face reveal ho chuka hai,0
14861,vpNC1qM_cCE,Bhutaneya Hara gaye,0
14862,vpNC1qM_cCE,Nice 🎉 ajju Bhai,0
14863,vpNC1qM_cCE,Ajju bhai noob,0
14864,vpNC1qM_cCE,Ajju bhaiMUNEER bheja hai,0
14866,vpNC1qM_cCE,Aap jab awm chalate ho tab aem kase aata he sentar me small sacral kese late ho,0
14868,vpNC1qM_cCE,Anyone in 2024?,1
14869,vpNC1qM_cCE,Thanks for 100 subscribe,0
14870,vpNC1qM_cCE,Ajju Bhai rank ko kia kia HOA ha hosh me to ho na😅😅😅😂😂,0
14872,vpNC1qM_cCE,yad.uvanshi6062,0
14873,vpNC1qM_cCE,Anyone in 2024?,1
14874,vpNC1qM_cCE,Ajju bhai is Pro,0
14875,vpNC1qM_cCE,Ajju bhai rihot ff se Karega custom,0
14878,vpNC1qM_cCE,Khelega AWM se 1vs 1 noob boat,0
14879,vpNC1qM_cCE,Kon kon amitbhai ka naam jandu baam dekhe h😅😅😂,0
14882,vpNC1qM_cCE,In ka to face reveal ho gaya,0
14886,vpNC1qM_cCE,"1:40 first round begins
2:39 ajjubhai knockned down
3:00 second round begins
3:33 first kill with Awm
3:47 secondkill
3:54 op third kill with m1887
4:44  third round begins 
5:42 four kill
5:56 five kill
7:23 ajjubhai knocked down
9:08 six kill
9:18 seven kill
10:53 op headshot ajjubhai jhod eight kill
11:10 ajjubhai knockdown
14:07 opp eight kill
15:46 nine kill
17:49 10 kill
26:20 total 28 kills
Jhod opp gameplay ajjubhai........................",33
14887,vpNC1qM_cCE,Bahut sandar,0
14888,vpNC1qM_cCE,Thank you for 39 subscribers 🎉,0
14889,vpNC1qM_cCE,Who is here after face reveal,0
14890,vpNC1qM_cCE,Mic bandh have,0
14891,vpNC1qM_cCE,Ajju Bhai 😈😈😈😈😈😈😈😈😈😈😈😈😈😈😈😈,0
14893,vpNC1qM_cCE,OP ajjubhai,0
14896,vpNC1qM_cCE,hii Ajju bhaiya,0
14897,vpNC1qM_cCE,Amit bhai op ❤❤,0
14898,vpNC1qM_cCE,itz__anxh__302,0
14899,vpNC1qM_cCE,Smarty Bhai 😅,0
14901,vpNC1qM_cCE,Ajju bhai ka fan Hoon subscribe bhi karta hoon,0
14902,vpNC1qM_cCE,Parthop93-Yeh Rahi Meri id mere ko Koi To bandal gift karo,0
14903,vpNC1qM_cCE,Bhaiya 2 awm leke khela hotho hota tooo,0
14904,vpNC1qM_cCE,Bhaiya emote to bikhai nahi,0
14907,vpNC1qM_cCE,Ajju chapri,0
14908,vpNC1qM_cCE,Bhaiya aapane Jo Instagram mein vah bheja tha na redem code bheja tha na aapane mere ko de diya bus aur randi kaise claim karte Hain vah mere Ko nahin aata please bata do,0
14909,vpNC1qM_cCE,Daddy calling ka level kitna hai 😅,0
14910,vpNC1qM_cCE,Ajju bhai94❤❤❤❤❤❤❤😅😅😅😊😊😊😊😢😢😢❤❤,0
14911,vpNC1qM_cCE,Bahut acha khela ap ne 🤩🤩🤩,0
14912,vpNC1qM_cCE,Amit bhai ka bahut mast tha,0
14913,vpNC1qM_cCE,Kon kon 2024 me dekh rha hai,1
14914,vpNC1qM_cCE,Koi scripted nahi bolenga 😅😂,0
14915,vpNC1qM_cCE,Ajjubhai ap chupke se smoke grenade maro apko koi nahi dekh payenge na munnabhai aur na Amit Bhai 🤣🤣😁😁,0
14916,vpNC1qM_cCE,Aja 1vs1🗿🗿🙏,0
14917,vpNC1qM_cCE,Hm dekh rhe he😂,0
14920,vpNC1qM_cCE,Bhai only Desert Challenge Karo CS Me 😢😅,0
14922,vpNC1qM_cCE,Colour change ho jaane wala wall screen dilwado,0
14923,vpNC1qM_cCE,Colour change hone wala gloo wall diwado,0
14926,vpNC1qM_cCE,app mujhe friend rikvest bhejo aap ko chelenge he on li 1tap,0
14927,vpNC1qM_cCE,ajjubhai aap itne pro ho to mere sath game khelo mere uid 2992514672 aajju bhai aap ko chelleng,0
14928,vpNC1qM_cCE,Aaja only one way 1vs1,0
14929,vpNC1qM_cCE,Ajju bhai ap payal gaming se shadi karlo I'm big fan please ajju bhai wife payal gaming 😊❤,0
14930,vpNC1qM_cCE,Ajju Bhai apki sapno ki rani hai payal gaming ❤😊😈😎🇮🇳💙🥰😘😍💋,0
14931,vpNC1qM_cCE,Kya tum log pc player ho,0
14932,vpNC1qM_cCE,Ma ajjubhai ko 2024 me dhake rha hu old is good😢😢,0
14934,vpNC1qM_cCE,Ajju bhi mugha hippop bandal da do,1
14936,vpNC1qM_cCE,AJJU BHAI FREE fire In india kab AYEGA,0
14937,vpNC1qM_cCE,Who is from 2024 November 1,1
14941,vpNC1qM_cCE,Ajju bhai mere bhi friend request utha lo na,0
14942,vpNC1qM_cCE,Mara saat custom lagao,0
14943,vpNC1qM_cCE,Jesus ko lag raha hai jo bhai log ho chuke hain vah mere comment ko like karen,0
14944,vpNC1qM_cCE,Vah bande bhi noob aur tum bhi,0
14945,vpNC1qM_cCE,Ajju bhai tum donon jab main tumhen restore se karke dikhao custom,0
14946,vpNC1qM_cCE,😂Munna no bada hai usko khilana hi nahin chahie tha Tum donon Hi Jita dete Ajju bhai Amit bhai ❤❤❤❤,0
14948,vpNC1qM_cCE,OP gameplay ajju bhai,0
14949,vpNC1qM_cCE,Muna is nubAjubai is paro,0
14950,vpNC1qM_cCE,You are awm king  always,0
14952,vpNC1qM_cCE,Legandry players,0
14953,vpNC1qM_cCE,I Love you ajjubhai,0
14954,vpNC1qM_cCE,Kon kon 2024 me dekh rah hai 😂,45
14956,vpNC1qM_cCE,Old  Ajjubhai back,0
14957,vpNC1qM_cCE,Legen watching in 2024,0
14958,vpNC1qM_cCE,Aaj aacha bhaiya ko bol rha hu,0
14961,vpNC1qM_cCE,Ooooo dkbose,0
14962,vpNC1qM_cCE,Ajju bhai kya aapane 9 mahine mein ek milian subscriber kar Dale the,0
14963,vpNC1qM_cCE,Ajjau Bhai invite no,1
14964,vpNC1qM_cCE,Op Ajay Bhaiya💕💕💕💕💕💕💕💕💕💕💕💝💝💝💝💝,2
14965,vpNC1qM_cCE,Who is watching in 2024 when ajjjubhai face reveal has done ❤,4
14966,vpNC1qM_cCE,Ajju bhai accha khel rhe ho,0
14967,vpNC1qM_cCE,Im subscribe your channel op,1
14968,vpNC1qM_cCE,1v1😮‍💨😮‍💨😮‍💨😮‍💨😮‍💨,0
14969,vpNC1qM_cCE,Op ajju bhai,0
14970,vpNC1qM_cCE,Le Ajjubhai- beel ko baja do❌                       Belva ko baja do☑️🤣🤣🤣🫵🤣,0
14971,vpNC1qM_cCE,AJJU BHAI GIRLFRIEND 😂😂😂😂,1
14972,vpNC1qM_cCE,mujha ayasa kiu lag rha ha ka ya scripted ha aab wo 6 90+ lvl wala itna zyada game ka experience aur sirf 3 ligo ko nai hara pa rha,0
14973,vpNC1qM_cCE,how is watchiing in 2024,0
14974,vpNC1qM_cCE,Bhai me apka bahad bara fan hu mereko bi apke jaisa gemar banna he😊😊,0
14975,vpNC1qM_cCE,MUNNA BHAI VS AJJU BHAI (1 VS 1 GAMEPLAY)| GARENA FREE FIRE,0
14976,vpNC1qM_cCE,Apne id batao na,0
14977,vpNC1qM_cCE,Ajju bhai Mona bhabhi se shaadi Karan Arjun bhai please Ajju bhai aapki shaadi mein humko jarur bulana main rahata Maharashtra mein Datta Nagar kandari jila Nagpur mein rahata hun plot number 1415 Om palace mera naam hai Om Deepak dhoble,0
14979,vpNC1qM_cCE,Legends viewing this in 2024😂😂,3
14981,vpNC1qM_cCE,Noob daa ajju😂,0
14982,vpNC1qM_cCE,Face dikhaoAjjubhai❤❤❤❤❤,0
14985,vpNC1qM_cCE,Apka fen hu mere sath  free fire khelo na,0
14986,vpNC1qM_cCE,Thanks for 17 subscribe completed ❤🎉😊,0
14987,vpNC1qM_cCE,Mere sath khel lo ajju bhai meri uid hai 3164797990,0
14988,vpNC1qM_cCE,2024 me dekh ra hu 😢😢,0
14989,vpNC1qM_cCE,Kon kon is video ko 2024 m dekh rha h,3
14990,vpNC1qM_cCE,Tumko kyu nhi bulaya Carry Bhai ne tumhare toh itne hayada Subs h aur face reveal v kr rkha he .,0
14992,vpNC1qM_cCE,Ajju Bhai 👑,1
14993,vpNC1qM_cCE,Koi custom khelega,0
14996,vpNC1qM_cCE,KING OFF MUNNA BHAi GAMING 🔥🔥🔥🔥🔥,1
14997,vpNC1qM_cCE,1v1 costume challenge,0
15000,vpNC1qM_cCE,Ajjubhai94Uod,1
15001,vpNC1qM_cCE,Who is watching in 2029,12
15002,vpNC1qM_cCE,I love you ajiubhai you are may best free fire you are may inspiration 💞,0
15004,vpNC1qM_cCE,Amit bhai - ❌Zhandu baam - ✅. 😂😂😂😂😂😂😂😂😂😂,0
15006,vpNC1qM_cCE,Ajju bhai nice game ❤❤❤❤,0
15010,vpNC1qM_cCE,Mujhe ap se khelna he,0
15011,vpNC1qM_cCE,Ajju bhai aapane kya mast game play dikhaya aap apna,0
15014,zzwRbKI2pn4,"Isse ab yahi khatam karte hai mera hogye. Is vakt jo mujhe pyaar mila hai voh mein kabhi nhi bhulunga iske liye shukriya shabd bohot chota hai ❤️Apan nhi rukenge, ab agle video ki tayari shuru 😈",1999671
15015,zzwRbKI2pn4,Dhruv is better than you?,0
15016,zzwRbKI2pn4,Bhai me 5y saal baad firse ye dekh raha hu❤,0
15018,zzwRbKI2pn4,Yalgaar part 2?,0
15019,zzwRbKI2pn4,Who watching on may 1 2026,0
15020,zzwRbKI2pn4,1 May 2026 ❤,0
15021,zzwRbKI2pn4,Kahbhi nhi buhulunga❤❤❤️‍🩹,0
15023,zzwRbKI2pn4,Anyone 30 April 2026,0
15024,zzwRbKI2pn4,Play Aisi kaun Se Khan si Kahani Hai Jo Sabko Suni Hai,0
15026,zzwRbKI2pn4,who watching is 2026,0
15028,zzwRbKI2pn4,After almost 6 years and this masterpiece is still W,0
15029,zzwRbKI2pn4,Vah vah carry minati achcha gana banaya tune 2026 aur gana achyalgaar thara Bhai Joginder Bharosa nahin hai isliye Bharosa mat rakhna iske upar kabhi bhi kuchh bhi kar sakte aur naye naye gane banana han theek hai aur acche banana Aisa banana acche acche mere ko Aisa mat banana kaise agar jismein mere ko bekar lagega Na usmein main comment karunga kuchh bhi comment kar dunga FIR boliye comment kar diya kya comment comment comment vah comment kar diya vah comment kar dijiye comment karunga mujhe Jo mere ko karna ho to main comment karna main karunga bolo kya ho gaya thara Bhai Joginder bavander Jo laya hai Na vah tujhse kuchh jyada boundary layer tere ko to pura thara Bhai Joginder se bhi famous Ho jaega to famous isase achcha to acche gana banaa aur band Ho to kuchh jyada hila jisse uske thara Bhai Joginder ki sorry sorry thara Bhai Joginder ki dhara bhai aur yah to tumhen thara Bhai Joginder ke bavander thara Bhai Joginder ka koi Bharosa nahin hai kuchh bhi kar sakta hai aur thara Bhai Joginder kela tere ko Puri han I subscribe kar dunga theek hai,0
15030,zzwRbKI2pn4,Who played in 2026,1
15031,zzwRbKI2pn4,Anyone 30 April??,2
15032,zzwRbKI2pn4,"⠀⠀⠀⠀⠀⣰⣿⣿⣿⣿⣿⣿⣿⣿⣿⣦⡀
⠀⠀⠀⢀⣾⣿⣿⣿⠿⠿⠟⠻⠿⢿⣿⣿⣿⡆
⠀⠀⠀⢰⣿⣿⡿⠂⠀⠀⠀⠀⠀⠀⠈⠉⢻⡇
⠀⠀⠀⠈⠿⣿⣇⣠⠤⠤⠤⢤⣀⣤⠤⠤⣺⡏
⠀⠀⠀⠀⠐⢉⣯⠹⣀⣀⣢⡸⠉⢏⡄⣀⣯⠁
⠀⠀⠀⠀⠡⠀⢹⣆⠀⠀⠀⣀⡀⡰⠀⢠⠖⠂to
⠀⠀⠀⠀⠀⠈⠙⣿⣿⠀⠠⠚⢋⡁⠀⡜ kaise
⠀⠀⠀⠀⠀⠀⢸⠈⠙⠦⣤⣀⣤⣤⡼⠁ hain
⠀⠀⠀⠀⠀⢀⡌⠀⠀⠀⠀ ⠉⢏⡉ aap log
⠀⠀⠀⣀⣴⣿⣷⣶⣤⣤⣤⣴⣾⣷⣶⣦⡀
⢀⣴⣿⣿⣿⣿⣿⣿⣿⣿⣿⣿⣿⣿⣿⣿⣿⣄",5
15033,zzwRbKI2pn4,2028 apr 30,2
15034,zzwRbKI2pn4,Anyone Watching On July 3:12 ❤,2
15035,zzwRbKI2pn4,Laura carry,1
15036,zzwRbKI2pn4,Anybody in 2026 ❤,1
15037,zzwRbKI2pn4,Youtube ki besti youtube he sun rehe 😂😂,1
15039,zzwRbKI2pn4,onle 2026 / 4 /29,2
15040,zzwRbKI2pn4,Anyone 2026?❤,1
15041,zzwRbKI2pn4,I am watching for motivation,0
15042,zzwRbKI2pn4,Bhai shab rap😮😮🔥🔥🔥🔥,1
15044,zzwRbKI2pn4,Carry  minati   you   are  my   small  brother  I  am  going  to meet   you  in the next  5  yearsand     then        I        will         show      you        this          comment            from           my account            and    then        you        can       remember       me               untill          then  stay                     in        peace                    I             will               come               to              protectyou                 and             I                      won't          let                  tell              anyone            a bad                thing          to                       you,0
15045,zzwRbKI2pn4,Carry  minati  is    youtube's   secret   teacher    he   is    teaching  you   all   from    his     jokes,0
15046,zzwRbKI2pn4,Carry   minati     is      a     good     youtuber,0
15047,zzwRbKI2pn4,Ye dhruv rathee h kya 2:07,0
15050,zzwRbKI2pn4,Inki bhuk bhi to maine ho mitani,0
15052,zzwRbKI2pn4,"Bro gived Death sentence to all roasters , who roasted him 💀💀💀💀",0
15053,zzwRbKI2pn4,Yalgaar hoi 🔥🔥🔥,1
15054,zzwRbKI2pn4,Anyone28 april 2026 😂❤,1
15055,zzwRbKI2pn4,Anyone on 28 april 2026 ?,1
15056,zzwRbKI2pn4,Kon kon 28/04/2026 mine sun rahe ho,1
15057,zzwRbKI2pn4,Yalgaar Unlimited,1
15058,zzwRbKI2pn4,Carryminati bhai kiski Roja Lage😂😂,1
15059,zzwRbKI2pn4,Principal par yalgar ho guys support me ❤️‍🔥❤️‍🔥❤️‍🔥❤️‍🔥❤️‍🔥,2
15061,zzwRbKI2pn4,Anyone on 28 april 202?,7
15062,zzwRbKI2pn4,DAMN THIS IS FIRE 🔥,5
15063,zzwRbKI2pn4,Today may watching,13
15064,zzwRbKI2pn4,Nice cool song🎉❤,2
15065,zzwRbKI2pn4,anyone on 29 April 2026 ?,181
15066,zzwRbKI2pn4,27 aprill 2026❤,2
15067,zzwRbKI2pn4,"Guys like this video, we need to pass 60m likes",2
15071,zzwRbKI2pn4,Man carry minati thara Bhai Joginder ke gane ka gana,2
15073,zzwRbKI2pn4,Anyone in 2027 this was a super hit😊,3
15074,zzwRbKI2pn4,kon kon 2027 me dakh rha hai,3
15075,zzwRbKI2pn4,Anyone from 2026😂,14
15076,zzwRbKI2pn4,Kon kon 2026 me dekh raha hai 😊😊😊,7
15077,zzwRbKI2pn4,2026 me kon kon sun rha ❤,8
15081,zzwRbKI2pn4,Legendry song,2
15084,zzwRbKI2pn4,who is watching in 2027,2
15086,zzwRbKI2pn4,Anyone Today ? 25 April 2026 🥸,4
15087,zzwRbKI2pn4,Wow sahi hai,2
15089,zzwRbKI2pn4,2026 me kon kon dekh raha hai ❤,1
15090,zzwRbKI2pn4,2026 25 april anyone 😢,2
15092,zzwRbKI2pn4,Abhi kaun kaun sun raha hai 2026 main,0
15094,zzwRbKI2pn4,Spourt for flood relief’s,0
15095,zzwRbKI2pn4,Anyone 24 April 2026,1
15096,zzwRbKI2pn4,2:42 Dhruv Rathee 🤔,0
15097,zzwRbKI2pn4,Bro likes ☠️,0
15098,zzwRbKI2pn4,Anyone watching April 2026 ❤😀,0
15099,zzwRbKI2pn4,Laykin woo koon hai,1
15100,zzwRbKI2pn4,WHow lintening in head phones edit,1
15101,zzwRbKI2pn4,24 April 2026,2
15103,zzwRbKI2pn4,Ffffffffffff,0
15106,zzwRbKI2pn4,Anyone before neet 2026,1
15108,zzwRbKI2pn4,Any one here????in 2050🎉🎉,2
15109,zzwRbKI2pn4,Anyone 2026😢😢😢😢,4
15110,zzwRbKI2pn4,Any one 23 april 😮🎉 for exam result 🎉🎉🎉,8
15111,zzwRbKI2pn4,Too horror carry minat bhai,3
15112,zzwRbKI2pn4,when is new song comming,0
15115,zzwRbKI2pn4,Any one 23 april 😮🎉 for exam result 🎉🎉🎉,1
15118,zzwRbKI2pn4,Ae rupali part 2😢😢😢😢 0:29,0
15120,zzwRbKI2pn4,309 million views ☠️💀☠️,1
15122,zzwRbKI2pn4,Shivam vella kinnar button ✅,0
15127,zzwRbKI2pn4,But carry minati cartoon hai bhai,0
15128,zzwRbKI2pn4,22 april 2026,1
15129,zzwRbKI2pn4,Old vibes 🎉🎉🎉,0
15130,zzwRbKI2pn4,Bro is monster in 2020,1
15131,zzwRbKI2pn4,Full motivation song ❤❤❤,0
15134,zzwRbKI2pn4,last veiwer😢😮😊❤😂,3
15137,zzwRbKI2pn4,Mujhe 8th class me repeat karaya no rule fir 10th nomination nhi hua school fault fir t.c. 9th pass ki di 10th ki dena tha fir 9th pass kiya fir 10th fail hua yalgaar ho principal par justice for me i am half dead 😢😢😢😢😢😢😢😢😢😢😢😢😢😢😢😢😢😢😢😢😢😢😢😢😢😢😢,1
15139,zzwRbKI2pn4,Today anyone listening 🎧😊,0
15140,zzwRbKI2pn4,Any one 22 apr 2026,2
15141,zzwRbKI2pn4,Kab sunaoge kahani 🤨,0
15142,zzwRbKI2pn4,Anyone watching on 2026❤,1
15143,zzwRbKI2pn4,Who is watching today? 🙂,1
15144,zzwRbKI2pn4,2026 me bhi moj,1
15145,zzwRbKI2pn4,Who see it every day,2
15146,zzwRbKI2pn4,21 April 2026...Jabardast Song,1
15147,zzwRbKI2pn4,Success Story Of A Cringe Pop Artist was autobiographical i guess,1
15149,zzwRbKI2pn4,Anyone 21 april 2026😂😂,0
15152,zzwRbKI2pn4,Anyone watching on May ❤,0
15154,zzwRbKI2pn4,Anyone Watching after 21 April 2026 .?,0
15155,zzwRbKI2pn4,Most liked 🎉,3
15156,zzwRbKI2pn4,Hug de bhai,0
15157,zzwRbKI2pn4,Hai koi 2026 ko ?,6
15158,zzwRbKI2pn4,12/7/20/34 today ko kaun sun raha hai,2
15160,zzwRbKI2pn4,400 M soon🎉,2
15161,zzwRbKI2pn4,Anyone in 2026???❤,1
15162,zzwRbKI2pn4,394 cross 😈,1
15163,zzwRbKI2pn4,2026 Attendance...,20
15164,zzwRbKI2pn4,🐒2026 aprill,2
15165,zzwRbKI2pn4,Anyone 3026🙃,5
15167,zzwRbKI2pn4,Kon kon 2026 me dekh raha hai 😂,3
15168,zzwRbKI2pn4,Anyone watching in 2026😂😂😂,6
15170,zzwRbKI2pn4,40 kasa ho ap log,2
15172,zzwRbKI2pn4,"Yeh kahani hai jo sabko sunani hai,Sadne walon ki gaand marani hai 😂🎉Yeh kahani hai jo sabko sunani hai, Gadne walon ki gaand marani hai 😁🔥",1
15173,zzwRbKI2pn4,This song use in the big bull 🔥🖤,2
15174,zzwRbKI2pn4,wallahi quit music,0
15175,zzwRbKI2pn4,18 million likes,0
15176,zzwRbKI2pn4,Bro 6 year Baad Sun raha ❤,1
15178,zzwRbKI2pn4,Any wear in 2026 April,6
15179,zzwRbKI2pn4,18m likes😮😮😮,0
15182,zzwRbKI2pn4,400M ho gaya,0
15185,zzwRbKI2pn4,Bhai ajj Achanak A Video Video Raat Ke 12.7 Me Ajj Date Hai 18 4 26 Crazy Hai Bhai,1
15187,zzwRbKI2pn4,2026 attention 😅😂,0
15188,zzwRbKI2pn4,Savita bhabhio:................................................................................ ..      .  . .      .    .  . . .  . .  .. . . . . . .. . . .  ......          .. Me me m,1
15189,zzwRbKI2pn4,anyone in 2026 date 17.04.2026 attendence 👇,21
15190,zzwRbKI2pn4,Anyone 17 april,4
15193,zzwRbKI2pn4,Goat Carry Minati Bahi Goat,0
15194,zzwRbKI2pn4,It's 2026 ❤,1
15196,zzwRbKI2pn4,Anyone see 17 april 2026😅,3
15197,zzwRbKI2pn4,Ajey Nagar ❌ Yo Yo CarryMinati ☑️,2
15198,zzwRbKI2pn4,LoL 😂😆 nonsense words😅,0
15200,zzwRbKI2pn4,Any one on April 00:06😂,1
15201,zzwRbKI2pn4,Anyone here in 2026,0
15202,zzwRbKI2pn4,bossssssssssssssssssss subsribe kar diya hain  love from pakistan,0
15203,zzwRbKI2pn4,Yo superstar I m real indian i  to be Indian 🙏🏽💯🇮🇳🚩🚩🦚,0
15204,zzwRbKI2pn4,dg banjara samaj ke liye kya karen jab tak ki hai ki is tarah se kya hoga yah to kya hua jo bugget friendly room uuo hai kya yah sambhav nahi 😂😂😂😂😂😂😂😂😂😂😂😂😂😂😂😂😂😂😂😂😂😂😂😂😂😂😂😂😂😂,0
15205,zzwRbKI2pn4,This video has 18 Million likesKing for a reason,0
15206,zzwRbKI2pn4,I will crack NEET exam and AIR 1 in 12th class because I am not satisfied by my 10th class result in which i scored only 90% due to CBSE unfair checking and i expected 100% my dream to get AIR 1 in 10th class but 🙂 Let's you will see my prime in those 3 years 👀 I am ready for this comeback ❤,1
15207,zzwRbKI2pn4,I love you 💗😘😘😘💗💗💗💗😘💗😘💗💗💗,0
15208,zzwRbKI2pn4,Bhi maja he Aya Gaya 😂😂😂😂😂😂😂😂😂😂😂,1
15209,zzwRbKI2pn4,16 APRIL 2026 ❤,9
15210,zzwRbKI2pn4,Here after samay's still alive video kyunki carry ki comeback yaad aa gayi thi😂😂,1
15211,zzwRbKI2pn4,18 M like 😮,1
15212,zzwRbKI2pn4,😮😂😂😂😂😂😂❤❤😮😅hkgj,0
15213,zzwRbKI2pn4,Who want's Carry to be in his 2020 prime☠️,1
15216,zzwRbKI2pn4,Still getting goosebumps bhai salute to carry bhai,0
15217,zzwRbKI2pn4,Any one l9 April 😂😂,0
15218,zzwRbKI2pn4,Form Bangladesh ❤,1
15219,zzwRbKI2pn4,I am Indian comedy creator hu,1
15220,zzwRbKI2pn4,Bhai log sabhiblog milkar support karo carry bhai ko,2
15221,zzwRbKI2pn4,Part time sigger,1
15223,zzwRbKI2pn4,any one in 2026 ???,2
15226,zzwRbKI2pn4,Spider 🕷  run.,0
15227,zzwRbKI2pn4,Carry  Minate a legend a goat,0
15230,zzwRbKI2pn4,Who are watching in 16 April 2026😅,3
15231,zzwRbKI2pn4,0:08 to kese hai aap log alg hi aura hai💀☠️👿😈,2
15233,zzwRbKI2pn4,Most overrated song ever,0
15234,zzwRbKI2pn4,That fast forward was something else.,0
15235,zzwRbKI2pn4,319M views it is insane,0
15236,zzwRbKI2pn4,maza aa gayacarry bhai one more ais song banao,1
15238,zzwRbKI2pn4,2:42 dhruv rathee,0
15239,zzwRbKI2pn4,Kon kon 2026 mei Dekh raha,0
15241,zzwRbKI2pn4,Last ma kissing seen bout best tha,2
15242,zzwRbKI2pn4,Anyone 14 April 2026😂😂,5
15243,zzwRbKI2pn4,Big Fan Carryminati ❤❤❤,1
15244,zzwRbKI2pn4,Anyone 14 Apr2026,1
15245,zzwRbKI2pn4,Sabse bakwas gana😅😅😅😅😅😅😅😅😅😅😅😅😅😊😊,0
15246,zzwRbKI2pn4,Anyone 14 April 2026 😅,4
15247,zzwRbKI2pn4,Hiii come 😊😮😂😅❤😅😮😂😂😅😅❤😅❤😅,0
15248,zzwRbKI2pn4,Anyone 2028,0
15249,zzwRbKI2pn4,Like button for druv rathi😅😅,0
15250,zzwRbKI2pn4,Anyone 15 April 2026😂,1
15251,zzwRbKI2pn4,Kon kon 2026 me dekh rha h 😱🤔,1
15252,zzwRbKI2pn4,Kon kon Sntagram par sun kar a rha h 🙄😅,1
15253,zzwRbKI2pn4,Anyone 14 april 2026,6
15254,zzwRbKI2pn4,Anyone at 14 april 2026,1
15255,zzwRbKI2pn4,True motivation...🙏👍 Love u carry bro,1
15256,zzwRbKI2pn4,Anyone in 15 April 2026,0
15257,zzwRbKI2pn4,Bhai ye song bass mai bajane ka aalag hi majja hai,0
15260,zzwRbKI2pn4,Anyone 14 April 2026,2
15261,zzwRbKI2pn4,Anyone 14 April 😅,1
15263,zzwRbKI2pn4,cant believe ki ise 5 saal hogye.,2
15264,zzwRbKI2pn4,Anyone 13 april inha lagtq ha ma ak fakeer ho 😂,0
15266,zzwRbKI2pn4,13 april 2026,1
15267,zzwRbKI2pn4,Ha bro 22026,0
15270,zzwRbKI2pn4,2026 koyi he,1
15271,zzwRbKI2pn4,Yo yo yo 😎😎🤟🤟🤘🤘,2
15273,zzwRbKI2pn4,Anyone in 13 apr 8.15am,3
15274,zzwRbKI2pn4,ANYONE IN 2026,0
15275,zzwRbKI2pn4,400 m Cross 🤞❤,0
15276,zzwRbKI2pn4,Anyone 13 april 2026😂😅,3
15278,zzwRbKI2pn4,400 milion soon☠️,1
15279,zzwRbKI2pn4,Very baddasssss vibe,1
15280,zzwRbKI2pn4,Best song of the world ❤❤,1
15281,zzwRbKI2pn4,Youtuve vs tiktok yaad aa gya..So yeh sunne aa gya😅😅 Anyone in 2026 like me 😊,1
15282,zzwRbKI2pn4,5 years but vibes still fire 🔥🔥,3
15283,zzwRbKI2pn4,Bc motivation aa jata isse sun kr,2
15285,zzwRbKI2pn4,Anyone 22 April 2026 😅😅,254
15286,zzwRbKI2pn4,Kolkata city boy real kartik,1
15287,zzwRbKI2pn4,anyone 12 April 2026😂,2
15288,zzwRbKI2pn4,Biggest Collab in YouTube history 👿🗿🗿🗿☠️☠️☠️☠️,1
15289,zzwRbKI2pn4,Anyone 13 April 2026,1
15290,zzwRbKI2pn4,Anyone 12 April 2026😅,3
15291,zzwRbKI2pn4,Anyone 11april,2
15292,zzwRbKI2pn4,Anyone 12 April 2026,1
15293,zzwRbKI2pn4,11 April 2026 Gang 🐐😂,3
15294,zzwRbKI2pn4,FIX BEDROCK MOJANG,1
15295,zzwRbKI2pn4,Anyone 12 April 2026😂😂,1
15296,zzwRbKI2pn4,Sidu moose wala ki tarah banao any ways good i like it.❤,1
15297,zzwRbKI2pn4,2026 april 12 dawnload karne aya hu new phon..,1
15298,zzwRbKI2pn4,Bruh It was 5 years ago 🤯I am getting old 😢,1
15299,zzwRbKI2pn4,yo can anyone remind the whole situation of what happened in the past cuz i forgot?,1
15300,zzwRbKI2pn4,Abhi koi hai,5
15301,zzwRbKI2pn4,2026 pargent 🎉,1
15302,zzwRbKI2pn4,anyone in 11 april,2
15303,zzwRbKI2pn4,Carry minati roast kareyga namaste,1
15304,zzwRbKI2pn4,Anyone watchi in 2026 april,1
15305,zzwRbKI2pn4,I m on 11 april,0
15306,zzwRbKI2pn4,Anyone 11 April 2026???🎉,2
15308,zzwRbKI2pn4,Op angry song bhai,1
15309,zzwRbKI2pn4,Carryyyyyyyyyyyyyyyyyy,2
15310,zzwRbKI2pn4,2:42 Druv Bhai 🥳 ❤5yr ago carry minati😮😮,3
15311,zzwRbKI2pn4,anyone in 2026?,6
15314,zzwRbKI2pn4,Enyone 11 April 2026😂😂,1
15316,zzwRbKI2pn4,Arp 11 Breakup ho gaya,2
15317,zzwRbKI2pn4,Anyone in 11th april?,5
15318,zzwRbKI2pn4,Anyone on 11 april? 😅❤,1
15319,zzwRbKI2pn4,Anyone 11 April 😂😂,1
15320,zzwRbKI2pn4,Any one 11 April,2
15321,zzwRbKI2pn4,391m view carry king 👑,0
15322,zzwRbKI2pn4,Comment section ❌ calender ✅,3
15323,zzwRbKI2pn4,anyone 11 april 2026😂,1
15324,zzwRbKI2pn4,10 April 2026,2
15326,zzwRbKI2pn4,Is any one from earth 🌎,2
15327,zzwRbKI2pn4,Hello bro assalamu alaikum,2
15328,zzwRbKI2pn4,Anyone 9 april 2026 😂💮🌼😂,2
15329,zzwRbKI2pn4,Anyone in 11th April?,2
15330,zzwRbKI2pn4,Anyone 10-11 April,2
15332,zzwRbKI2pn4,anyone 10 April 2026 😂😂,158
15333,zzwRbKI2pn4,Dhruv ratthi ko roast kara😂,0
15334,zzwRbKI2pn4,All this record likes,0
15335,zzwRbKI2pn4,anyone in 10 april???????????,0
15336,zzwRbKI2pn4,Anyone in April 10,0
15337,zzwRbKI2pn4,Any one April 10!,0
15338,zzwRbKI2pn4,Anyone in 10 April ?,0
15340,zzwRbKI2pn4,Feb 2026 ❤️,0
15341,zzwRbKI2pn4,Lag raha hai ki muth mar raha hai,0
15342,zzwRbKI2pn4,10th April 2026 attendence ?,0
15343,zzwRbKI2pn4,Any one in 10th April?,0
15344,zzwRbKI2pn4,2026 se kon kon dekh rha hai?,0
15345,zzwRbKI2pn4,10 apr 2026 ❤❤❤❤❤,0
15347,zzwRbKI2pn4,Anyone in 10 april?,1
15349,zzwRbKI2pn4,Anyone at 10 april😅,4
15350,zzwRbKI2pn4,Downfall song of tiktok and my career 😭 raat din yahi gaana sunta tha. Exam me lode lg gye the,0
15351,zzwRbKI2pn4,Any 10 april ❤,0
15352,zzwRbKI2pn4,😢Maa Kasam jisne Comment ko like Nahi Kiya Wo pakka exam Fail ho Gaya😂,0
15353,zzwRbKI2pn4,Anyone in 10 April?,0
15354,zzwRbKI2pn4,Anyone in 10 april ?,0
15356,zzwRbKI2pn4,It's time for the New Indian Revolution!🔥🔥,2
15357,zzwRbKI2pn4,Even After 5 years the vibe is same,0
15358,zzwRbKI2pn4,Me in 9 april,0
15359,zzwRbKI2pn4,The legend 😢,0
15360,zzwRbKI2pn4,Carry Aura 🔥🔥💥 18M likes ☠️📈🔥💥,0
15361,zzwRbKI2pn4,April 2026 9th watching,0
15362,zzwRbKI2pn4,Kuan ise 2030 mai delh raha,1
15363,zzwRbKI2pn4,Bhaiiiii sahab..... Sunte sunte lagta h ki aise kadi mehnat kr daalu ki saale rishtedaaron ko ye song laga ke tag kr du aur mast mast likhu..... 😈💀💀Pura aura+ hone lagta h bhaiiiii.....,0
15364,zzwRbKI2pn4,"Anyone here after Samay Raina ""I'm still alive""..... Same vibes bro 🤘❤️",2
15365,zzwRbKI2pn4,Anyone watching yalgaar after watching Samay Raina's still alive?,2
15366,zzwRbKI2pn4,Kon kon 09.04.2029 ko sun raha hai😂,2
15367,zzwRbKI2pn4,anyone in 9 april?,208
15368,zzwRbKI2pn4,Any one in loop,0
15369,zzwRbKI2pn4,Song ❌ motivational. Bro ✅ ❤❤😊,1
15370,zzwRbKI2pn4,Anyone in 2026?,3
15371,zzwRbKI2pn4,Sale me to tere big wala fan hu ☠️,2
15372,zzwRbKI2pn4,2:06 second Dhruv rathi ko bhi pel diya😂,2
15375,zzwRbKI2pn4,Bhai yah kaisa song hai bhai isse acha to techno gamer ka song achcha hai yaar 🤮🤮🤮🤮🤮🤮🤮🤮🤮🤢🤢🤢🤢🤢🤢👎👎👎👎👎👎👎👎,0
15377,zzwRbKI2pn4,Anyone in April 2026 🔥🔥,1
15378,zzwRbKI2pn4,"anyone, in April 2026?😅",1
15379,zzwRbKI2pn4,Motivation ❤❤❤❤,1
15380,zzwRbKI2pn4,Song nahi .....motivation.....%❤.,2
15382,zzwRbKI2pn4,who is here in 2026 attendance--------->>>>>>>>,2
15384,zzwRbKI2pn4,Any one in 2026,0
15385,zzwRbKI2pn4,Anyone watching on 7 April,2
15386,zzwRbKI2pn4,Maza hi aa gaya bro...,0
15388,zzwRbKI2pn4,7April2026 Watch,1
15389,zzwRbKI2pn4,7April2026 Watch,1
15391,zzwRbKI2pn4,Anyone watching on 7 april 👇,1
15392,zzwRbKI2pn4,Who are in april😅🎉congrats🎉👎,0
15393,zzwRbKI2pn4,once a time hacker dissed the developer,0
15394,zzwRbKI2pn4,hacker dissed the developer,0
15395,zzwRbKI2pn4,Haye rabba 5 years ho gya ❤❤,0
15396,zzwRbKI2pn4,Jisko yalgaar song achcha lagta hai like karo,1
15397,zzwRbKI2pn4,Yalgeer ho ❤,1
15398,zzwRbKI2pn4,Anyone 2026 April😂,0
15399,zzwRbKI2pn4,why this is coming to me at 2026?,0
15400,zzwRbKI2pn4,Who is in April 2026😊,0
15401,zzwRbKI2pn4,TikTok se kon kon aaya hai😂😂😂,0
15402,zzwRbKI2pn4,7 th April 2026 Today 😅,1
15403,zzwRbKI2pn4,Anyone 2026 😂😂,0
15405,zzwRbKI2pn4,Dhruv rathi 😂,0
15408,zzwRbKI2pn4,anyone watching in april,2
15409,zzwRbKI2pn4,anyone watching it after 7 april,4
15410,zzwRbKI2pn4,Anyone 2026,0
15411,zzwRbKI2pn4,Anyone watching in 6 April 2026,0
15412,zzwRbKI2pn4,Anyone watching in 6 April 2049 😂😅,0
15415,zzwRbKI2pn4,Anyone watching in 6th April 😅,0
15416,zzwRbKI2pn4,Everyone is 2026 😢😢😢😢😂😂😂😂,0
15418,zzwRbKI2pn4,I am watching 6april 2026,0
15419,zzwRbKI2pn4,Anyone after Mitha momos 😂😂😂,2
15420,zzwRbKI2pn4,0:11    6 April ko kaun kaun dhekh rha hai,2
15421,zzwRbKI2pn4,Anyone 6 aprill,2
15423,zzwRbKI2pn4,roasting youtube on youtube📈,1
15424,zzwRbKI2pn4,this was best,0
15426,zzwRbKI2pn4,Kya hai ya ?,0
15428,zzwRbKI2pn4,Anyone in 5 April 2026 ❤️,0
15429,zzwRbKI2pn4,5 april 2026❤,1
15430,zzwRbKI2pn4,legends who are watching in 2026👇,1
15431,zzwRbKI2pn4,Talha Anjum is the best rapper of Asia . ❤❤❤,0
15432,zzwRbKI2pn4,Carry roast chicken 🍗 karega,0
15433,zzwRbKI2pn4,I am sad wale channel per dalunga jass manak copyright maar Diya to please copyright wapas le lo please chhota creator vah to 72 subscribers please kab se mehnat karo please bhai aisa to mat karo yaar carry minati bahut bade youtuber please,0
15435,zzwRbKI2pn4,YouTube ko rost 😁,0
15436,zzwRbKI2pn4,Op song bhai😮😮,1
15437,zzwRbKI2pn4,Anyone watching in 5th April😅,2
15438,zzwRbKI2pn4,Anyone still listen this banger in 2026,5
15439,zzwRbKI2pn4,I se 5 year 😂🎉,1
15440,zzwRbKI2pn4,2026 genz koi h idhar ATTENDANCE LAGAO,7
15441,zzwRbKI2pn4,Anyone 4th April,7
15443,zzwRbKI2pn4,4th APR 26😂,2
15444,zzwRbKI2pn4,here after 6 yearsssssss used to memorize it and flex infront of it in school infront of freinds,0
15445,zzwRbKI2pn4,I see you brother 😈😈😈🔥🔥🔥💯💯❤️‍🔥❤️‍🔥💪💪🫶,0
15446,zzwRbKI2pn4,Anyone in may 😅😂,1
15447,zzwRbKI2pn4,Anyone watching on 4th April 2026👇,0
15448,zzwRbKI2pn4,Anyone 2026😅,1
15450,zzwRbKI2pn4,5 april wale like karo😅,1
15451,zzwRbKI2pn4,Motivation on fire 🔥 truly on veins 💪,0
15452,zzwRbKI2pn4,YALGAAR HOO 🔥🔥☠️,18
15457,zzwRbKI2pn4,Use poltics west bengal in against tmc😂,0
15458,zzwRbKI2pn4,Anyone watching 2026 ...,3
15459,zzwRbKI2pn4,Anyone watching 4 April,2
15460,zzwRbKI2pn4,Anyone watch in 2026😂😂,0
15461,zzwRbKI2pn4,Anyone in 4th April 😑,3
15462,zzwRbKI2pn4,Anyone watching in 4th april😅,6
15463,zzwRbKI2pn4,Kon kon es ko 2026 ma sunnn raha hu,1
15464,zzwRbKI2pn4,Anyone watching in 4th April 2026,8
15465,zzwRbKI2pn4,ANYONE ON 3RD APRIL 2026,2
15466,zzwRbKI2pn4,Anyone in april 2026😂😂😂,1
15467,zzwRbKI2pn4,Anyone watching in 4th april 🤓🖐️ 2:05,4
15468,zzwRbKI2pn4,Anyone one april 2026 😂😂,2
15469,zzwRbKI2pn4,Bhai please aup ka song 😊,1
15470,zzwRbKI2pn4,Anyone watching in 4th April 😅,1
15471,zzwRbKI2pn4,Anyone in 2026,0
15472,zzwRbKI2pn4,Anyone watching in 4th april,3
15473,zzwRbKI2pn4,Anyone watch in 4 april😁😁,4
15474,zzwRbKI2pn4,Are youtube ki machod di yaar 😂,2
15475,zzwRbKI2pn4,Anyone in 2026😅😅😅😅,1
15476,zzwRbKI2pn4,Maja aa gaya 😂😂😅,1
15478,zzwRbKI2pn4,Sach bolta ha to ya dunia madarchot ha,0
15480,zzwRbKI2pn4,Hits different,0
15481,zzwRbKI2pn4,The Og Roaster,0
15482,zzwRbKI2pn4,Now rajsthan vlogs,0
15483,zzwRbKI2pn4,Anyone watching on 4th april,1
15484,zzwRbKI2pn4,Listening now 3 April....Need more song...carry Bhai ❤,1
15485,zzwRbKI2pn4,Anyone watching today😂🎉,1
15488,zzwRbKI2pn4,Back again 😌🙌,0
15490,zzwRbKI2pn4,3 April 2026 kon kon sun raha hai    aaj mera Birthday hai,3
15491,zzwRbKI2pn4,2026 anyone here....?❤,2
15492,zzwRbKI2pn4,Anyone watching in 3rd april😅,244
15493,zzwRbKI2pn4,Its going to be 10 years of youtube vs tiktok 🎉,1
15494,zzwRbKI2pn4,Ajj vale like kare,0
15495,zzwRbKI2pn4,Inki bhook bhi to mene hi mitani hai.,3
15496,zzwRbKI2pn4,Anyone watching on 02April 2026🥵,9
15498,zzwRbKI2pn4,Kon Kon Not your type Ki video dekh kr Aya hai yaha😂😂,2
15499,zzwRbKI2pn4,2 april 2026,2
15501,zzwRbKI2pn4,Good Song❤❤❤❤❤❤❤🎉,1
15502,zzwRbKI2pn4,SSR (SHUSHANT SINGH RAJPUT) KI DEATH OR YE GAANA 😢,0
15503,zzwRbKI2pn4,Kon kon 2026 mein dekh raha hai 😂,0
15504,zzwRbKI2pn4,Kitne log APRIL me kitne log sun rahe hai ye song 👍,0
15505,zzwRbKI2pn4,Any one watch on 2 April❤,0
15506,zzwRbKI2pn4,Come 🫴🏻 old player 🗿,1
15507,zzwRbKI2pn4,Anyone 2 April 2026,0
15508,zzwRbKI2pn4,Anyone watching in 2 April,1
15509,zzwRbKI2pn4,Ek like apni maa ki lambi umar ke liye❤❤,2
15510,zzwRbKI2pn4,391M views1.7M comments45.5M subs18M likesAnd lastly 500k comments like this which aren't liked,0
15511,zzwRbKI2pn4,legends watching Now...,4
15512,zzwRbKI2pn4,Anyone watching on 1st April midnight... #LoveFromPakistan #Yalgaar,1
15518,zzwRbKI2pn4,Anyone watching on 1 April,1
15519,zzwRbKI2pn4,Gana sunkar jis jis ko Goosebumps 😢A gaye sirf vah like Karega😮❤Gane Ne faad ke Rakh Diya😂,1
15520,zzwRbKI2pn4,Pura fayda utya Lockdown ka chu+tiye ne,0
15521,zzwRbKI2pn4,190m crossed✌,0
15522,zzwRbKI2pn4,April 2k26 ❤️‍🩹💀,2
15523,zzwRbKI2pn4,1 April attendance here 😅😂👇,3
15524,zzwRbKI2pn4,Anyone watching on 2 april,4
15526,zzwRbKI2pn4,Anyone watch on 1 April,34
15527,zzwRbKI2pn4,Anyone in 1 march,4
15528,zzwRbKI2pn4,after these many years i realised this song was a diss on youtube i thought it was on tiktok lol,3
15529,zzwRbKI2pn4,"""Victim card play karke khoon peena sahi"" THE LINES THAT BROKE THE RECORDS , YOUTUBE VS TIKTOK THE LEGENDARY BATTLE",0
15530,zzwRbKI2pn4,Bhai ab tak comment active hai,0
15531,zzwRbKI2pn4,Oh bhai literally 💀💀,1
15533,zzwRbKI2pn4,Anyone watching on 1 April ?,2
15534,zzwRbKI2pn4,Anyone watching 1st April 😊,15
15535,zzwRbKI2pn4,Pakdo mera haath aur kudo tum oochai se...❤,6
15536,zzwRbKI2pn4,"March 31, 2026 😂 this song never gets old 🔥🔥🔥🔥YALGAAR HO",2
15537,zzwRbKI2pn4,Who is watching in 2026 😂😂,2
15538,zzwRbKI2pn4,Anyone on 31st March? 2026,2
15539,zzwRbKI2pn4,Anyone watching in 1st april? ❤,4
15540,zzwRbKI2pn4,31March 2026😂,2
15541,zzwRbKI2pn4,SPEECH+LESS= CARRY MINATY,1
15542,zzwRbKI2pn4,Anyone 2026 march 😂,0
15543,zzwRbKI2pn4,2026 Wale attention ❤🎉,0
15544,zzwRbKI2pn4,2026 mein kaun kaun Yalgaar song Sun Raha Hai,0
15545,zzwRbKI2pn4,Anyone in 31 December 2026,0
15546,zzwRbKI2pn4,Ye March Kitna Lamba Hai Bhai 😂😂,0
15548,zzwRbKI2pn4,Anyone  watching in 31st march,1
15549,zzwRbKI2pn4,391M views18M likes1.7M commentsCarry is a legendary 🔥🔥🔥,1
15550,zzwRbKI2pn4,"391 million views, 18 million likes,1.7 million comments,5 years ago2026 March ☠️♥️🔥",1
15551,zzwRbKI2pn4,0:53 to 1:02 faad di yaar carry fan bana to is gane se Other countries have illuminati we have carry minati,0
15552,zzwRbKI2pn4,Anyone in 2026?????,0
15553,zzwRbKI2pn4,CRAZY MAN CRAZY ❤,0
15554,zzwRbKI2pn4,Koe yha pr  32 march 2026 vala hai kya,0
15556,zzwRbKI2pn4,Anyone  in march 31,0
15557,zzwRbKI2pn4,Song is ☠️☠️☠️☠️☠️☠️☠️☠️☠️☠️☠️☠️☠️☠️👑👑👑👑👑👑👑👑👑👑👑👑👑👑☠️☠️☠️☠️☠️☠️☠️☠️☠️,0
15558,zzwRbKI2pn4,Anyone in 31 March,1
15559,zzwRbKI2pn4,anyone watching on 31 march 😊,1
15560,zzwRbKI2pn4,Anyone in 31 march,1
15561,zzwRbKI2pn4,Anyone watching on 1April 😅❤,1
15562,zzwRbKI2pn4,Anyone watching on 30 march,1
15563,zzwRbKI2pn4,how in the hell does this have so many views ?,1
15564,zzwRbKI2pn4,Koi abhi hai kya,1
15568,zzwRbKI2pn4,Nice song carry bhi ❤❤❤❤❤,1
15569,zzwRbKI2pn4,Anyone watching on 31march 2k26 ❤,1
15570,zzwRbKI2pn4,march 31?anyone?,2
15571,zzwRbKI2pn4,YouTube vs TikTok 6 year anniversary celebration 🎉😅😅,1
15572,zzwRbKI2pn4,Wajatah❤❤❤❤❤,1
15574,zzwRbKI2pn4,Anyone on 31 march,3
15575,zzwRbKI2pn4,Anyone in 2026 april,2
15576,zzwRbKI2pn4,Anyone in 2026,2
15577,zzwRbKI2pn4,31 March ko aaj bhe yahi song sun raha hu,1
15578,zzwRbKI2pn4,Anyone March 31 😂❤,5
15579,zzwRbKI2pn4,Anyone watching on 31 march 🔥,6
15580,zzwRbKI2pn4,It’s nice😅🙏😆😆😆😂,2
15581,zzwRbKI2pn4,Anyone watch now,2
15582,zzwRbKI2pn4,Yoyo bantai rapper!!!🤘🏻,1
15583,zzwRbKI2pn4,31 March ko Kon kon dekh rhe ho Like this comment 😊 👇🏻👍🏻,2
15584,zzwRbKI2pn4,Anyone watch in 1 april 2026🔥,3
15586,zzwRbKI2pn4,Anyone watching this video 31 march,6
15587,zzwRbKI2pn4,Anyone watching on 31 march,0
15588,zzwRbKI2pn4,Anyone from 2026 march 30 😂😂,25
15589,zzwRbKI2pn4,30th March ❤,1
15592,zzwRbKI2pn4,Kon kon 2026 me dekh raha hai,2
15593,zzwRbKI2pn4,18 million like 😮🎉❤,3
15594,zzwRbKI2pn4,THIS WAS MY RINGTONE 5 YRS AGO😂🔥,4
15595,zzwRbKI2pn4,Anyone watching on 30 march,427
15598,zzwRbKI2pn4,To kisi or carry ❤,0
15599,zzwRbKI2pn4,17 lakh comments (power of carryminati),7
15600,zzwRbKI2pn4,Bhai full chapri level music unlocked 😂😂😂😂😂,1
15603,zzwRbKI2pn4,Play in 2x speed more vibe,0
15606,zzwRbKI2pn4,2026 mein hai koi..😅,5
15608,zzwRbKI2pn4,(March 30 2026) who else is here,0
15609,zzwRbKI2pn4,30 march? Hai koi,18
15610,zzwRbKI2pn4,30 march 2026,0
15611,zzwRbKI2pn4,Bhaiya aap unke liye khana thodi banaa rahe ho jo abhi bhookh mitaoge,0
15612,zzwRbKI2pn4,Random 1am night and i want to hear this,1
15614,zzwRbKI2pn4,2:06 anyone notice druv rathi😮,1
15615,zzwRbKI2pn4,Anyone watching in 2026😅,0
15616,zzwRbKI2pn4,👇 anyone on 2026,0
15618,zzwRbKI2pn4,2026 bale like thoko 👍🏻👍🏻👍🏻,1
15620,zzwRbKI2pn4,Anyone 2026😮,0
15621,zzwRbKI2pn4,2026 Ma Kon kon Hai...❤,0
15623,zzwRbKI2pn4,2026 GYES 🎉❤,0
15624,zzwRbKI2pn4,Anyone watching on 25 april ❤,0
15625,zzwRbKI2pn4,Hame bhi support kr lo bahiyon,0
15627,zzwRbKI2pn4,Anyone from  5 years.🎉     Like,3
15629,zzwRbKI2pn4,Like who watch this video in 2040,3
15630,zzwRbKI2pn4,Team who in 2027😅😅,2
15632,zzwRbKI2pn4,Team who in 2026 👇,67
15633,zzwRbKI2pn4,Bnm 0:18 0:19 0:19,0
15635,zzwRbKI2pn4,i am From Bangladesh,0
15637,zzwRbKI2pn4,Who is watching this in 2026,0
15639,zzwRbKI2pn4,2026 Attendance 😅😅,3
15640,zzwRbKI2pn4,Me watching in 2026,2
15641,zzwRbKI2pn4,Again on loop today . Dude u need to make more videos like this,0
15642,zzwRbKI2pn4,Anyone in 2026 27 march 💀💀💀💀💀,2
15643,zzwRbKI2pn4,Anyone in 2026?,1
15644,zzwRbKI2pn4,Ooooooooo❤😎😎😎😎😎😎😎😎😎😎😎👍👍👍👍👍👍👍👍👍👍👍👍👍👍👍👍👍👍👍👍👍👍👍👍👍👍👍👍👍👍👍👍😻😻😻😻😻😻😻😻😻😻☠️☠️☠️☠️☠️☠️☠️☠️☠️ 2:21 2:21 2:22 2:22 2:22 2:22 2:22,2
15645,zzwRbKI2pn4,27 MARCH 2026,0
15648,zzwRbKI2pn4,"Mai Odisha se hu, Dhenkanal district se",2
15649,zzwRbKI2pn4,Oh bhai mujhe ye gana bohot pasand aaya,1
15650,zzwRbKI2pn4,2026 march 28 ipl start,0
15651,zzwRbKI2pn4,Yalgaar ho Lekin teri bhen ka yaar mai ho😂😂😂,0
15652,zzwRbKI2pn4,Anyone watching on 2026,29
15653,zzwRbKI2pn4,Satanic ritual??Did he sold his soul??😰,0
15654,zzwRbKI2pn4,Who watching on march 😂2026👇🏻,2
15656,zzwRbKI2pn4,Anyone 2026 😅👉🏻👍🏻,1
15658,zzwRbKI2pn4,Anyone here 2026,0
15659,zzwRbKI2pn4,yade taje kardi tiktok vs king YT,0
15660,zzwRbKI2pn4,29 march anyone?,3
15662,zzwRbKI2pn4,Just imagine how many people are watching this video on everyday!!!,0
15663,zzwRbKI2pn4,Anyone watching on 27/03/2026 🤔??,0
15664,zzwRbKI2pn4,Nothing is impossible,0
15665,zzwRbKI2pn4,Anyone will watching this April 2026 🫀?,0
15666,zzwRbKI2pn4,2026----------like1,0
15668,zzwRbKI2pn4,26 march 2026,1
15669,zzwRbKI2pn4,Then : Cool songNow : I understand,0
15670,zzwRbKI2pn4,Anyone from 27 March ❤ 1:59,1
15671,zzwRbKI2pn4,2026 main kaun kaun sun rahe hain?,0
15672,zzwRbKI2pn4,Anyone from kanpur,0
15673,zzwRbKI2pn4,Who is watching this video on March 2026,0
15674,zzwRbKI2pn4,Mai 2026 march 26 ko dekha ye video,1
15676,zzwRbKI2pn4,"India popular like this cariminati song ,💀",0
15677,zzwRbKI2pn4,Yalgaar comics read karo,1
15679,zzwRbKI2pn4,Who saw in 26 April 😂 I am time traveler viral Hoye toh Batana ☠️,1
15680,zzwRbKI2pn4,Anyone watching in 2028? ❤️,1
15682,zzwRbKI2pn4,Anyone's in 26 march 🙃,2
15683,zzwRbKI2pn4,Anyone on 26 march 🙋‍♂️,6
15684,zzwRbKI2pn4,Anyone 2026❤,7
15685,zzwRbKI2pn4,Kon Kon  March 25,2
15686,zzwRbKI2pn4,For bograis,0
15687,zzwRbKI2pn4,Anyone here after karan Johar's parody,1
15688,zzwRbKI2pn4,25 march gym main,0
15689,zzwRbKI2pn4,GII OOOOOOOOOOOOOOOOOOOOOOOOOOOOOOOOOOOOOOOOOOOOOOOOOOOOOOOOOOOOOOOOOOOOOOOOOOOOOOOOOOOOOOOOOOOOOOOOOOOOOOOOOOOOOOOOOOOOOOOOOOOOOOOOOOOOOOOOOOOOOOOOOOOOOOOOOOOOOOOOOOOOOOOOOOOOOOOOOOOOOOOOOOOOOOOOOOOOOOOOOOOOOOOOOOOOOOOOOOOOOOOOOOOOOOOOOOOOOOOOOOOOOOOOOOOOOOOOOOOOOOOOOOOOOOOOOOOOOOOOOOOOOOOOOOOOOOOOOOOOOOOOOOOOOOOOOOOOOOOOOOOOOOOOOOOOOOOOOOOOOOOOOOOOOOOOOOOOOOOOOOOOOOOOOOOOOOOOOOOOOOOOOOOOOOOOOOOOOOOOOOOOOOOOOOOOOOOOOOOOOOOOOOOOOOOOOOOOOOOOOOOOOOOO,0
15690,zzwRbKI2pn4,Nice bhai 🎉,0
15691,zzwRbKI2pn4,I'm on 25 March,1
15692,zzwRbKI2pn4,"BROTHER CARRY MINATI ON TOP....,..❤❤❤❤❤❤❤❤❤❤❤❤❤❤❤❤❤❤❤❤❤",1
15693,zzwRbKI2pn4,Vibe same as vardan,0
15694,zzwRbKI2pn4,The roaster✖ the singer ✔,0
15695,zzwRbKI2pn4,Kya bat hain,0
15696,zzwRbKI2pn4,Anyone watching in 25 March ❤😅,0
15697,zzwRbKI2pn4,ny one in 2026❤,0
15698,zzwRbKI2pn4,400M Done ha pata ha comment karne ka jarori nahi. 🙂😁,0
15700,zzwRbKI2pn4,i was 12 when this was uploaded,0
15701,zzwRbKI2pn4,Yalgaar karenge 100 million Beast parodey k baad🎉🎉🎉,0
15702,zzwRbKI2pn4,March 25 🙌🏿,0
15703,zzwRbKI2pn4,Anyone in 25 March 2026🙃,1
15706,zzwRbKI2pn4,I'm On 25 March,91
15707,zzwRbKI2pn4,Anyone on 25 th March..?,2
15708,zzwRbKI2pn4,Legends watching this in 2026,1
15709,zzwRbKI2pn4,Youtube vs tiktok 7th anniversary celebration,0
15710,zzwRbKI2pn4,Tik tok Destroyer😂😂,0
15711,zzwRbKI2pn4,Anyone watch 25 march,0
15715,zzwRbKI2pn4,Does carry roast and talk about youtube 😅,0
15717,zzwRbKI2pn4,Anyone before the exam?,3
15718,zzwRbKI2pn4,Is gane Ko sunkar Maine confidence aaya aur meri 5th mein a ban gai,1
15719,zzwRbKI2pn4,Anyone in April 2026 😅😅,3
15724,zzwRbKI2pn4,25 march night' 2Am,1
15725,zzwRbKI2pn4,Anyone in 2026,0
15726,zzwRbKI2pn4,Carryyyyyy🎉🎉🎉🎉🎉,0
15727,zzwRbKI2pn4,I came here because right now because of my friends I lost my everything I believe my comeback will be so stronger I will fight till I can win inshallah,1
15728,zzwRbKI2pn4,Anyone watching on 24-3-2025👍❤️,1
15730,zzwRbKI2pn4,https://youtube.com/watch?v=J2OIFKcpD-w&lc=UgxmdrgqU6dJ4r_Ue_l4AaABAg&si=toaolNfPyfQ7GSNv,0
15732,zzwRbKI2pn4,Dhruv Rathe ko kis kisne notice kya hai👍🏻kare,1
15733,zzwRbKI2pn4,Once more 😍🔥🔥,2
15735,zzwRbKI2pn4,Anyone in 2026,1
15736,zzwRbKI2pn4,400 million cross,0
15737,zzwRbKI2pn4,Today is my birthday,1
15738,zzwRbKI2pn4,2026 attendance here ❤❤,1
15739,zzwRbKI2pn4,24/3/2026 Tuesday 🎉🎉🎉🎉🎉🎉🎉6.40.35 pmKausar ali dibani khas,2
15740,zzwRbKI2pn4,Nice pic ❤️❤️❤️❤️❤️❤️❤️🎉🎉🎉🎉🎉🎉,1
15743,zzwRbKI2pn4,Who warch in 2026,1
15744,zzwRbKI2pn4,"Anyone  2026,",1
15745,zzwRbKI2pn4,Kon kon  2026 me dekh raha hei like karo ❤,2
15746,zzwRbKI2pn4,Bhai dhruv rathee ko kab roast karoge,3
15749,zzwRbKI2pn4,Anyone 24 march 2026?❤,3
15750,zzwRbKI2pn4,Anyone 2026😂,7
15752,zzwRbKI2pn4,"Yalgar was turning point for carry, s carrier.",0
15753,zzwRbKI2pn4,Anyone on 24 march 2026😂,0
15754,zzwRbKI2pn4,Me watching on march 24😅,0
15755,zzwRbKI2pn4,The ever  fired  legend,0
15756,zzwRbKI2pn4,400 millions cross,1
15757,zzwRbKI2pn4,Big fann 😊😊,1
15759,zzwRbKI2pn4,Attendance plz😂,1
15760,zzwRbKI2pn4,Anyone Today.,1
15763,zzwRbKI2pn4,1:00 - The best line🎇🎇🔥,0
15764,zzwRbKI2pn4,1:00 - The best line🎇🎇🔥,1
15765,zzwRbKI2pn4,ooooooooooooo.  carryminati.   song,5
15766,zzwRbKI2pn4,Anyone watching on 2026,2
15769,zzwRbKI2pn4,Any one in 3 23 26❤,2
15771,zzwRbKI2pn4,Any one in 2027 ?,2
15772,zzwRbKI2pn4,Anyone Noticed Dhurv Rathee in this video 😂,6
15773,zzwRbKI2pn4,2:49 2026 waln attendance,2
15774,zzwRbKI2pn4,2026 attendence 👇👇,1
15775,zzwRbKI2pn4,Love from Pakistan ❤,0
15777,zzwRbKI2pn4,23 march 26,0
15778,zzwRbKI2pn4,Kon kon 2026 me dakh raha hai😂,1
15779,zzwRbKI2pn4,Kon kon 2026 pe sun rha hai😂😂,0
15780,zzwRbKI2pn4,Mai sun ta hu,0
15781,zzwRbKI2pn4,Anyone in 2026 😂,1
15782,zzwRbKI2pn4,Anyone 23 march ❤,0
15783,zzwRbKI2pn4,Mata Rani Ki Kasam Jo Subscribe Nahi Karega Wo Exam Me Pakka Fail 🥵🤣,1
15784,zzwRbKI2pn4,Anyone watching On 24 March 😎,2
15785,zzwRbKI2pn4,Abhi bhi aap log sunte ho kya 😅👇,1
15786,zzwRbKI2pn4,Anyone Watching On 23/03/2026 ❤,1
15787,zzwRbKI2pn4,Yeh like ka button nahi dikhra hai,1
15788,zzwRbKI2pn4,2026 kaun kaun ayya hai ?,1
15789,zzwRbKI2pn4,23 march 26 anyone,1
15790,zzwRbKI2pn4,Ab kon hi sunta hoga 😅,3
15791,zzwRbKI2pn4,Anyone in 2026,0
15792,zzwRbKI2pn4,Jo carry ki Mr. Beast parody dekhne ke baad aaye hai😂👇,0
15793,zzwRbKI2pn4,Any one on 23 March 2026 😂😂,4
15795,zzwRbKI2pn4,Watching in 2026😂😂,1
15796,zzwRbKI2pn4,Carryminati ❌ Emily ✅,1
15797,zzwRbKI2pn4,Carry Always on top ❤,0
15799,zzwRbKI2pn4,Ek aur comment still no response😢,2
15800,zzwRbKI2pn4,Ek time tha jab hum log is song ko cool samajh te the,3
15802,zzwRbKI2pn4,Anyone watching on 23 march  morning 7:32am,0
15804,zzwRbKI2pn4,This Song Music + Lyrics 🚀🔥,1
15806,zzwRbKI2pn4,Anyone 2026,2
15809,zzwRbKI2pn4,2:46 dhruv rathee be like : mujhe kyu toda 😂😂😂,1
15810,zzwRbKI2pn4,Anyone from 23rd march 2026,1
15811,zzwRbKI2pn4,Kon kon aj vi yeh gana sunta he..?like karen,2
15812,zzwRbKI2pn4,Then baccho pe right of copy....😂.pr bhai mai happy hu aapse pr.mera jhat jalta hai..bhujao na.,1
15813,zzwRbKI2pn4,Jab mujhe time milta Hai Main sunta hun❤❤❤❤,2
15814,zzwRbKI2pn4,Kon KON 2026 march ma dak RHA ha 😂😂,0
15815,zzwRbKI2pn4,5 years ago still listening in 22 March 2026 🔥,2
15816,zzwRbKI2pn4,Ab kon hi sunta hoga 😂,201
15817,zzwRbKI2pn4,Anyone here on 20 june,1
15818,zzwRbKI2pn4,Mkc.....aaj tak comment famous na hua kya aaj ho gya 😂😂,3
15819,zzwRbKI2pn4,2:42 Dhruv 🎉,0
15820,zzwRbKI2pn4,Big fan of carryminati❤❤,2
15821,zzwRbKI2pn4,Jai Mahakala 🙏😇,2
15822,zzwRbKI2pn4,Aaj Tak ❌ aane Wale cal Tak ✅,0
15823,zzwRbKI2pn4,Nice song from 2026,0
15825,zzwRbKI2pn4,Anyone in 2026,2
15826,zzwRbKI2pn4,Oooooooooooooooooooooooooooookkkkkkkkkkkkkkkkkkkkkkkkkkkkkk,1
15827,zzwRbKI2pn4,22 march wala koi hea Keya 😂,15
15828,zzwRbKI2pn4,Ajjj kon aya hai 🇮🇳💀👑,2
15829,zzwRbKI2pn4,2026 ma kon kon sub raha ha😅,4
15830,zzwRbKI2pn4,Anyone on March 2026 😂😂,2
15831,zzwRbKI2pn4,ho is in 2027,1
15832,zzwRbKI2pn4,Anyone  watching on 22 March 😂😂,1
15833,zzwRbKI2pn4,2026-3-22 anyone?,0
15835,zzwRbKI2pn4,❤❤❤❤ nice ❤❤,1
15836,zzwRbKI2pn4,Wow best song ever I heard,1
15837,zzwRbKI2pn4,Who is from 2027,1
15838,zzwRbKI2pn4,Kon kon 2030 me dekh raha he ❤,0
15839,zzwRbKI2pn4,Anyone in Eid 2026 😮,1
15840,zzwRbKI2pn4,Kon kon 2028 me dek rha h 😅,5
15842,zzwRbKI2pn4,2026 anyone,0
15845,zzwRbKI2pn4,To kaise hai app log,0
15847,zzwRbKI2pn4,Kon 2026 mar 21 maa deke raa hay subscribe karo muija 😂😂,0
15848,zzwRbKI2pn4,Whos watching this in 2026😁,0
15849,zzwRbKI2pn4,Anyone in 2026 march,0
15851,zzwRbKI2pn4,Views cross at 397 M,0
15852,zzwRbKI2pn4,Anyone watching On 1 March  ❤,0
15853,zzwRbKI2pn4,Me watching the day is 21 march,1
15854,zzwRbKI2pn4,Yes I am watching,0
15855,zzwRbKI2pn4,Everything in this video is in million,1
15856,zzwRbKI2pn4,Anyone in 2026,0
15858,zzwRbKI2pn4,Anyone 2026 attendance here bro ❤❤,0
15860,zzwRbKI2pn4,2026 wale attendance 😂😂,153
15861,zzwRbKI2pn4,Anyone in 2026,1
15862,zzwRbKI2pn4,391M views 🎉,1
15864,zzwRbKI2pn4,haters are cooked ☠,0
15866,zzwRbKI2pn4,400M Closs History just closs for Carry 🔥,0
15867,zzwRbKI2pn4,Bhai kisi.ne dhyan diya ho to.is 2:55 video mai Dhruva rathi  hai😂😮,1
15873,zzwRbKI2pn4,Boss come back 🤗❤️,1
15874,zzwRbKI2pn4,390+ m views18m likes1.7m comments😮😮😮wow,27
15875,zzwRbKI2pn4,"name is enough , not needed any special logo",6
15877,zzwRbKI2pn4,First comment,1
15878,zzwRbKI2pn4,Never abuse,1
15879,zzwRbKI2pn4,Shayad ye song abhi tak meri tarah kisi ke wachlist mei save hoga ❤,2
15880,zzwRbKI2pn4,Kon 21 march ko dekh raha hai,9
15881,zzwRbKI2pn4,😎 cool song,2
15882,zzwRbKI2pn4,0:43 bhai shab,2
15883,zzwRbKI2pn4,0:21 goosebumps,3
15885,zzwRbKI2pn4,Anyone  watching on 1st April ❤,1
15887,zzwRbKI2pn4,Toh kaise hai ap log 😊,0
15890,zzwRbKI2pn4,legends listening yalgaar in 2026,1
15891,zzwRbKI2pn4,2:05 German Shepherd ko peldiya bhai ne,2
15893,zzwRbKI2pn4,Koon koon 2026 main bhi suun raha hai😅😅,1
15895,zzwRbKI2pn4,Anyone watching 30 fabruary 😂,1
15898,zzwRbKI2pn4,Any one 18 marsh,1
15900,zzwRbKI2pn4,Love you bro,1
15904,zzwRbKI2pn4,Zooooooooooooooooooooooooo,1
15905,zzwRbKI2pn4,Motivational ka baaap❤❤😊,2
15906,zzwRbKI2pn4,kon kon 2026 me dekh raha hai,2
15907,zzwRbKI2pn4,You are a wonderful singer ❤😊,5
15908,zzwRbKI2pn4,watching on 17 march 2026,4
15909,zzwRbKI2pn4,Mere sath school ne galat kiya yalgaar ho guys ❤❤❤❤❤❤❤❤❤❤❤❤❤❤,4
15910,zzwRbKI2pn4,Still this songs hit different,2
15915,zzwRbKI2pn4,Bhai song ma gali nahi thi,4
15916,zzwRbKI2pn4,Insane❤‍🔥🔥🔥🔥🔥🔥🔥,5
15918,zzwRbKI2pn4,Anyone on 2026,3
15919,zzwRbKI2pn4,Superb. Song ❤❤,3
15921,zzwRbKI2pn4,This song will never get old❤,3
15922,zzwRbKI2pn4,Jab lgta hai zindgi mein mene kuch hag dia h fr ye video dekh leta hu ... mene toh kuc ni kia itna😅,2
15923,zzwRbKI2pn4,2:42 I never knew Dhruv Rathee is also in this song 😂,111
15924,zzwRbKI2pn4,"U ALL MFS DO KNOW THAT THIS IS ""NOT YOUTUBE VS TIKTOK"" BUT ""CARRY VS YOUTUBE and haters  """,4
15925,zzwRbKI2pn4,BhenChot Mast Hai,4
15926,zzwRbKI2pn4,Anyone watching on may ❤,3
15927,zzwRbKI2pn4,i see this video 15 march,4
15928,zzwRbKI2pn4,We need 2M comments❤. Come on 🔥,3
15929,zzwRbKI2pn4,Anyone watching in 2026 ❤️,6
15930,zzwRbKI2pn4,Bro it is evergold,8
15932,zzwRbKI2pn4,Fack vieww guntee 😂,1
15933,zzwRbKI2pn4,Carryminati is always  on fire.,3
15935,zzwRbKI2pn4,anyone watching on 1 April ❤,1
15936,zzwRbKI2pn4,Listening this again after watching not your type 😂Love this song so much ❤,1
15937,zzwRbKI2pn4,Not your type ki video dekh kar kon-kon ye gaana sune aaya hai ❤😂,0
15938,zzwRbKI2pn4,Full support my favourite carry bhaiya,0
15939,zzwRbKI2pn4,Rap song ❎ rost song ✅,3
15940,zzwRbKI2pn4,Legends watching on 14 march 2026,1
15941,zzwRbKI2pn4,Atendes from 14 march,1
15943,zzwRbKI2pn4,Anyone on 13 march,1
15944,zzwRbKI2pn4,anyone in Bangladesh,0
15945,zzwRbKI2pn4,Anyone 2026 Yalgaar 🔥🔥🔥🔥,1
15947,zzwRbKI2pn4,Next time try mat Krna 😂👎🏼,0
15950,zzwRbKI2pn4,Anyone in 2026😂,0
15951,zzwRbKI2pn4,Bhai nahi ho raha kya,0
15952,zzwRbKI2pn4,2026 watching 😂😂,0
15953,zzwRbKI2pn4,Anyone waching On 15 march,0
15955,zzwRbKI2pn4,Anyone watching on 15 March,1
15957,zzwRbKI2pn4,like % : 4.6%comment % : 5.5,0
15958,zzwRbKI2pn4,Legends watching on 13 march 2026 😅,55
15960,zzwRbKI2pn4,Anyone On 13th March?,1
15962,zzwRbKI2pn4,Anybody on 13 March???,1
15963,zzwRbKI2pn4,Present 🤚🏻13 March 26,0
15964,zzwRbKI2pn4,it was about damn time when this released. ALL OF US WERE MOVING!!!!!,0
15965,zzwRbKI2pn4,nga really thought ts was tuff LMAO,1
15966,zzwRbKI2pn4,Anyone Watching in 2026 March...😮,0
15967,zzwRbKI2pn4,bro rearly clamed yuotube,0
15968,zzwRbKI2pn4,"YouTube vs banned , made in china and faltu app tiktok 6 year anniversary coming so celebrate 🎉🎉🧁",1
15969,zzwRbKI2pn4,390 million views crossed ⚔️⚔️,3
15970,zzwRbKI2pn4,Anyone watching on 19 March ❤,3
15971,zzwRbKI2pn4,12/03/2026 ko kon kon dhek raha hai,0
15974,zzwRbKI2pn4,Anyone on 12 march 2026,3
15975,zzwRbKI2pn4,Yeah song toh m aapne family ko dedicate Karunga 😂 Yes u r reading it correctly 😂😂,1
15976,zzwRbKI2pn4,Record breaker,1
15978,zzwRbKI2pn4,Anyone on 11 march 🎉,0
15979,zzwRbKI2pn4,2:17 lessgo🔥🔥,0
15982,zzwRbKI2pn4,Anyone in 2026😂,19
15984,zzwRbKI2pn4,Bhai aura  +++++++++,0
15985,zzwRbKI2pn4,Anyone watching on 12 march 2026 😅,1
15986,zzwRbKI2pn4,Anyone 11/2/26......? ❤️‍🔥,1
15987,zzwRbKI2pn4,Naais song 😊,0
15988,zzwRbKI2pn4,Any one watching on 11th March ❤,4
15989,zzwRbKI2pn4,Anyone 2026,0
15991,zzwRbKI2pn4,Anyone In 2026?,1
15992,zzwRbKI2pn4,Who watching today😊,6
15993,zzwRbKI2pn4,9 years hogye controversy ko start hue ve,1
15995,zzwRbKI2pn4,Best song for Bass check 💥,1
15996,zzwRbKI2pn4,Sir what a song this song give me goosebumps,1
15998,zzwRbKI2pn4,🎉😂😊😊😊😊 Best song,0
16000,zzwRbKI2pn4,Me listening one day before accountancy board exam 💀📈,1
16001,zzwRbKI2pn4,Anyway during board exams,0
16002,zzwRbKI2pn4,392 million 🎉🎉🎉🎉,0
16004,zzwRbKI2pn4,Any one watching 10 march 2026,1
16006,zzwRbKI2pn4,Bhai On Fire ❤,0
16007,zzwRbKI2pn4,391 million 🎉,0
16009,zzwRbKI2pn4,Anyone here on 10th March 2026?,4
16010,zzwRbKI2pn4,1:34 is time par jisko goose bumps aya like karo,2
16012,zzwRbKI2pn4,2026 start 😂😅😊,1
16013,zzwRbKI2pn4,399 M is crossed  ❤ go for 400 M ❤,2
